experiment,step,epoch,token_avg_loss,loss,eval_loss,grad_norm,learning_rate,total_tokens,eval_runtime,eval_samples_per_second,eval_steps_per_second
sft_esm3_mlp_combined_qwen3_8b_it_0306_010408,10,0.0010366454154356502,3.2968,14.0037,,7.598205089569092,1.8e-05,72194,,,
sft_esm3_mlp_combined_qwen3_8b_it_0306_010408,20,0.0020732908308713003,2.4675,10.7019,,4.578925132751465,3.8e-05,74817,,,
sft_esm3_mlp_combined_qwen3_8b_it_0306_010408,30,0.0031099362463069507,2.0685,8.091,,2.9319872856140137,5.8e-05,63469,,,
sft_esm3_mlp_combined_qwen3_8b_it_0306_010408,40,0.004146581661742601,1.6048,6.1851,,1.9611071348190308,7.800000000000001e-05,78269,,,
sft_esm3_mlp_combined_qwen3_8b_it_0306_010408,50,0.005183227077178251,1.2563,4.9456,,1.1051414012908936,9.8e-05,60642,,,
sft_esm3_mlp_combined_qwen3_8b_it_0306_010408,60,0.0062198724926139015,1.1294,4.3119,,1.1458438634872437,0.000118,73002,,,
sft_esm3_mlp_combined_qwen3_8b_it_0306_010408,70,0.007256517908049552,1.0829,4.0224,,2.0976338386535645,0.000138,69577,,,
sft_esm3_mlp_combined_qwen3_8b_it_0306_010408,80,0.008293163323485201,0.9478,3.5449,,1.2269999980926514,0.00015800000000000002,62346,,,
sft_esm3_mlp_combined_qwen3_8b_it_0306_010408,90,0.009329808738920852,0.9466,3.3865,,0.9476935863494873,0.00017800000000000002,80803,,,
sft_esm3_mlp_combined_qwen3_8b_it_0306_010408,100,0.010366454154356502,0.9421,3.2921,,1.571097731590271,0.00019800000000000002,70533,,,
sft_esm3_mlp_combined_qwen3_8b_it_0306_010408,110,0.011403099569792153,0.7994,3.0191,,0.8391125202178955,0.00019999995194549538,69869,,,
sft_esm3_mlp_combined_qwen3_8b_it_0306_010408,120,0.012439744985227803,0.8119,3.1014,,0.7268391847610474,0.00019999978583121766,76191,,,
sft_esm3_mlp_combined_qwen3_8b_it_0306_010408,130,0.013476390400663453,0.8186,2.9216,,0.9109889268875122,0.0001999995010640984,62783,,,
sft_esm3_mlp_combined_qwen3_8b_it_0306_010408,140,0.014513035816099104,0.7743,2.8212,,0.7608497738838196,0.00019999909764447553,73272,,,
sft_esm3_mlp_combined_qwen3_8b_it_0306_010408,150,0.015549681231534754,0.7378,2.8312,,0.7619828581809998,0.0001999985755728277,69924,,,
sft_esm3_mlp_combined_qwen3_8b_it_0306_010408,160,0.016586326646970403,0.715,2.6433,,0.97300124168396,0.00019999793484977435,66760,,,
sft_esm3_mlp_combined_qwen3_8b_it_0306_010408,170,0.017622972062406053,0.7624,2.6854,,0.8970531821250916,0.00019999717547607574,75541,,,
sft_esm3_mlp_combined_qwen3_8b_it_0306_010408,180,0.018659617477841704,0.7968,2.7005,,1.0275262594223022,0.00019999629745263287,75306,,,
sft_esm3_mlp_combined_qwen3_8b_it_0306_010408,190,0.019696262893277354,0.6467,2.5376,,1.0152090787887573,0.00019999530078048755,61589,,,
sft_esm3_mlp_combined_qwen3_8b_it_0306_010408,200,0.020732908308713004,0.7328,2.6158,,1.00901198387146,0.00019999418546082237,74725,,,
sft_esm3_mlp_combined_qwen3_8b_it_0306_010408,210,0.021769553724148655,0.729,2.5923,,0.9876882433891296,0.00019999295149496064,64719,,,
sft_esm3_mlp_combined_qwen3_8b_it_0306_010408,220,0.022806199139584305,0.6494,2.4528,,0.8306147456169128,0.00019999159888436658,73771,,,
sft_esm3_mlp_combined_qwen3_8b_it_0306_010408,230,0.023842844555019956,0.7393,2.549,,0.8438383340835571,0.00019999012763064505,74489,,,
sft_esm3_mlp_combined_qwen3_8b_it_0306_010408,240,0.024879489970455606,0.5908,2.3879,,0.9675758481025696,0.00019998853773554176,63071,,,
sft_esm3_mlp_combined_qwen3_8b_it_0306_010408,250,0.025916135385891256,0.6671,2.4462,,0.74718177318573,0.00019998682920094318,75725,,,
sft_esm3_mlp_combined_qwen3_8b_it_0306_010408,250,0.025916135385891256,0.8358,,0.6687129139900208,,,66309,63.5714,78.652,2.47
sft_esm3_mlp_combined_qwen3_8b_it_0306_010408,260,0.026952780801326907,0.6663,2.5135,,1.0736438035964966,0.00019998500202887651,68423,,,
sft_esm3_mlp_combined_qwen3_8b_it_0306_010408,270,0.027989426216762557,0.5981,2.317,,0.8767987489700317,0.00019998305622150975,65863,,,
sft_esm3_mlp_combined_qwen3_8b_it_0306_010408,280,0.029026071632198207,0.674,2.3539,,0.8951513171195984,0.00019998099178115172,78002,,,
sft_esm3_mlp_combined_qwen3_8b_it_0306_010408,290,0.030062717047633858,0.5849,2.3343,,1.0061440467834473,0.00019997880871025183,59090,,,
sft_esm3_mlp_combined_qwen3_8b_it_0306_010408,300,0.03109936246306951,0.6552,2.3348,,0.8502384424209595,0.00019997650701140046,77804,,,
sft_esm3_mlp_combined_qwen3_8b_it_0306_010408,310,0.03213600787850516,0.6989,2.4276,,0.9384231567382812,0.00019997408668732857,68103,,,
sft_esm3_mlp_combined_qwen3_8b_it_0306_010408,320,0.033172653293940806,0.5614,2.2103,,0.9951086640357971,0.00019997154774090804,64656,,,
sft_esm3_mlp_combined_qwen3_8b_it_0306_010408,330,0.03420929870937646,0.6702,2.2929,,0.9693378210067749,0.00019996889017515133,77019,,,
sft_esm3_mlp_combined_qwen3_8b_it_0306_010408,340,0.035245944124812106,0.6375,2.3792,,0.7821496725082397,0.00019996611399321178,58529,,,
sft_esm3_mlp_combined_qwen3_8b_it_0306_010408,350,0.03628258954024776,0.6132,2.1634,,0.8746756315231323,0.00019996321919838334,74608,,,
sft_esm3_mlp_combined_qwen3_8b_it_0306_010408,360,0.03731923495568341,0.6782,2.3439,,0.8419066071510315,0.00019996020579410084,78408,,,
sft_esm3_mlp_combined_qwen3_8b_it_0306_010408,370,0.03835588037111906,0.5353,2.1935,,0.9604744911193848,0.0001999570737839398,62544,,,
sft_esm3_mlp_combined_qwen3_8b_it_0306_010408,380,0.03939252578655471,0.6343,2.2549,,0.8120729923248291,0.00019995382317161635,76872,,,
sft_esm3_mlp_combined_qwen3_8b_it_0306_010408,390,0.04042917120199036,0.6512,2.251,,0.8403823971748352,0.00019995045396098754,63766,,,
sft_esm3_mlp_combined_qwen3_8b_it_0306_010408,400,0.04146581661742601,0.5558,2.1639,,0.7751495838165283,0.000199946966156051,67233,,,
sft_esm3_mlp_combined_qwen3_8b_it_0306_010408,410,0.04250246203286166,0.6324,2.2611,,0.8064130544662476,0.00019994335976094508,72594,,,
sft_esm3_mlp_combined_qwen3_8b_it_0306_010408,420,0.04353910744829731,0.6393,2.1521,,0.8495028614997864,0.00019993963477994898,64792,,,
sft_esm3_mlp_combined_qwen3_8b_it_0306_010408,430,0.04457575286373296,0.5754,2.1776,,0.7848242521286011,0.00019993579121748242,74625,,,
sft_esm3_mlp_combined_qwen3_8b_it_0306_010408,440,0.04561239827916861,0.6721,2.1916,,0.7729842066764832,0.0001999318290781059,80700,,,
sft_esm3_mlp_combined_qwen3_8b_it_0306_010408,450,0.04664904369460426,0.541,2.1087,,0.8105106353759766,0.00019992774836652066,65227,,,
sft_esm3_mlp_combined_qwen3_8b_it_0306_010408,460,0.04768568911003991,0.6374,2.1219,,0.7091825604438782,0.00019992354908756862,76435,,,
sft_esm3_mlp_combined_qwen3_8b_it_0306_010408,470,0.04872233452547556,0.6142,2.1816,,0.7764213681221008,0.00019991923124623227,65943,,,
sft_esm3_mlp_combined_qwen3_8b_it_0306_010408,480,0.04975897994091121,0.5312,2.0824,,0.8285860419273376,0.00019991479484763493,68451,,,
sft_esm3_mlp_combined_qwen3_8b_it_0306_010408,490,0.05079562535634686,0.6421,2.1535,,0.7432283163070679,0.0001999102398970405,75034,,,
sft_esm3_mlp_combined_qwen3_8b_it_0306_010408,500,0.05183227077178251,0.5131,2.0326,,0.883019745349884,0.00019990556639985362,62412,,,
sft_esm3_mlp_combined_qwen3_8b_it_0306_010408,500,0.05183227077178251,0.7129,,0.5771343111991882,,,64167,52.0375,96.085,3.017
sft_esm3_mlp_combined_qwen3_8b_it_0306_010408,510,0.05286891618721816,0.576,2.1206,,0.8502086997032166,0.00019990077436161943,74341,,,
sft_esm3_mlp_combined_qwen3_8b_it_0306_010408,520,0.05390556160265381,0.6138,2.1258,,0.8382449150085449,0.0001998958637880239,69282,,,
sft_esm3_mlp_combined_qwen3_8b_it_0306_010408,530,0.05494220701808946,0.4966,2.0091,,0.7720311284065247,0.0001998908346848936,67963,,,
sft_esm3_mlp_combined_qwen3_8b_it_0306_010408,540,0.055978852433525114,0.6005,2.0443,,0.7121484279632568,0.00019988568705819567,75810,,,
sft_esm3_mlp_combined_qwen3_8b_it_0306_010408,550,0.05701549784896076,0.5518,2.0849,,0.9054607152938843,0.00019988042091403796,64144,,,
sft_esm3_mlp_combined_qwen3_8b_it_0306_010408,560,0.058052143264396415,0.5654,1.995,,0.7304033637046814,0.0001998750362586689,76009,,,
sft_esm3_mlp_combined_qwen3_8b_it_0306_010408,570,0.05908878867983206,0.6498,2.0956,,0.7534503936767578,0.00019986953309847753,73032,,,
sft_esm3_mlp_combined_qwen3_8b_it_0306_010408,580,0.060125434095267716,0.4793,2.0098,,0.990382969379425,0.00019986391143999354,63774,,,
sft_esm3_mlp_combined_qwen3_8b_it_0306_010408,590,0.06116207951070336,0.6009,2.0708,,0.6658580303192139,0.00019985817128988722,74257,,,
sft_esm3_mlp_combined_qwen3_8b_it_0306_010408,600,0.06219872492613902,0.5874,2.1685,,1.1560192108154297,0.0001998523126549694,70867,,,
sft_esm3_mlp_combined_qwen3_8b_it_0306_010408,610,0.06323537034157467,0.558,1.9597,,0.983272910118103,0.00019984633554219158,68248,,,
sft_esm3_mlp_combined_qwen3_8b_it_0306_010408,620,0.06427201575701032,0.6117,2.1216,,0.7362613677978516,0.00019984023995864574,73059,,,
sft_esm3_mlp_combined_qwen3_8b_it_0306_010408,630,0.06530866117244596,0.5446,2.0127,,0.8124113082885742,0.00019983402591156448,61408,,,
sft_esm3_mlp_combined_qwen3_8b_it_0306_010408,640,0.06634530658788161,0.5969,1.9354,,0.729324996471405,0.00019982769340832102,80420,,,
sft_esm3_mlp_combined_qwen3_8b_it_0306_010408,650,0.06738195200331727,0.5516,2.0989,,0.7392311096191406,0.00019982124245642897,63312,,,
sft_esm3_mlp_combined_qwen3_8b_it_0306_010408,660,0.06841859741875292,0.5028,1.9254,,0.7492659091949463,0.00019981467306354268,68873,,,
sft_esm3_mlp_combined_qwen3_8b_it_0306_010408,670,0.06945524283418857,0.612,2.0744,,0.727456271648407,0.0001998079852374569,78413,,,
sft_esm3_mlp_combined_qwen3_8b_it_0306_010408,680,0.07049188824962421,0.5426,2.0233,,0.7283622622489929,0.00019980117898610693,65728,,,
sft_esm3_mlp_combined_qwen3_8b_it_0306_010408,690,0.07152853366505986,0.5317,1.8661,,0.7862714529037476,0.0001997942543175686,74518,,,
sft_esm3_mlp_combined_qwen3_8b_it_0306_010408,700,0.07256517908049552,0.542,2.0843,,0.6945693492889404,0.00019978721124005829,69824,,,
sft_esm3_mlp_combined_qwen3_8b_it_0306_010408,710,0.07360182449593117,0.4946,1.9261,,0.8253354430198669,0.00019978004976193276,62654,,,
sft_esm3_mlp_combined_qwen3_8b_it_0306_010408,720,0.07463846991136681,0.581,1.9868,,0.6637102365493774,0.00019977276989168935,77333,,,
sft_esm3_mlp_combined_qwen3_8b_it_0306_010408,730,0.07567511532680246,0.5186,2.0403,,0.7598875164985657,0.0001997653716379659,64629,,,
sft_esm3_mlp_combined_qwen3_8b_it_0306_010408,740,0.07671176074223812,0.4659,1.8606,,0.8395771980285645,0.0001997578550095406,66831,,,
sft_esm3_mlp_combined_qwen3_8b_it_0306_010408,750,0.07774840615767377,0.6103,1.9454,,0.7267850637435913,0.0001997502200153322,78830,,,
sft_esm3_mlp_combined_qwen3_8b_it_0306_010408,750,0.07774840615767377,0.7003,,0.5320937037467957,,,64660,51.7495,96.619,3.034
sft_esm3_mlp_combined_qwen3_8b_it_0306_010408,760,0.07878505157310942,0.4464,1.9302,,0.9570785164833069,0.00019974246666439984,61889,,,
sft_esm3_mlp_combined_qwen3_8b_it_0306_010408,770,0.07982169698854506,0.6174,1.8791,,0.7742958664894104,0.00019973459496594313,82867,,,
sft_esm3_mlp_combined_qwen3_8b_it_0306_010408,780,0.08085834240398072,0.5435,2.0179,,0.6910203099250793,0.00019972660492930208,63349,,,
sft_esm3_mlp_combined_qwen3_8b_it_0306_010408,790,0.08189498781941637,0.4807,1.8071,,0.8335652947425842,0.0001997184965639571,70726,,,
sft_esm3_mlp_combined_qwen3_8b_it_0306_010408,800,0.08293163323485202,0.6281,1.9822,,0.7023150324821472,0.000199710269879529,78975,,,
sft_esm3_mlp_combined_qwen3_8b_it_0306_010408,810,0.08396827865028766,0.568,1.9376,,0.7006340622901917,0.00019970192488577904,64325,,,
sft_esm3_mlp_combined_qwen3_8b_it_0306_010408,820,0.08500492406572333,0.5507,1.8592,,0.7141260504722595,0.00019969346159260875,74899,,,
sft_esm3_mlp_combined_qwen3_8b_it_0306_010408,830,0.08604156948115897,0.5265,2.0219,,0.7155256271362305,0.00019968488001006018,69135,,,
sft_esm3_mlp_combined_qwen3_8b_it_0306_010408,840,0.08707821489659462,0.475,1.8624,,0.9267891645431519,0.0001996761801483156,65757,,,
sft_esm3_mlp_combined_qwen3_8b_it_0306_010408,850,0.08811486031203027,0.5808,1.8863,,0.7530514001846313,0.00019966736201769764,80053,,,
sft_esm3_mlp_combined_qwen3_8b_it_0306_010408,860,0.08915150572746593,0.5466,2.0027,,0.6936579942703247,0.00019965842562866932,64746,,,
sft_esm3_mlp_combined_qwen3_8b_it_0306_010408,870,0.09018815114290157,0.4981,1.8239,,0.865389347076416,0.0001996493709918339,67781,,,
sft_esm3_mlp_combined_qwen3_8b_it_0306_010408,880,0.09122479655833722,0.5309,1.9505,,0.6569825410842896,0.00019964019811793504,74780,,,
sft_esm3_mlp_combined_qwen3_8b_it_0306_010408,890,0.09226144197377287,0.5515,1.9227,,0.9475608468055725,0.0001996309070178566,65613,,,
sft_esm3_mlp_combined_qwen3_8b_it_0306_010408,900,0.09329808738920851,0.501,1.8612,,0.6945027112960815,0.00019962149770262277,76748,,,
sft_esm3_mlp_combined_qwen3_8b_it_0306_010408,910,0.09433473280464418,0.4725,2.0147,,0.7207450270652771,0.000199611970183398,67158,,,
sft_esm3_mlp_combined_qwen3_8b_it_0306_010408,920,0.09537137822007982,0.5113,1.8011,,0.7303964495658875,0.00019960232447148698,65668,,,
sft_esm3_mlp_combined_qwen3_8b_it_0306_010408,930,0.09640802363551547,0.5743,1.9352,,0.7189365029335022,0.00019959256057833468,75408,,,
sft_esm3_mlp_combined_qwen3_8b_it_0306_010408,940,0.09744466905095112,0.564,1.9573,,1.0661983489990234,0.0001995826785155262,69738,,,
sft_esm3_mlp_combined_qwen3_8b_it_0306_010408,950,0.09848131446638678,0.509,1.8217,,0.8795206546783447,0.00019957267829478695,70933,,,
sft_esm3_mlp_combined_qwen3_8b_it_0306_010408,960,0.09951795988182242,0.495,1.9686,,0.5997219085693359,0.0001995625599279825,69406,,,
sft_esm3_mlp_combined_qwen3_8b_it_0306_010408,970,0.10055460529725807,0.5023,1.7828,,0.7824118733406067,0.00019955232342711856,65195,,,
sft_esm3_mlp_combined_qwen3_8b_it_0306_010408,980,0.10159125071269372,0.5242,1.86,,0.7362295985221863,0.00019954196880434113,73206,,,
sft_esm3_mlp_combined_qwen3_8b_it_0306_010408,990,0.10262789612812938,0.5243,1.9206,,0.6840612292289734,0.00019953149607193624,69762,,,
sft_esm3_mlp_combined_qwen3_8b_it_0306_010408,1000,0.10366454154356503,0.5371,1.7712,,0.7092055082321167,0.00019952090524233014,68923,,,
sft_esm3_mlp_combined_qwen3_8b_it_0306_010408,1000,0.10366454154356503,0.6482,,0.4988367557525635,,,64406,51.8005,96.524,3.031
sft_esm3_mlp_combined_qwen3_8b_it_0306_010408,1010,0.10470118695900067,0.4901,1.915,,0.6061840653419495,0.00019951019632808917,70080,,,
sft_esm3_mlp_combined_qwen3_8b_it_0306_010408,1020,0.10573783237443632,0.6172,1.8719,,0.7199432849884033,0.00019949936934191977,68616,,,
sft_esm3_mlp_combined_qwen3_8b_it_0306_010408,1030,0.10677447778987198,0.5073,1.7997,,0.6785241365432739,0.0001994884242966685,71547,,,
sft_esm3_mlp_combined_qwen3_8b_it_0306_010408,1040,0.10781112320530763,0.5374,1.9253,,0.6107747554779053,0.00019947736120532201,71698,,,
sft_esm3_mlp_combined_qwen3_8b_it_0306_010408,1050,0.10884776862074327,0.5537,1.8137,,1.0984818935394287,0.000199466180081007,67610,,,
sft_esm3_mlp_combined_qwen3_8b_it_0306_010408,1060,0.10988441403617892,0.5532,1.9318,,0.7486489415168762,0.0001994548809369902,75053,,,
sft_esm3_mlp_combined_qwen3_8b_it_0306_010408,1070,0.11092105945161458,0.5995,1.8903,,0.7648125886917114,0.0001994434637866784,67948,,,
sft_esm3_mlp_combined_qwen3_8b_it_0306_010408,1080,0.11195770486705023,0.5136,1.7595,,0.7651745676994324,0.0001994319286436184,72946,,,
sft_esm3_mlp_combined_qwen3_8b_it_0306_010408,1090,0.11299435028248588,0.5054,1.9022,,0.5954151749610901,0.00019942027552149704,73388,,,
sft_esm3_mlp_combined_qwen3_8b_it_0306_010408,1100,0.11403099569792152,0.57,1.8466,,0.7044882774353027,0.00019940850443414106,69124,,,
sft_esm3_mlp_combined_qwen3_8b_it_0306_010408,1110,0.11506764111335718,0.4479,1.7724,,0.5729681253433228,0.00019939661539551727,72459,,,
sft_esm3_mlp_combined_qwen3_8b_it_0306_010408,1120,0.11610428652879283,0.5073,1.7996,,0.6768608689308167,0.00019938460841973233,75160,,,
sft_esm3_mlp_combined_qwen3_8b_it_0306_010408,1130,0.11714093194422848,0.4837,1.761,,0.7756224870681763,0.00019937248352103293,68025,,,
sft_esm3_mlp_combined_qwen3_8b_it_0306_010408,1140,0.11817757735966412,0.469,1.8572,,0.6606464982032776,0.0001993602407138056,70204,,,
sft_esm3_mlp_combined_qwen3_8b_it_0306_010408,1150,0.11921422277509977,0.5218,1.8256,,1.217366099357605,0.00019934788001257686,73145,,,
sft_esm3_mlp_combined_qwen3_8b_it_0306_010408,1160,0.12025086819053543,0.5191,1.739,,0.8416107892990112,0.00019933540143201299,70133,,,
sft_esm3_mlp_combined_qwen3_8b_it_0306_010408,1170,0.12128751360597108,0.5272,1.9158,,0.5926351547241211,0.0001993228049869203,71833,,,
sft_esm3_mlp_combined_qwen3_8b_it_0306_010408,1180,0.12232415902140673,0.5528,1.785,,0.7487099766731262,0.00019931009069224477,68666,,,
sft_esm3_mlp_combined_qwen3_8b_it_0306_010408,1190,0.12336080443684237,0.4975,1.7781,,0.6678456664085388,0.0001992972585630724,75502,,,
sft_esm3_mlp_combined_qwen3_8b_it_0306_010408,1200,0.12439744985227803,0.5033,1.8282,,0.6739287972450256,0.00019928430861462885,69149,,,
sft_esm3_mlp_combined_qwen3_8b_it_0306_010408,1210,0.12543409526771368,0.4547,1.6924,,0.8177048563957214,0.0001992712408622796,66863,,,
sft_esm3_mlp_combined_qwen3_8b_it_0306_010408,1220,0.12647074068314934,0.5365,1.849,,0.6689705848693848,0.00019925805532153005,72031,,,
sft_esm3_mlp_combined_qwen3_8b_it_0306_010408,1230,0.12750738609858497,0.5636,1.8669,,0.7194206714630127,0.00019924475200802517,73335,,,
sft_esm3_mlp_combined_qwen3_8b_it_0306_010408,1240,0.12854403151402063,0.4676,1.7667,,0.6434730291366577,0.0001992313309375498,64643,,,
sft_esm3_mlp_combined_qwen3_8b_it_0306_010408,1250,0.12958067692945627,0.4985,1.8154,,0.6916182041168213,0.0001992177921260284,71825,,,
sft_esm3_mlp_combined_qwen3_8b_it_0306_010408,1250,0.12958067692945627,0.6121,,0.478902667760849,,,61236,53.112,94.141,2.956
sft_esm3_mlp_combined_qwen3_8b_it_0306_010408,1260,0.13061732234489193,0.461,1.7326,,0.8545060753822327,0.00019920413558952523,67401,,,
sft_esm3_mlp_combined_qwen3_8b_it_0306_010408,1270,0.1316539677603276,0.4648,1.7578,,0.6922927498817444,0.00019919036134424415,72642,,,
sft_esm3_mlp_combined_qwen3_8b_it_0306_010408,1280,0.13269061317576322,0.602,1.837,,0.5982839465141296,0.0001991764694065288,76250,,,
sft_esm3_mlp_combined_qwen3_8b_it_0306_010408,1290,0.13372725859119888,0.4379,1.7102,,0.728273332118988,0.00019916245979286236,62752,,,
sft_esm3_mlp_combined_qwen3_8b_it_0306_010408,1300,0.13476390400663454,0.5002,1.814,,0.5988628268241882,0.00019914833251986764,74094,,,
sft_esm3_mlp_combined_qwen3_8b_it_0306_010408,1310,0.13580054942207018,0.5233,1.8747,,0.703936755657196,0.00019913408760430712,67095,,,
sft_esm3_mlp_combined_qwen3_8b_it_0306_010408,1320,0.13683719483750584,0.4375,1.7156,,0.7485374808311462,0.00019911972506308283,68239,,,
sft_esm3_mlp_combined_qwen3_8b_it_0306_010408,1330,0.13787384025294147,0.5862,1.8128,,0.6652365326881409,0.00019910524491323638,77748,,,
sft_esm3_mlp_combined_qwen3_8b_it_0306_010408,1340,0.13891048566837713,0.3974,1.7508,,0.7511788606643677,0.00019909064717194886,59347,,,
sft_esm3_mlp_combined_qwen3_8b_it_0306_010408,1350,0.1399471310838128,0.4939,1.7886,,0.6251723766326904,0.00019907593185654104,78802,,,
sft_esm3_mlp_combined_qwen3_8b_it_0306_010408,1360,0.14098377649924843,0.548,1.8584,,0.6464528441429138,0.00019906109898447299,70205,,,
sft_esm3_mlp_combined_qwen3_8b_it_0306_010408,1370,0.1420204219146841,0.4334,1.7375,,0.8200892806053162,0.00019904614857334444,65740,,,
sft_esm3_mlp_combined_qwen3_8b_it_0306_010408,1380,0.14305706733011972,0.5131,1.7514,,0.6091346144676208,0.0001990310806408945,75687,,,
sft_esm3_mlp_combined_qwen3_8b_it_0306_010408,1390,0.14409371274555538,0.4856,1.8151,,0.694347083568573,0.0001990158952050017,65314,,,
sft_esm3_mlp_combined_qwen3_8b_it_0306_010408,1400,0.14513035816099104,0.4573,1.7097,,0.6623088121414185,0.00019900059228368413,70389,,,
sft_esm3_mlp_combined_qwen3_8b_it_0306_010408,1410,0.14616700357642667,0.5873,1.7932,,0.5953468084335327,0.00019898517189509909,78859,,,
sft_esm3_mlp_combined_qwen3_8b_it_0306_010408,1420,0.14720364899186233,0.4654,1.7638,,0.7936296463012695,0.00019896963405754335,60465,,,
sft_esm3_mlp_combined_qwen3_8b_it_0306_010408,1430,0.148240294407298,0.4998,1.6823,,0.6534949541091919,0.0001989539787894531,78692,,,
sft_esm3_mlp_combined_qwen3_8b_it_0306_010408,1440,0.14927693982273363,0.4743,1.8764,,0.7372329831123352,0.00019893820610940375,63377,,,
sft_esm3_mlp_combined_qwen3_8b_it_0306_010408,1450,0.1503135852381693,0.4526,1.6609,,0.6888936161994934,0.00019892231603611007,69816,,,
sft_esm3_mlp_combined_qwen3_8b_it_0306_010408,1460,0.15135023065360492,0.5098,1.7727,,0.5807368159294128,0.00019890630858842613,77782,,,
sft_esm3_mlp_combined_qwen3_8b_it_0306_010408,1470,0.15238687606904058,0.4481,1.806,,0.8087381720542908,0.00019889018378534527,59141,,,
sft_esm3_mlp_combined_qwen3_8b_it_0306_010408,1480,0.15342352148447624,0.4837,1.6816,,0.7055342197418213,0.0001988739416460001,74639,,,
sft_esm3_mlp_combined_qwen3_8b_it_0306_010408,1490,0.15446016689991188,0.5122,1.7885,,0.5841509103775024,0.00019885758218966238,72476,,,
sft_esm3_mlp_combined_qwen3_8b_it_0306_010408,1500,0.15549681231534754,0.425,1.7079,,0.7570723295211792,0.0001988411054357431,63700,,,
sft_esm3_mlp_combined_qwen3_8b_it_0306_010408,1500,0.15549681231534754,0.5703,,0.46813926100730896,,,63107,51.653,96.8,3.04
sft_esm3_mlp_combined_qwen3_8b_it_0306_010408,1510,0.1565334577307832,0.5408,1.7155,,0.6262417435646057,0.00019882451140379245,79507,,,
sft_esm3_mlp_combined_qwen3_8b_it_0306_010408,1520,0.15757010314621883,0.4505,1.8833,,0.776981770992279,0.00019880780011349977,61063,,,
sft_esm3_mlp_combined_qwen3_8b_it_0306_010408,1530,0.1586067485616545,0.4386,1.656,,0.6885315179824829,0.00019879097158469354,68843,,,
sft_esm3_mlp_combined_qwen3_8b_it_0306_010408,1540,0.15964339397709013,0.557,1.7687,,0.5667031407356262,0.00019877402583734133,75173,,,
sft_esm3_mlp_combined_qwen3_8b_it_0306_010408,1550,0.1606800393925258,0.439,1.7258,,0.840660572052002,0.00019875696289154977,60008,,,
sft_esm3_mlp_combined_qwen3_8b_it_0306_010408,1560,0.16171668480796145,0.5329,1.6764,,0.620904803276062,0.00019873978276756455,79656,,,
sft_esm3_mlp_combined_qwen3_8b_it_0306_010408,1570,0.16275333022339708,0.48,1.7797,,0.6259306073188782,0.00019872248548577048,70415,,,
sft_esm3_mlp_combined_qwen3_8b_it_0306_010408,1580,0.16378997563883274,0.4801,1.6889,,0.8286176919937134,0.0001987050710666913,69338,,,
sft_esm3_mlp_combined_qwen3_8b_it_0306_010408,1590,0.16482662105426837,0.4992,1.7875,,0.6463592648506165,0.00019868753953098973,74064,,,
sft_esm3_mlp_combined_qwen3_8b_it_0306_010408,1600,0.16586326646970403,0.507,1.766,,0.6497504711151123,0.00019866989089946748,67438,,,
sft_esm3_mlp_combined_qwen3_8b_it_0306_010408,1610,0.1668999118851397,0.4859,1.672,,0.6135083436965942,0.00019865212519306523,73177,,,
sft_esm3_mlp_combined_qwen3_8b_it_0306_010408,1620,0.16793655730057533,0.429,1.7703,,0.6345811486244202,0.00019863424243286252,70432,,,
sft_esm3_mlp_combined_qwen3_8b_it_0306_010408,1630,0.168973202716011,0.5399,1.7189,,0.7583489418029785,0.00019861624264007785,63824,,,
sft_esm3_mlp_combined_qwen3_8b_it_0306_010408,1640,0.17000984813144665,0.5138,1.7909,,0.6818904876708984,0.00019859812583606842,70229,,,
sft_esm3_mlp_combined_qwen3_8b_it_0306_010408,1650,0.17104649354688228,0.5283,1.7437,,0.5658188462257385,0.0001985798920423305,74734,,,
sft_esm3_mlp_combined_qwen3_8b_it_0306_010408,1660,0.17208313896231794,0.4079,1.6707,,0.6629351377487183,0.00019856154128049898,65221,,,
sft_esm3_mlp_combined_qwen3_8b_it_0306_010408,1670,0.17311978437775358,0.5294,1.6762,,0.5747819542884827,0.0001985430735723476,78059,,,
sft_esm3_mlp_combined_qwen3_8b_it_0306_010408,1680,0.17415642979318924,0.4653,1.8074,,0.7354751229286194,0.0001985244889397889,63067,,,
sft_esm3_mlp_combined_qwen3_8b_it_0306_010408,1690,0.1751930752086249,0.4277,1.5974,,0.6773425340652466,0.00019850578740487413,74317,,,
sft_esm3_mlp_combined_qwen3_8b_it_0306_010408,1700,0.17622972062406053,0.5035,1.7616,,0.568976879119873,0.00019848696898979319,69595,,,
sft_esm3_mlp_combined_qwen3_8b_it_0306_010408,1710,0.1772663660394962,0.455,1.6645,,0.6456495523452759,0.0001984680337168748,62734,,,
sft_esm3_mlp_combined_qwen3_8b_it_0306_010408,1720,0.17830301145493185,0.5373,1.6758,,0.644303023815155,0.00019844898160858616,80860,,,
sft_esm3_mlp_combined_qwen3_8b_it_0306_010408,1730,0.1793396568703675,0.4916,1.8063,,0.6506118178367615,0.0001984298126875332,66530,,,
sft_esm3_mlp_combined_qwen3_8b_it_0306_010408,1740,0.18037630228580315,0.4531,1.627,,0.6496635675430298,0.00019841052697646045,71630,,,
sft_esm3_mlp_combined_qwen3_8b_it_0306_010408,1750,0.18141294770123878,0.5221,1.762,,0.5950310230255127,0.00019839112449825103,72425,,,
sft_esm3_mlp_combined_qwen3_8b_it_0306_010408,1750,0.18141294770123878,0.5778,,0.4569070637226105,,,62846,54.1413,92.351,2.9
sft_esm3_mlp_combined_qwen3_8b_it_0306_010408,1760,0.18244959311667444,0.4951,1.7125,,0.6920062899589539,0.00019837160527592658,66539,,,
sft_esm3_mlp_combined_qwen3_8b_it_0306_010408,1770,0.1834862385321101,0.4573,1.6378,,0.6171823143959045,0.0001983519693326472,75986,,,
sft_esm3_mlp_combined_qwen3_8b_it_0306_010408,1780,0.18452288394754573,0.5422,1.8146,,0.6371109485626221,0.00019833221669171162,69320,,,
sft_esm3_mlp_combined_qwen3_8b_it_0306_010408,1790,0.1855595293629814,0.4142,1.6286,,0.6508997678756714,0.0001983123473765569,65530,,,
sft_esm3_mlp_combined_qwen3_8b_it_0306_010408,1800,0.18659617477841703,0.5323,1.6548,,0.6336105465888977,0.00019829236141075867,79377,,,
sft_esm3_mlp_combined_qwen3_8b_it_0306_010408,1810,0.1876328201938527,0.4935,1.787,,0.6687286496162415,0.0001982722588180308,68531,,,
sft_esm3_mlp_combined_qwen3_8b_it_0306_010408,1820,0.18866946560928835,0.4133,1.6607,,0.6138908863067627,0.00019825203962222572,68621,,,
sft_esm3_mlp_combined_qwen3_8b_it_0306_010408,1830,0.18970611102472398,0.541,1.7583,,0.527335524559021,0.00019823170384733406,75906,,,
sft_esm3_mlp_combined_qwen3_8b_it_0306_010408,1840,0.19074275644015964,0.4042,1.7151,,0.723913311958313,0.00019821125151748493,62656,,,
sft_esm3_mlp_combined_qwen3_8b_it_0306_010408,1850,0.1917794018555953,0.4936,1.6622,,0.6396729350090027,0.0001981906826569456,78845,,,
sft_esm3_mlp_combined_qwen3_8b_it_0306_010408,1860,0.19281604727103094,0.4646,1.81,,0.7689152359962463,0.00019816999729012168,64727,,,
sft_esm3_mlp_combined_qwen3_8b_it_0306_010408,1870,0.1938526926864666,0.4435,1.6245,,0.6804531216621399,0.00019814919544155696,69079,,,
sft_esm3_mlp_combined_qwen3_8b_it_0306_010408,1880,0.19488933810190223,0.4732,1.7327,,0.641761064529419,0.00019812827713593353,71731,,,
sft_esm3_mlp_combined_qwen3_8b_it_0306_010408,1890,0.1959259835173379,0.4599,1.6663,,0.7375545501708984,0.00019810724239807158,70147,,,
sft_esm3_mlp_combined_qwen3_8b_it_0306_010408,1900,0.19696262893277355,0.4394,1.5903,,0.7022842764854431,0.00019808609125292946,74812,,,
sft_esm3_mlp_combined_qwen3_8b_it_0306_010408,1910,0.1979992743482092,0.4519,1.7746,,0.6241915225982666,0.0001980648237256037,65131,,,
sft_esm3_mlp_combined_qwen3_8b_it_0306_010408,1920,0.19903591976364485,0.4365,1.6212,,0.82956463098526,0.00019804343984132885,64428,,,
sft_esm3_mlp_combined_qwen3_8b_it_0306_010408,1930,0.2000725651790805,0.5173,1.714,,0.6481196284294128,0.00019802193962547757,82345,,,
sft_esm3_mlp_combined_qwen3_8b_it_0306_010408,1940,0.20110921059451614,0.446,1.7551,,0.5794398188591003,0.0001980003231035605,65351,,,
sft_esm3_mlp_combined_qwen3_8b_it_0306_010408,1950,0.2021458560099518,0.4324,1.6407,,0.6686264276504517,0.00019797859030122635,68499,,,
sft_esm3_mlp_combined_qwen3_8b_it_0306_010408,1960,0.20318250142538744,0.4759,1.7499,,0.6019099354743958,0.00019795674124426174,72904,,,
sft_esm3_mlp_combined_qwen3_8b_it_0306_010408,1970,0.2042191468408231,0.4849,1.6853,,0.6358875632286072,0.00019793477595859125,74175,,,
sft_esm3_mlp_combined_qwen3_8b_it_0306_010408,1980,0.20525579225625876,0.4292,1.6172,,0.6271407008171082,0.00019791269447027739,66013,,,
sft_esm3_mlp_combined_qwen3_8b_it_0306_010408,1990,0.2062924376716944,0.4642,1.7569,,0.5699418187141418,0.0001978904968055205,69487,,,
sft_esm3_mlp_combined_qwen3_8b_it_0306_010408,2000,0.20732908308713005,0.4431,1.5576,,0.824497640132904,0.00019786818299065884,67009,,,
sft_esm3_mlp_combined_qwen3_8b_it_0306_010408,2000,0.20732908308713005,0.5773,,0.4440760910511017,,,62840,51.9192,96.303,3.024
sft_esm3_mlp_combined_qwen3_8b_it_0306_010408,2010,0.20836572850256568,0.4451,1.7143,,0.5709652900695801,0.00019784575305216838,69875,,,
sft_esm3_mlp_combined_qwen3_8b_it_0306_010408,2020,0.20940237391800134,0.4962,1.7029,,0.6852856278419495,0.00019782320701666303,68642,,,
sft_esm3_mlp_combined_qwen3_8b_it_0306_010408,2030,0.210439019333437,0.4284,1.5754,,0.6364147663116455,0.00019780054491089425,71721,,,
sft_esm3_mlp_combined_qwen3_8b_it_0306_010408,2040,0.21147566474887264,0.5015,1.7434,,0.5588940382003784,0.00019777776676175142,71570,,,
sft_esm3_mlp_combined_qwen3_8b_it_0306_010408,2050,0.2125123101643083,0.5145,1.6866,,0.6777424812316895,0.00019775487259626146,66879,,,
sft_esm3_mlp_combined_qwen3_8b_it_0306_010408,2060,0.21354895557974396,0.4379,1.6365,,0.6028539538383484,0.00019773186244158905,71887,,,
sft_esm3_mlp_combined_qwen3_8b_it_0306_010408,2070,0.2145856009951796,0.475,1.6731,,0.5631822347640991,0.00019770873632503642,70619,,,
sft_esm3_mlp_combined_qwen3_8b_it_0306_010408,2080,0.21562224641061525,0.4512,1.5973,,0.6185286045074463,0.00019768549427404342,67430,,,
sft_esm3_mlp_combined_qwen3_8b_it_0306_010408,2090,0.2166588918260509,0.4226,1.7079,,0.5743542909622192,0.00019766213631618746,69508,,,
sft_esm3_mlp_combined_qwen3_8b_it_0306_010408,2100,0.21769553724148655,0.5107,1.6906,,0.6394733786582947,0.00019763866247918355,71650,,,
sft_esm3_mlp_combined_qwen3_8b_it_0306_010408,2110,0.2187321826569222,0.3738,1.57,,0.5991103649139404,0.00019761507279088402,64477,,,
sft_esm3_mlp_combined_qwen3_8b_it_0306_010408,2120,0.21976882807235784,0.431,1.68,,0.5773212313652039,0.00019759136727927885,71208,,,
sft_esm3_mlp_combined_qwen3_8b_it_0306_010408,2130,0.2208054734877935,0.5253,1.6819,,0.7491353154182434,0.0001975675459724953,66813,,,
sft_esm3_mlp_combined_qwen3_8b_it_0306_010408,2140,0.22184211890322916,0.4702,1.6608,,0.5846356749534607,0.00019754360889879814,72011,,,
sft_esm3_mlp_combined_qwen3_8b_it_0306_010408,2150,0.2228787643186648,0.4801,1.6656,,0.5765239596366882,0.0001975195560865894,73789,,,
sft_esm3_mlp_combined_qwen3_8b_it_0306_010408,2160,0.22391540973410046,0.3677,1.6201,,0.6674190163612366,0.0001974953875644085,64565,,,
sft_esm3_mlp_combined_qwen3_8b_it_0306_010408,2170,0.2249520551495361,0.4733,1.6377,,0.58744215965271,0.00019747110336093218,75047,,,
sft_esm3_mlp_combined_qwen3_8b_it_0306_010408,2180,0.22598870056497175,0.4761,1.7261,,0.8623985648155212,0.00019744670350497437,68345,,,
sft_esm3_mlp_combined_qwen3_8b_it_0306_010408,2190,0.2270253459804074,0.4242,1.5598,,0.5921305418014526,0.00019742218802548623,70974,,,
sft_esm3_mlp_combined_qwen3_8b_it_0306_010408,2200,0.22806199139584304,0.54,1.6857,,0.5579861998558044,0.0001973975569515562,78838,,,
sft_esm3_mlp_combined_qwen3_8b_it_0306_010408,2210,0.2290986368112787,0.4177,1.6723,,0.7726428508758545,0.00019737281031240975,59077,,,
sft_esm3_mlp_combined_qwen3_8b_it_0306_010408,2220,0.23013528222671437,0.4946,1.6167,,0.6033894419670105,0.00019734794813740955,81649,,,
sft_esm3_mlp_combined_qwen3_8b_it_0306_010408,2230,0.23117192764215,0.5178,1.743,,0.65590500831604,0.00019732297045605535,70707,,,
sft_esm3_mlp_combined_qwen3_8b_it_0306_010408,2240,0.23220857305758566,0.4152,1.5945,,0.5900640487670898,0.00019729787729798394,67865,,,
sft_esm3_mlp_combined_qwen3_8b_it_0306_010408,2250,0.2332452184730213,0.4491,1.6306,,0.5701109170913696,0.00019727266869296912,79350,,,
sft_esm3_mlp_combined_qwen3_8b_it_0306_010408,2250,0.2332452184730213,0.5389,,0.43708017468452454,,,61700,52.0527,96.056,3.016
sft_esm3_mlp_combined_qwen3_8b_it_0306_010408,2260,0.23428186388845695,0.4733,1.7882,,0.6920375823974609,0.0001972473446709217,68819,,,
sft_esm3_mlp_combined_qwen3_8b_it_0306_010408,2270,0.23531850930389261,0.4191,1.54,,0.6742355227470398,0.0001972219052618894,69251,,,
sft_esm3_mlp_combined_qwen3_8b_it_0306_010408,2280,0.23635515471932825,0.4771,1.7401,,0.6510651707649231,0.00019719635049605686,73144,,,
sft_esm3_mlp_combined_qwen3_8b_it_0306_010408,2290,0.2373918001347639,0.433,1.6821,,4.620326042175293,0.0001971706804037456,58279,,,
sft_esm3_mlp_combined_qwen3_8b_it_0306_010408,2300,0.23842844555019954,0.4872,1.5863,,0.6375514268875122,0.000197144895015414,79377,,,
sft_esm3_mlp_combined_qwen3_8b_it_0306_010408,2310,0.2394650909656352,0.4354,1.7392,,0.6742386221885681,0.00019711899436165723,66116,,,
sft_esm3_mlp_combined_qwen3_8b_it_0306_010408,2320,0.24050173638107086,0.4179,1.5931,,0.6115943193435669,0.0001970929784732072,69054,,,
sft_esm3_mlp_combined_qwen3_8b_it_0306_010408,2330,0.2415383817965065,0.4758,1.6805,,0.5786077976226807,0.0001970668473809325,77137,,,
sft_esm3_mlp_combined_qwen3_8b_it_0306_010408,2340,0.24257502721194216,0.4982,1.6829,,0.7015663981437683,0.0001970406011158386,67545,,,
sft_esm3_mlp_combined_qwen3_8b_it_0306_010408,2350,0.24361167262737782,0.4373,1.5538,,0.6167076826095581,0.00019701423970906745,71829,,,
sft_esm3_mlp_combined_qwen3_8b_it_0306_010408,2360,0.24464831804281345,0.4733,1.7256,,0.5213825106620789,0.00019698776319189768,65947,,,
sft_esm3_mlp_combined_qwen3_8b_it_0306_010408,2370,0.2456849634582491,0.4266,1.5979,,0.6636963486671448,0.00019696117159574445,66883,,,
sft_esm3_mlp_combined_qwen3_8b_it_0306_010408,2380,0.24672160887368474,0.5087,1.6263,,0.6107097864151001,0.00019693446495215963,77612,,,
sft_esm3_mlp_combined_qwen3_8b_it_0306_010408,2390,0.2477582542891204,0.4684,1.7156,,0.5536463260650635,0.00019690764329283135,69432,,,
sft_esm3_mlp_combined_qwen3_8b_it_0306_010408,2400,0.24879489970455607,0.4051,1.5056,,0.7294474244117737,0.00019688070664958441,66246,,,
sft_esm3_mlp_combined_qwen3_8b_it_0306_010408,2410,0.2498315451199917,0.4636,1.6717,,0.5273503065109253,0.00019685365505437994,74608,,,
sft_esm3_mlp_combined_qwen3_8b_it_0306_010408,2420,0.25086819053542736,0.4397,1.7133,,0.6618818640708923,0.0001968264885393155,67249,,,
sft_esm3_mlp_combined_qwen3_8b_it_0306_010408,2430,0.251904835950863,0.4696,1.5627,,0.633318305015564,0.00019679920713662504,69557,,,
sft_esm3_mlp_combined_qwen3_8b_it_0306_010408,2440,0.2529414813662987,0.4128,1.7119,,0.5928648710250854,0.00019677181087867873,69438,,,
sft_esm3_mlp_combined_qwen3_8b_it_0306_010408,2450,0.2539781267817343,0.423,1.5924,,0.7312642931938171,0.00019674429979798315,63608,,,
sft_esm3_mlp_combined_qwen3_8b_it_0306_010408,2460,0.25501477219716995,0.5082,1.6335,,0.5672817230224609,0.00019671667392718098,80587,,,
sft_esm3_mlp_combined_qwen3_8b_it_0306_010408,2470,0.2560514176126056,0.4604,1.6872,,0.5839261412620544,0.00019668893329905117,66998,,,
sft_esm3_mlp_combined_qwen3_8b_it_0306_010408,2480,0.25708806302804127,0.4378,1.5505,,0.6403946876525879,0.00019666107794650891,69371,,,
sft_esm3_mlp_combined_qwen3_8b_it_0306_010408,2490,0.2581247084434769,0.5095,1.7128,,0.5693321228027344,0.00019663310790260537,74019,,,
sft_esm3_mlp_combined_qwen3_8b_it_0306_010408,2500,0.25916135385891254,0.4502,1.6093,,0.6265734434127808,0.0001966050232005279,71950,,,
sft_esm3_mlp_combined_qwen3_8b_it_0306_010408,2500,0.25916135385891254,0.5253,,0.4308350384235382,,,61909,51.8622,96.409,3.027
sft_esm3_mlp_combined_qwen3_8b_it_0306_010408,2510,0.2601979992743482,0.4756,1.5709,,0.7657956480979919,0.00019657682387359989,69679,,,
sft_esm3_mlp_combined_qwen3_8b_it_0306_010408,2520,0.26123464468978386,0.4399,1.6673,,0.5971217751502991,0.00019654850995528062,75074,,,
sft_esm3_mlp_combined_qwen3_8b_it_0306_010408,2530,0.2622712901052195,0.4402,1.5817,,0.6403796076774597,0.00019652008147916553,67124,,,
sft_esm3_mlp_combined_qwen3_8b_it_0306_010408,2540,0.2633079355206552,0.4562,1.6555,,0.5796261429786682,0.00019649153847898587,76019,,,
sft_esm3_mlp_combined_qwen3_8b_it_0306_010408,2550,0.2643445809360908,0.4917,1.6496,,0.6082628965377808,0.00019646288098860876,72919,,,
sft_esm3_mlp_combined_qwen3_8b_it_0306_010408,2560,0.26538122635152644,0.4014,1.5695,,0.7472825050354004,0.0001964341090420372,64424,,,
sft_esm3_mlp_combined_qwen3_8b_it_0306_010408,2570,0.26641787176696213,0.5125,1.658,,0.5848101377487183,0.00019640522267341,78009,,,
sft_esm3_mlp_combined_qwen3_8b_it_0306_010408,2580,0.26745451718239777,0.4411,1.6559,,0.6226806640625,0.0001963762219170018,69922,,,
sft_esm3_mlp_combined_qwen3_8b_it_0306_010408,2590,0.2684911625978334,0.4426,1.5194,,0.5810574889183044,0.00019634710680722282,70979,,,
sft_esm3_mlp_combined_qwen3_8b_it_0306_010408,2600,0.2695278080132691,0.4923,1.688,,0.6613352298736572,0.00019631787737861903,67413,,,
sft_esm3_mlp_combined_qwen3_8b_it_0306_010408,2610,0.2705644534287047,0.4525,1.5948,,0.7494983077049255,0.0001962885336658721,63315,,,
sft_esm3_mlp_combined_qwen3_8b_it_0306_010408,2620,0.27160109884414035,0.4136,1.5862,,0.5907981395721436,0.0001962590757037992,77620,,,
sft_esm3_mlp_combined_qwen3_8b_it_0306_010408,2630,0.272637744259576,0.487,1.6341,,0.49345770478248596,0.00019622950352735316,75531,,,
sft_esm3_mlp_combined_qwen3_8b_it_0306_010408,2640,0.2736743896750117,0.4321,1.5329,,0.601572573184967,0.0001961998171716223,66433,,,
sft_esm3_mlp_combined_qwen3_8b_it_0306_010408,2650,0.2747110350904473,0.4162,1.6911,,0.5793704390525818,0.00019617001667183033,69152,,,
sft_esm3_mlp_combined_qwen3_8b_it_0306_010408,2660,0.27574768050588294,0.4929,1.6346,,0.6810295581817627,0.00019614010206333652,71097,,,
sft_esm3_mlp_combined_qwen3_8b_it_0306_010408,2670,0.27678432592131863,0.4078,1.5607,,0.6329342126846313,0.00019611007338163545,67368,,,
sft_esm3_mlp_combined_qwen3_8b_it_0306_010408,2680,0.27782097133675426,0.4705,1.6581,,0.5471596121788025,0.0001960799306623571,72655,,,
sft_esm3_mlp_combined_qwen3_8b_it_0306_010408,2690,0.2788576167521899,0.467,1.539,,0.6904300451278687,0.00019604967394126673,66537,,,
sft_esm3_mlp_combined_qwen3_8b_it_0306_010408,2700,0.2798942621676256,0.5622,1.5961,,0.5960335731506348,0.0001960193032542649,78375,,,
sft_esm3_mlp_combined_qwen3_8b_it_0306_010408,2710,0.2809309075830612,0.4227,1.6488,,0.5296673774719238,0.0001959888186373873,67795,,,
sft_esm3_mlp_combined_qwen3_8b_it_0306_010408,2720,0.28196755299849685,0.4381,1.5332,,0.6403321623802185,0.00019595822012680498,66726,,,
sft_esm3_mlp_combined_qwen3_8b_it_0306_010408,2730,0.28300419841393254,0.4341,1.6344,,0.567141056060791,0.00019592750775882393,74555,,,
sft_esm3_mlp_combined_qwen3_8b_it_0306_010408,2740,0.2840408438293682,0.4324,1.6409,,0.6977913975715637,0.00019589668156988537,68651,,,
sft_esm3_mlp_combined_qwen3_8b_it_0306_010408,2750,0.2850774892448038,0.4483,1.5643,,0.5919944047927856,0.0001958657415965655,71855,,,
sft_esm3_mlp_combined_qwen3_8b_it_0306_010408,2750,0.2850774892448038,0.5447,,0.42644181847572327,,,64313,51.4977,97.092,3.049
sft_esm3_mlp_combined_qwen3_8b_it_0306_010408,2760,0.28611413466023944,0.4339,1.6718,,0.5566091537475586,0.00019583468787557557,63874,,,
sft_esm3_mlp_combined_qwen3_8b_it_0306_010408,2770,0.2871507800756751,0.4186,1.5332,,0.6896963119506836,0.00019580352044376177,65616,,,
sft_esm3_mlp_combined_qwen3_8b_it_0306_010408,2780,0.28818742549111076,0.4394,1.6333,,0.6278589367866516,0.00019577223933810528,72876,,,
sft_esm3_mlp_combined_qwen3_8b_it_0306_010408,2790,0.2892240709065464,0.4421,1.6807,,0.630159854888916,0.00019574084459572202,66408,,,
sft_esm3_mlp_combined_qwen3_8b_it_0306_010408,2800,0.2902607163219821,0.4311,1.5361,,0.5983289480209351,0.00019570933625386285,69774,,,
sft_esm3_mlp_combined_qwen3_8b_it_0306_010408,2810,0.2912973617374177,0.4639,1.6674,,0.514384925365448,0.00019567771434991343,71487,,,
sft_esm3_mlp_combined_qwen3_8b_it_0306_010408,2820,0.29233400715285335,0.4979,1.6062,,0.6118561625480652,0.00019564597892139407,70747,,,
sft_esm3_mlp_combined_qwen3_8b_it_0306_010408,2830,0.29337065256828904,0.4315,1.5394,,0.5998656749725342,0.00019561413000595987,76293,,,
sft_esm3_mlp_combined_qwen3_8b_it_0306_010408,2840,0.29440729798372467,0.4349,1.6809,,0.5386484265327454,0.00019558216764140057,70960,,,
sft_esm3_mlp_combined_qwen3_8b_it_0306_010408,2850,0.2954439433991603,0.4457,1.5686,,0.7221664190292358,0.00019555009186564046,68020,,,
sft_esm3_mlp_combined_qwen3_8b_it_0306_010408,2860,0.296480588814596,0.5049,1.655,,0.542188286781311,0.0001955179027167385,75445,,,
sft_esm3_mlp_combined_qwen3_8b_it_0306_010408,2870,0.2975172342300316,0.4949,1.6461,,0.6028952598571777,0.00019548560023288807,75242,,,
sft_esm3_mlp_combined_qwen3_8b_it_0306_010408,2880,0.29855387964546726,0.4368,1.5457,,0.5765940546989441,0.00019545318445241705,69460,,,
sft_esm3_mlp_combined_qwen3_8b_it_0306_010408,2890,0.29959052506090295,0.4741,1.6709,,0.5629331469535828,0.0001954206554137878,68185,,,
sft_esm3_mlp_combined_qwen3_8b_it_0306_010408,2900,0.3006271704763386,0.4758,1.6761,,0.6995649933815002,0.00019538801315559706,70145,,,
sft_esm3_mlp_combined_qwen3_8b_it_0306_010408,2910,0.3016638158917742,0.4607,1.5409,,0.6206335425376892,0.0001953552577165758,76726,,,
sft_esm3_mlp_combined_qwen3_8b_it_0306_010408,2920,0.30270046130720984,0.4253,1.6912,,0.573845624923706,0.00019532238913558942,65858,,,
sft_esm3_mlp_combined_qwen3_8b_it_0306_010408,2930,0.30373710672264553,0.41,1.543,,0.6572516560554504,0.0001952894074516375,66821,,,
sft_esm3_mlp_combined_qwen3_8b_it_0306_010408,2940,0.30477375213808117,0.4785,1.6238,,0.5932513475418091,0.0001952563127038538,74004,,,
sft_esm3_mlp_combined_qwen3_8b_it_0306_010408,2950,0.3058103975535168,0.4569,1.6512,,0.5900197625160217,0.00019522310493150634,67025,,,
sft_esm3_mlp_combined_qwen3_8b_it_0306_010408,2960,0.3068470429689525,0.4154,1.5002,,0.6107557415962219,0.00019518978417399708,71162,,,
sft_esm3_mlp_combined_qwen3_8b_it_0306_010408,2970,0.3078836883843881,0.4538,1.6238,,0.5245757699012756,0.00019515635047086217,70090,,,
sft_esm3_mlp_combined_qwen3_8b_it_0306_010408,2980,0.30892033379982375,0.4508,1.5828,,0.6861737370491028,0.00019512280386177174,67951,,,
sft_esm3_mlp_combined_qwen3_8b_it_0306_010408,2990,0.30995697921525944,0.4647,1.5571,,0.6240400671958923,0.00019508914438652985,75584,,,
sft_esm3_mlp_combined_qwen3_8b_it_0306_010408,3000,0.3109936246306951,0.4634,1.6756,,0.5213919281959534,0.00019505537208507455,69473,,,
sft_esm3_mlp_combined_qwen3_8b_it_0306_010408,3000,0.3109936246306951,0.5459,,0.4206724762916565,,,64094,51.9368,96.271,3.023
sft_esm3_mlp_combined_qwen3_8b_it_0306_010408,3010,0.3120302700461307,0.4008,1.5243,,0.6236351132392883,0.0001950214869974777,66106,,,
sft_esm3_mlp_combined_qwen3_8b_it_0306_010408,3020,0.3130669154615664,0.4874,1.6019,,0.5509400367736816,0.00019498748916394498,79112,,,
sft_esm3_mlp_combined_qwen3_8b_it_0306_010408,3030,0.31410356087700203,0.4332,1.6877,,0.7464199662208557,0.00019495337862481592,61973,,,
sft_esm3_mlp_combined_qwen3_8b_it_0306_010408,3040,0.31514020629243766,0.398,1.5109,,0.5909199118614197,0.0001949191554205637,70315,,,
sft_esm3_mlp_combined_qwen3_8b_it_0306_010408,3050,0.3161768517078733,0.444,1.6044,,0.576878547668457,0.00019488481959179524,72282,,,
sft_esm3_mlp_combined_qwen3_8b_it_0306_010408,3060,0.317213497123309,0.4715,1.5879,,0.6950360536575317,0.00019485037117925104,67568,,,
sft_esm3_mlp_combined_qwen3_8b_it_0306_010408,3070,0.3182501425387446,0.4828,1.5183,,0.5679594874382019,0.00019481581022380521,75804,,,
sft_esm3_mlp_combined_qwen3_8b_it_0306_010408,3080,0.31928678795418025,0.415,1.6243,,0.5191779136657715,0.00019478113676646539,71553,,,
sft_esm3_mlp_combined_qwen3_8b_it_0306_010408,3090,0.32032343336961594,0.4375,1.5512,,0.6250690817832947,0.00019474635084837272,66141,,,
sft_esm3_mlp_combined_qwen3_8b_it_0306_010408,3100,0.3213600787850516,0.4538,1.6358,,0.6077860593795776,0.00019471145251080175,74781,,,
sft_esm3_mlp_combined_qwen3_8b_it_0306_010408,3110,0.3223967242004872,0.4191,1.6513,,0.6034262776374817,0.0001946764417951605,68996,,,
sft_esm3_mlp_combined_qwen3_8b_it_0306_010408,3120,0.3234333696159229,0.4273,1.5026,,0.6564921140670776,0.00019464131874299015,69110,,,
sft_esm3_mlp_combined_qwen3_8b_it_0306_010408,3130,0.3244700150313585,0.4924,1.5945,,0.5298018455505371,0.0001946060833959654,74800,,,
sft_esm3_mlp_combined_qwen3_8b_it_0306_010408,3140,0.32550666044679416,0.5051,1.6627,,0.6471084356307983,0.00019457073579589405,66094,,,
sft_esm3_mlp_combined_qwen3_8b_it_0306_010408,3150,0.32654330586222985,0.4351,1.501,,0.5975656509399414,0.00019453527598471712,70187,,,
sft_esm3_mlp_combined_qwen3_8b_it_0306_010408,3160,0.3275799512776655,0.4451,1.654,,0.536069929599762,0.0001944997040045087,69451,,,
sft_esm3_mlp_combined_qwen3_8b_it_0306_010408,3170,0.3286165966931011,0.4038,1.5462,,0.6567459106445312,0.00019446401989747618,64714,,,
sft_esm3_mlp_combined_qwen3_8b_it_0306_010408,3180,0.32965324210853675,0.4488,1.5578,,0.5884658098220825,0.00019442822370595975,82980,,,
sft_esm3_mlp_combined_qwen3_8b_it_0306_010408,3190,0.33068988752397244,0.4503,1.6861,,0.634429931640625,0.00019439231547243276,66229,,,
sft_esm3_mlp_combined_qwen3_8b_it_0306_010408,3200,0.33172653293940807,0.4003,1.5252,,0.7178120613098145,0.00019435629523950138,68384,,,
sft_esm3_mlp_combined_qwen3_8b_it_0306_010408,3210,0.3327631783548437,0.443,1.6191,,0.5280889868736267,0.0001943201630499048,74407,,,
sft_esm3_mlp_combined_qwen3_8b_it_0306_010408,3220,0.3337998237702794,0.4531,1.6425,,0.7186868190765381,0.00019428391894651498,66496,,,
sft_esm3_mlp_combined_qwen3_8b_it_0306_010408,3230,0.334836469185715,0.4364,1.5117,,0.5586583018302917,0.00019424756297233657,71828,,,
sft_esm3_mlp_combined_qwen3_8b_it_0306_010408,3240,0.33587311460115066,0.4632,1.6854,,0.5110188126564026,0.00019421109517050718,72629,,,
sft_esm3_mlp_combined_qwen3_8b_it_0306_010408,3250,0.33690976001658635,0.3974,1.5006,,0.7613301873207092,0.00019417451558429694,67131,,,
sft_esm3_mlp_combined_qwen3_8b_it_0306_010408,3250,0.33690976001658635,0.5082,,0.42026960849761963,,,62801,52.8901,94.536,2.968
sft_esm3_mlp_combined_qwen3_8b_it_0306_010408,3260,0.337946405432022,0.4794,1.583,,0.609120786190033,0.00019413782425710863,75600,,,
sft_esm3_mlp_combined_qwen3_8b_it_0306_010408,3270,0.3389830508474576,0.4489,1.6379,,0.5253788232803345,0.00019410102123247768,70529,,,
sft_esm3_mlp_combined_qwen3_8b_it_0306_010408,3280,0.3400196962628933,0.4234,1.5008,,0.6471748352050781,0.00019406410655407202,69675,,,
sft_esm3_mlp_combined_qwen3_8b_it_0306_010408,3290,0.34105634167832893,0.4494,1.6148,,0.5241298079490662,0.00019402708026569203,77453,,,
sft_esm3_mlp_combined_qwen3_8b_it_0306_010408,3300,0.34209298709376457,0.48,1.6551,,0.6631320714950562,0.0001939899424112706,66969,,,
sft_esm3_mlp_combined_qwen3_8b_it_0306_010408,3310,0.34312963250920026,0.3817,1.5301,,0.6054807901382446,0.00019395269303487287,68200,,,
sft_esm3_mlp_combined_qwen3_8b_it_0306_010408,3320,0.3441662779246359,0.4126,1.6184,,0.5235105752944946,0.00019391533218069643,77397,,,
sft_esm3_mlp_combined_qwen3_8b_it_0306_010408,3330,0.3452029233400715,0.4414,1.5304,,0.5692247748374939,0.0001938778598930711,65614,,,
sft_esm3_mlp_combined_qwen3_8b_it_0306_010408,3340,0.34623956875550715,0.4244,1.5675,,0.5791975855827332,0.00019384027621645889,71567,,,
sft_esm3_mlp_combined_qwen3_8b_it_0306_010408,3350,0.34727621417094284,0.4734,1.5952,,0.637232780456543,0.00019380258119545399,69115,,,
sft_esm3_mlp_combined_qwen3_8b_it_0306_010408,3360,0.3483128595863785,0.3999,1.5054,,0.5498738884925842,0.00019376477487478272,67169,,,
sft_esm3_mlp_combined_qwen3_8b_it_0306_010408,3370,0.3493495050018141,0.444,1.5844,,0.5474360585212708,0.00019372685729930343,70074,,,
sft_esm3_mlp_combined_qwen3_8b_it_0306_010408,3380,0.3503861504172498,0.4675,1.5672,,0.7679764628410339,0.00019368882851400653,61490,,,
sft_esm3_mlp_combined_qwen3_8b_it_0306_010408,3390,0.35142279583268543,0.382,1.5878,,0.5915052890777588,0.00019365068856401428,72119,,,
sft_esm3_mlp_combined_qwen3_8b_it_0306_010408,3400,0.35245944124812106,0.4772,1.5993,,0.5358601212501526,0.000193612437494581,76654,,,
sft_esm3_mlp_combined_qwen3_8b_it_0306_010408,3410,0.35349608666355675,0.3526,1.5336,,0.5532149076461792,0.00019357407535109276,62046,,,
sft_esm3_mlp_combined_qwen3_8b_it_0306_010408,3420,0.3545327320789924,0.484,1.5659,,0.5941175818443298,0.00019353560217906735,77983,,,
sft_esm3_mlp_combined_qwen3_8b_it_0306_010408,3430,0.355569377494428,0.4933,1.6665,,0.8485034704208374,0.00019349701802415446,67740,,,
sft_esm3_mlp_combined_qwen3_8b_it_0306_010408,3440,0.3566060229098637,0.3897,1.4663,,0.5606885552406311,0.00019345832293213535,75038,,,
sft_esm3_mlp_combined_qwen3_8b_it_0306_010408,3450,0.35764266832529934,0.4934,1.557,,0.5138546824455261,0.00019341951694892292,73948,,,
sft_esm3_mlp_combined_qwen3_8b_it_0306_010408,3460,0.358679313740735,0.4135,1.5773,,0.721886932849884,0.00019338060012056177,66447,,,
sft_esm3_mlp_combined_qwen3_8b_it_0306_010408,3470,0.3597159591561706,0.4118,1.573,,0.6857011914253235,0.0001933415724932278,75061,,,
sft_esm3_mlp_combined_qwen3_8b_it_0306_010408,3480,0.3607526045716063,0.4736,1.5885,,0.5203754901885986,0.00019330243411322856,70668,,,
sft_esm3_mlp_combined_qwen3_8b_it_0306_010408,3490,0.3617892499870419,0.371,1.5184,,0.6174993515014648,0.00019326318502700294,62903,,,
sft_esm3_mlp_combined_qwen3_8b_it_0306_010408,3500,0.36282589540247756,0.4266,1.5768,,0.5419466495513916,0.0001932238252811212,74399,,,
sft_esm3_mlp_combined_qwen3_8b_it_0306_010408,3500,0.36282589540247756,0.4887,,0.41335898637771606,,,64752,54.4921,91.756,2.881
sft_esm3_mlp_combined_qwen3_8b_it_0306_010408,3510,0.36386254081791325,0.4393,1.5944,,0.589100182056427,0.0001931843549222849,66195,,,
sft_esm3_mlp_combined_qwen3_8b_it_0306_010408,3520,0.3648991862333489,0.3682,1.5147,,0.6761285066604614,0.0001931447739973268,68369,,,
sft_esm3_mlp_combined_qwen3_8b_it_0306_010408,3530,0.3659358316487845,0.4101,1.5921,,0.5551846623420715,0.00019310508255321093,77985,,,
sft_esm3_mlp_combined_qwen3_8b_it_0306_010408,3540,0.3669724770642202,0.4211,1.5532,,0.7325056195259094,0.00019306528063703246,64422,,,
sft_esm3_mlp_combined_qwen3_8b_it_0306_010408,3550,0.36800912247965584,0.4251,1.5546,,0.580591082572937,0.0001930253682960175,73850,,,
sft_esm3_mlp_combined_qwen3_8b_it_0306_010408,3560,0.36904576789509147,0.4763,1.6524,,0.5821804404258728,0.00019298534557752337,67776,,,
sft_esm3_mlp_combined_qwen3_8b_it_0306_010408,3570,0.37008241331052716,0.3897,1.5145,,0.6064778566360474,0.0001929452125290382,64689,,,
sft_esm3_mlp_combined_qwen3_8b_it_0306_010408,3580,0.3711190587259628,0.4381,1.5577,,0.5662849545478821,0.00019290496919818114,81105,,,
sft_esm3_mlp_combined_qwen3_8b_it_0306_010408,3590,0.3721557041413984,0.3832,1.6493,,0.7016916871070862,0.0001928646156327021,60154,,,
sft_esm3_mlp_combined_qwen3_8b_it_0306_010408,3600,0.37319234955683406,0.3884,1.5176,,0.5565366148948669,0.00019282415188048187,69438,,,
sft_esm3_mlp_combined_qwen3_8b_it_0306_010408,3610,0.37422899497226975,0.4587,1.5617,,0.5128602981567383,0.00019278357798953194,77550,,,
sft_esm3_mlp_combined_qwen3_8b_it_0306_010408,3620,0.3752656403877054,0.3748,1.5248,,0.6653034090995789,0.00019274289400799448,61517,,,
sft_esm3_mlp_combined_qwen3_8b_it_0306_010408,3630,0.376302285803141,0.4106,1.5368,,0.5335695147514343,0.00019270209998414228,74598,,,
sft_esm3_mlp_combined_qwen3_8b_it_0306_010408,3640,0.3773389312185767,0.5097,1.5856,,0.577669620513916,0.00019266119596637876,75982,,,
sft_esm3_mlp_combined_qwen3_8b_it_0306_010408,3650,0.37837557663401233,0.3703,1.509,,0.5867695808410645,0.00019262018200323774,65316,,,
sft_esm3_mlp_combined_qwen3_8b_it_0306_010408,3660,0.37941222204944797,0.5267,1.586,,0.5678274631500244,0.0001925790581433836,77836,,,
sft_esm3_mlp_combined_qwen3_8b_it_0306_010408,3670,0.38044886746488366,0.4024,1.6326,,0.6222628951072693,0.00019253782443561106,59020,,,
sft_esm3_mlp_combined_qwen3_8b_it_0306_010408,3680,0.3814855128803193,0.4099,1.5011,,0.6207395792007446,0.0001924964809288452,74739,,,
sft_esm3_mlp_combined_qwen3_8b_it_0306_010408,3690,0.3825221582957549,0.4839,1.5551,,0.5001740455627441,0.00019245502767214134,80662,,,
sft_esm3_mlp_combined_qwen3_8b_it_0306_010408,3700,0.3835588037111906,0.3711,1.5092,,0.6009032726287842,0.00019241346471468508,62033,,,
sft_esm3_mlp_combined_qwen3_8b_it_0306_010408,3710,0.38459544912662624,0.4408,1.5776,,0.5131984353065491,0.00019237179210579216,73276,,,
sft_esm3_mlp_combined_qwen3_8b_it_0306_010408,3720,0.3856320945420619,0.4587,1.6075,,0.5797728300094604,0.00019233000989490843,66727,,,
sft_esm3_mlp_combined_qwen3_8b_it_0306_010408,3730,0.38666873995749756,0.3602,1.5095,,0.67817223072052,0.0001922881181316097,70661,,,
sft_esm3_mlp_combined_qwen3_8b_it_0306_010408,3740,0.3877053853729332,0.4895,1.5627,,0.5486442446708679,0.00019224611686560197,78673,,,
sft_esm3_mlp_combined_qwen3_8b_it_0306_010408,3750,0.38874203078836883,0.3948,1.5836,,0.7008852362632751,0.00019220400614672093,60115,,,
sft_esm3_mlp_combined_qwen3_8b_it_0306_010408,3750,0.38874203078836883,0.4992,,0.4087120294570923,,,65948,64.4438,77.587,2.436
sft_esm3_mlp_combined_qwen3_8b_it_0306_010408,3760,0.38977867620380446,0.4177,1.5211,,0.6668890118598938,0.0001921617860249323,71710,,,
sft_esm3_mlp_combined_qwen3_8b_it_0306_010408,3770,0.39081532161924015,0.4694,1.5892,,0.576068639755249,0.00019211945655033157,72499,,,
sft_esm3_mlp_combined_qwen3_8b_it_0306_010408,3780,0.3918519670346758,0.4048,1.5072,,0.5184717178344727,0.00019207701777314396,62223,,,
sft_esm3_mlp_combined_qwen3_8b_it_0306_010408,3790,0.3928886124501114,0.4261,1.575,,0.5547011494636536,0.00019203446974372439,76095,,,
sft_esm3_mlp_combined_qwen3_8b_it_0306_010408,3800,0.3939252578655471,0.4782,1.621,,0.6585066318511963,0.0001919918125125574,67489,,,
sft_esm3_mlp_combined_qwen3_8b_it_0306_010408,3810,0.39496190328098274,0.3402,1.5028,,0.5461810827255249,0.00019194904613025715,72824,,,
sft_esm3_mlp_combined_qwen3_8b_it_0306_010408,3820,0.3959985486964184,0.4529,1.5361,,0.5089845657348633,0.00019190617064756725,72892,,,
sft_esm3_mlp_combined_qwen3_8b_it_0306_010408,3830,0.39703519411185406,0.4203,1.515,,0.6566956639289856,0.00019186318611536077,65553,,,
sft_esm3_mlp_combined_qwen3_8b_it_0306_010408,3840,0.3980718395272897,0.3711,1.5594,,0.5249775648117065,0.00019182009258464025,70626,,,
sft_esm3_mlp_combined_qwen3_8b_it_0306_010408,3850,0.39910848494272533,0.4747,1.574,,0.5882236361503601,0.00019177689010653744,73479,,,
sft_esm3_mlp_combined_qwen3_8b_it_0306_010408,3860,0.400145130358161,0.4326,1.5122,,0.584431529045105,0.00019173357873231343,70696,,,
sft_esm3_mlp_combined_qwen3_8b_it_0306_010408,3870,0.40118177577359665,0.4537,1.6215,,0.6443204283714294,0.00019169015851335853,71295,,,
sft_esm3_mlp_combined_qwen3_8b_it_0306_010408,3880,0.4022184211890323,0.4755,1.566,,0.6007131934165955,0.00019164662950119218,72692,,,
sft_esm3_mlp_combined_qwen3_8b_it_0306_010408,3890,0.4032550666044679,0.3859,1.4971,,0.6164790987968445,0.00019160299174746285,69936,,,
sft_esm3_mlp_combined_qwen3_8b_it_0306_010408,3900,0.4042917120199036,0.4063,1.6075,,0.5229465365409851,0.00019155924530394813,71395,,,
sft_esm3_mlp_combined_qwen3_8b_it_0306_010408,3910,0.40532835743533924,0.3641,1.5041,,0.6744875311851501,0.0001915153902225545,64429,,,
sft_esm3_mlp_combined_qwen3_8b_it_0306_010408,3920,0.40636500285077487,0.454,1.5481,,0.5620049834251404,0.0001914714265553174,76818,,,
sft_esm3_mlp_combined_qwen3_8b_it_0306_010408,3930,0.40740164826621056,0.4543,1.5258,,0.619799017906189,0.00019142735435440106,74941,,,
sft_esm3_mlp_combined_qwen3_8b_it_0306_010408,3940,0.4084382936816462,0.3959,1.5111,,0.6112759709358215,0.00019138317367209853,68371,,,
sft_esm3_mlp_combined_qwen3_8b_it_0306_010408,3950,0.4094749390970818,0.4165,1.5525,,0.6082704663276672,0.00019133888456083153,71559,,,
sft_esm3_mlp_combined_qwen3_8b_it_0306_010408,3960,0.4105115845125175,0.5337,1.6132,,0.5543808937072754,0.00019129448707315048,72567,,,
sft_esm3_mlp_combined_qwen3_8b_it_0306_010408,3970,0.41154822992795315,0.3592,1.5019,,0.5623288154602051,0.00019124998126173435,69108,,,
sft_esm3_mlp_combined_qwen3_8b_it_0306_010408,3980,0.4125848753433888,0.445,1.566,,0.498884916305542,0.00019120536717939074,73428,,,
sft_esm3_mlp_combined_qwen3_8b_it_0306_010408,3990,0.41362152075882447,0.4339,1.4908,,0.6036494374275208,0.00019116064487905557,64758,,,
sft_esm3_mlp_combined_qwen3_8b_it_0306_010408,4000,0.4146581661742601,0.4029,1.602,,0.5962198972702026,0.00019111581441379322,71086,,,
sft_esm3_mlp_combined_qwen3_8b_it_0306_010408,4000,0.4146581661742601,0.469,,0.40397146344184875,,,65202,54.753,91.319,2.867
sft_esm3_mlp_combined_qwen3_8b_it_0306_010408,4010,0.41569481158969573,0.4549,1.6097,,0.5519488453865051,0.00019107087583679645,72752,,,
sft_esm3_mlp_combined_qwen3_8b_it_0306_010408,4020,0.41673145700513137,0.3995,1.4679,,0.6059325337409973,0.00019102582920138631,70092,,,
sft_esm3_mlp_combined_qwen3_8b_it_0306_010408,4030,0.41776810242056706,0.4648,1.6016,,0.5319671630859375,0.00019098067456101197,72181,,,
sft_esm3_mlp_combined_qwen3_8b_it_0306_010408,4040,0.4188047478360027,0.4511,1.5547,,0.6735473275184631,0.00019093541196925086,66539,,,
sft_esm3_mlp_combined_qwen3_8b_it_0306_010408,4050,0.4198413932514383,0.392,1.4965,,0.5793274641036987,0.00019089004147980837,71801,,,
sft_esm3_mlp_combined_qwen3_8b_it_0306_010408,4060,0.420878038666874,0.4632,1.5519,,0.538056492805481,0.00019084456314651807,71936,,,
sft_esm3_mlp_combined_qwen3_8b_it_0306_010408,4070,0.42191468408230964,0.4224,1.5016,,0.6506003737449646,0.00019079897702334138,68892,,,
sft_esm3_mlp_combined_qwen3_8b_it_0306_010408,4080,0.4229513294977453,0.4456,1.5528,,0.5437598824501038,0.00019075328316436763,73204,,,
sft_esm3_mlp_combined_qwen3_8b_it_0306_010408,4090,0.42398797491318096,0.4835,1.5775,,0.5116537809371948,0.000190707481623814,74286,,,
sft_esm3_mlp_combined_qwen3_8b_it_0306_010408,4100,0.4250246203286166,0.3718,1.4725,,0.6014133095741272,0.00019066157245602546,65349,,,
sft_esm3_mlp_combined_qwen3_8b_it_0306_010408,4110,0.42606126574405223,0.4727,1.5375,,0.5478833913803101,0.00019061555571547466,76046,,,
sft_esm3_mlp_combined_qwen3_8b_it_0306_010408,4120,0.4270979111594879,0.4524,1.5996,,0.7274998426437378,0.00019056943145676186,63778,,,
sft_esm3_mlp_combined_qwen3_8b_it_0306_010408,4130,0.42813455657492355,0.3796,1.4306,,0.5696590542793274,0.00019052319973461495,71256,,,
sft_esm3_mlp_combined_qwen3_8b_it_0306_010408,4140,0.4291712019903592,0.4699,1.5554,,0.5066081285476685,0.00019047686060388928,76499,,,
sft_esm3_mlp_combined_qwen3_8b_it_0306_010408,4150,0.4302078474057949,0.3974,1.5548,,0.6250494122505188,0.0001904304141195677,62124,,,
sft_esm3_mlp_combined_qwen3_8b_it_0306_010408,4160,0.4312444928212305,0.4794,1.4862,,0.5360016822814941,0.0001903838603367603,78375,,,
sft_esm3_mlp_combined_qwen3_8b_it_0306_010408,4170,0.43228113823666614,0.4482,1.5985,,0.54422527551651,0.0001903371993107047,70281,,,
sft_esm3_mlp_combined_qwen3_8b_it_0306_010408,4180,0.4333177836521018,0.3851,1.4484,,0.7714735269546509,0.0001902904310967656,70171,,,
sft_esm3_mlp_combined_qwen3_8b_it_0306_010408,4190,0.43435442906753746,0.5089,1.5831,,0.5377123951911926,0.00019024355575043492,77717,,,
sft_esm3_mlp_combined_qwen3_8b_it_0306_010408,4200,0.4353910744829731,0.4134,1.6456,,0.6308497786521912,0.00019019657332733174,64271,,,
sft_esm3_mlp_combined_qwen3_8b_it_0306_010408,4210,0.43642771989840873,0.3917,1.4208,,0.6260226368904114,0.00019014948388320214,72983,,,
sft_esm3_mlp_combined_qwen3_8b_it_0306_010408,4220,0.4374643653138444,0.4386,1.5701,,0.4689141809940338,0.00019010228747391925,68515,,,
sft_esm3_mlp_combined_qwen3_8b_it_0306_010408,4230,0.43850101072928005,0.3725,1.4708,,0.6629546880722046,0.00019005498415548299,62683,,,
sft_esm3_mlp_combined_qwen3_8b_it_0306_010408,4240,0.4395376561447157,0.4628,1.5094,,0.5587039589881897,0.00019000757398402026,79225,,,
sft_esm3_mlp_combined_qwen3_8b_it_0306_010408,4250,0.44057430156015137,0.4355,1.6119,,0.504949152469635,0.00018996005701578473,69204,,,
sft_esm3_mlp_combined_qwen3_8b_it_0306_010408,4250,0.44057430156015137,0.4676,,0.4034995436668396,,,63794,51.2602,97.542,3.063
sft_esm3_mlp_combined_qwen3_8b_it_0306_010408,4260,0.441610946975587,0.4061,1.4906,,0.6421886086463928,0.00018991243330715666,68569,,,
sft_esm3_mlp_combined_qwen3_8b_it_0306_010408,4270,0.44264759239102264,0.4843,1.5951,,0.5232327580451965,0.00018986470291464314,73284,,,
sft_esm3_mlp_combined_qwen3_8b_it_0306_010408,4280,0.4436842378064583,0.4519,1.545,,0.5572845339775085,0.0001898168658948777,73020,,,
sft_esm3_mlp_combined_qwen3_8b_it_0306_010408,4290,0.44472088322189396,0.4419,1.4795,,0.6156915426254272,0.0001897689223046205,70291,,,
sft_esm3_mlp_combined_qwen3_8b_it_0306_010408,4300,0.4457575286373296,0.4103,1.5805,,0.5409334301948547,0.00018972087220075806,70410,,,
sft_esm3_mlp_combined_qwen3_8b_it_0306_010408,4310,0.4467941740527652,0.4315,1.5611,,0.5815865993499756,0.0001896727156403033,70122,,,
sft_esm3_mlp_combined_qwen3_8b_it_0306_010408,4320,0.4478308194682009,0.3791,1.4827,,0.5300958156585693,0.0001896244526803955,72954,,,
sft_esm3_mlp_combined_qwen3_8b_it_0306_010408,4330,0.44886746488363655,0.4363,1.5153,,0.5658108592033386,0.00018957608337830014,78411,,,
sft_esm3_mlp_combined_qwen3_8b_it_0306_010408,4340,0.4499041102990722,0.4211,1.5054,,0.6312065720558167,0.0001895276077914089,67156,,,
sft_esm3_mlp_combined_qwen3_8b_it_0306_010408,4350,0.45094075571450787,0.375,1.5915,,0.5139359831809998,0.00018947902597723959,69677,,,
sft_esm3_mlp_combined_qwen3_8b_it_0306_010408,4360,0.4519774011299435,0.45,1.5431,,0.5486561059951782,0.00018943033799343598,74862,,,
sft_esm3_mlp_combined_qwen3_8b_it_0306_010408,4370,0.45301404654537913,0.4109,1.4592,,0.5347575545310974,0.0001893815438977679,68906,,,
sft_esm3_mlp_combined_qwen3_8b_it_0306_010408,4380,0.4540506919608148,0.4095,1.5943,,0.5481092929840088,0.00018933264374813112,70416,,,
sft_esm3_mlp_combined_qwen3_8b_it_0306_010408,4390,0.45508733737625046,0.4764,1.5406,,0.6816368103027344,0.0001892836376025471,69744,,,
sft_esm3_mlp_combined_qwen3_8b_it_0306_010408,4400,0.4561239827916861,0.371,1.4791,,0.5527973771095276,0.0001892345255191631,67620,,,
sft_esm3_mlp_combined_qwen3_8b_it_0306_010408,4410,0.4571606282071218,0.4207,1.6013,,0.5513664484024048,0.00018918530755625222,65911,,,
sft_esm3_mlp_combined_qwen3_8b_it_0306_010408,4420,0.4581972736225574,0.3909,1.4268,,0.6015375852584839,0.0001891359837722131,67941,,,
sft_esm3_mlp_combined_qwen3_8b_it_0306_010408,4430,0.45923391903799304,0.4509,1.5607,,0.5198348164558411,0.00018908655422556988,76404,,,
sft_esm3_mlp_combined_qwen3_8b_it_0306_010408,4440,0.46027056445342873,0.4637,1.5681,,0.6430416107177734,0.0001890370189749723,66894,,,
sft_esm3_mlp_combined_qwen3_8b_it_0306_010408,4450,0.46130720986886437,0.399,1.4464,,0.5457212924957275,0.00018898737807919545,72677,,,
sft_esm3_mlp_combined_qwen3_8b_it_0306_010408,4460,0.4623438552843,0.4006,1.624,,0.5500580668449402,0.00018893763159713977,68744,,,
sft_esm3_mlp_combined_qwen3_8b_it_0306_010408,4470,0.46338050069973563,0.404,1.4574,,0.5974887609481812,0.000188887779587831,65122,,,
sft_esm3_mlp_combined_qwen3_8b_it_0306_010408,4480,0.4644171461151713,0.4226,1.536,,0.5011343955993652,0.00018883782211042013,74815,,,
sft_esm3_mlp_combined_qwen3_8b_it_0306_010408,4490,0.46545379153060695,0.4383,1.5691,,0.6038835048675537,0.00018878775922418316,71622,,,
sft_esm3_mlp_combined_qwen3_8b_it_0306_010408,4500,0.4664904369460426,0.4018,1.4418,,0.5166742205619812,0.0001887375909885214,69869,,,
sft_esm3_mlp_combined_qwen3_8b_it_0306_010408,4500,0.4664904369460426,0.48,,0.4017578661441803,,,60836,52.2549,95.685,3.005
sft_esm3_mlp_combined_qwen3_8b_it_0306_010408,4510,0.4675270823614783,0.3832,1.5596,,0.49396470189094543,0.0001886873174629609,66837,,,
sft_esm3_mlp_combined_qwen3_8b_it_0306_010408,4520,0.4685637277769139,0.355,1.5427,,0.6449151039123535,0.0001886369387071528,61531,,,
sft_esm3_mlp_combined_qwen3_8b_it_0306_010408,4530,0.46960037319234954,0.495,1.4868,,0.5488845109939575,0.00018858645478087306,79860,,,
sft_esm3_mlp_combined_qwen3_8b_it_0306_010408,4540,0.47063701860778523,0.4085,1.6383,,0.5878297090530396,0.0001885358657440224,65498,,,
sft_esm3_mlp_combined_qwen3_8b_it_0306_010408,4550,0.47167366402322086,0.3707,1.4397,,0.5760806202888489,0.00018848517165662626,70988,,,
sft_esm3_mlp_combined_qwen3_8b_it_0306_010408,4560,0.4727103094386565,0.48,1.5111,,0.5765261650085449,0.0001884343725788348,78319,,,
sft_esm3_mlp_combined_qwen3_8b_it_0306_010408,4570,0.4737469548540922,0.4288,1.5585,,0.6040831208229065,0.00018838346857092265,68107,,,
sft_esm3_mlp_combined_qwen3_8b_it_0306_010408,4580,0.4747836002695278,0.3589,1.4058,,0.5581718683242798,0.00018833245969328903,72892,,,
sft_esm3_mlp_combined_qwen3_8b_it_0306_010408,4590,0.47582024568496345,0.4564,1.5742,,0.5224798917770386,0.00018828134600645753,74024,,,
sft_esm3_mlp_combined_qwen3_8b_it_0306_010408,4600,0.4768568911003991,0.3789,1.5361,,0.5943132638931274,0.00018823012757107613,61791,,,
sft_esm3_mlp_combined_qwen3_8b_it_0306_010408,4610,0.47789353651583477,0.4348,1.4578,,0.4929638206958771,0.00018817880444791705,79347,,,
sft_esm3_mlp_combined_qwen3_8b_it_0306_010408,4620,0.4789301819312704,0.4044,1.6025,,0.5296070575714111,0.0001881273766978768,65659,,,
sft_esm3_mlp_combined_qwen3_8b_it_0306_010408,4630,0.47996682734670604,0.398,1.4744,,0.6591331362724304,0.00018807584438197602,67976,,,
sft_esm3_mlp_combined_qwen3_8b_it_0306_010408,4640,0.4810034727621417,0.4274,1.5296,,0.5537130236625671,0.00018802420756135936,72101,,,
sft_esm3_mlp_combined_qwen3_8b_it_0306_010408,4650,0.48204011817757736,0.4633,1.5776,,0.5528603792190552,0.0001879724662972955,69401,,,
sft_esm3_mlp_combined_qwen3_8b_it_0306_010408,4660,0.483076763593013,0.4138,1.458,,0.5924287438392639,0.00018792062065117708,71219,,,
sft_esm3_mlp_combined_qwen3_8b_it_0306_010408,4670,0.4841134090084487,0.4077,1.6193,,0.47976091504096985,0.00018786867068452056,71313,,,
sft_esm3_mlp_combined_qwen3_8b_it_0306_010408,4680,0.4851500544238843,0.3704,1.4501,,0.6019721627235413,0.00018781661645896617,69262,,,
sft_esm3_mlp_combined_qwen3_8b_it_0306_010408,4690,0.48618669983931995,0.4292,1.509,,0.5058095455169678,0.0001877644580362779,74933,,,
sft_esm3_mlp_combined_qwen3_8b_it_0306_010408,4700,0.48722334525475564,0.455,1.6079,,0.5409306287765503,0.00018771219547834326,68112,,,
sft_esm3_mlp_combined_qwen3_8b_it_0306_010408,4710,0.48825999067019127,0.4327,1.4477,,0.5822596549987793,0.00018765982884717344,69780,,,
sft_esm3_mlp_combined_qwen3_8b_it_0306_010408,4720,0.4892966360856269,0.3732,1.6307,,0.5274143218994141,0.00018760735820490308,70733,,,
sft_esm3_mlp_combined_qwen3_8b_it_0306_010408,4730,0.49033328150106253,0.4633,1.491,,0.5796424150466919,0.00018755478361379016,67458,,,
sft_esm3_mlp_combined_qwen3_8b_it_0306_010408,4740,0.4913699269164982,0.3446,1.4661,,0.5506582260131836,0.00018750210513621615,69798,,,
sft_esm3_mlp_combined_qwen3_8b_it_0306_010408,4750,0.49240657233193386,0.4055,1.6047,,0.5765417814254761,0.00018744932283468565,65399,,,
sft_esm3_mlp_combined_qwen3_8b_it_0306_010408,4750,0.49240657233193386,0.4616,,0.39753854274749756,,,64233,53.5616,93.351,2.931
sft_esm3_mlp_combined_qwen3_8b_it_0306_010408,4760,0.4934432177473695,0.402,1.4295,,0.5847504138946533,0.0001873964367718265,65329,,,
sft_esm3_mlp_combined_qwen3_8b_it_0306_010408,4770,0.4944798631628052,0.4245,1.5154,,0.5308607816696167,0.00018734344701038959,73547,,,
sft_esm3_mlp_combined_qwen3_8b_it_0306_010408,4780,0.4955165085782408,0.4609,1.5167,,0.604564905166626,0.000187290353613249,72266,,,
sft_esm3_mlp_combined_qwen3_8b_it_0306_010408,4790,0.49655315399367644,0.397,1.4039,,0.545804500579834,0.00018723715664340166,70827,,,
sft_esm3_mlp_combined_qwen3_8b_it_0306_010408,4800,0.49758979940911213,0.3853,1.5098,,0.5153405070304871,0.00018718385616396739,70459,,,
sft_esm3_mlp_combined_qwen3_8b_it_0306_010408,4810,0.49862644482454777,0.4857,1.5035,,0.5919575691223145,0.00018713045223818893,70512,,,
sft_esm3_mlp_combined_qwen3_8b_it_0306_010408,4820,0.4996630902399834,0.3295,1.4576,,0.5236721634864807,0.0001870769449294316,70988,,,
sft_esm3_mlp_combined_qwen3_8b_it_0306_010408,4830,0.500699735655419,0.4279,1.5869,,0.5336093902587891,0.00018702333430118353,73192,,,
sft_esm3_mlp_combined_qwen3_8b_it_0306_010408,4840,0.5017363810708547,0.4289,1.509,,0.5927267670631409,0.00018696962041705542,66111,,,
sft_esm3_mlp_combined_qwen3_8b_it_0306_010408,4850,0.5027730264862904,0.4187,1.5174,,0.5559136271476746,0.00018691580334078038,73668,,,
sft_esm3_mlp_combined_qwen3_8b_it_0306_010408,4860,0.503809671901726,0.4812,1.5241,,0.599505603313446,0.0001868618831362141,75366,,,
sft_esm3_mlp_combined_qwen3_8b_it_0306_010408,4870,0.5048463173171617,0.3366,1.4599,,0.6051629781723022,0.00018680785986733452,67719,,,
sft_esm3_mlp_combined_qwen3_8b_it_0306_010408,4880,0.5058829627325974,0.3636,1.508,,0.5606697201728821,0.00018675373359824203,73111,,,
sft_esm3_mlp_combined_qwen3_8b_it_0306_010408,4890,0.5069196081480329,0.5017,1.5278,,0.6028861999511719,0.00018669950439315896,65613,,,
sft_esm3_mlp_combined_qwen3_8b_it_0306_010408,4900,0.5079562535634686,0.4035,1.4584,,0.5696994066238403,0.00018664517231643007,70947,,,
sft_esm3_mlp_combined_qwen3_8b_it_0306_010408,4910,0.5089928989789043,0.4676,1.5472,,0.5472151637077332,0.000186590737432522,74677,,,
sft_esm3_mlp_combined_qwen3_8b_it_0306_010408,4920,0.5100295443943399,0.3913,1.4482,,0.614458441734314,0.0001865361998060234,70509,,,
sft_esm3_mlp_combined_qwen3_8b_it_0306_010408,4930,0.5110661898097756,0.403,1.5475,,0.482172429561615,0.00018648155950164492,75189,,,
sft_esm3_mlp_combined_qwen3_8b_it_0306_010408,4940,0.5121028352252112,0.4352,1.5381,,0.5193643569946289,0.00018642681658421892,73965,,,
sft_esm3_mlp_combined_qwen3_8b_it_0306_010408,4950,0.5131394806406469,0.3894,1.4931,,0.5282149910926819,0.00018637197111869957,64888,,,
sft_esm3_mlp_combined_qwen3_8b_it_0306_010408,4960,0.5141761260560825,0.4337,1.5001,,0.496786892414093,0.00018631702317016275,75195,,,
sft_esm3_mlp_combined_qwen3_8b_it_0306_010408,4970,0.5152127714715181,0.5301,1.557,,0.5995614528656006,0.0001862619728038059,72322,,,
sft_esm3_mlp_combined_qwen3_8b_it_0306_010408,4980,0.5162494168869538,0.3718,1.4344,,0.49268805980682373,0.0001862068200849479,69130,,,
sft_esm3_mlp_combined_qwen3_8b_it_0306_010408,4990,0.5172860623023895,0.3959,1.5599,,0.5217416882514954,0.00018615156507902924,73854,,,
sft_esm3_mlp_combined_qwen3_8b_it_0306_010408,5000,0.5183227077178251,0.4231,1.4633,,0.6669925451278687,0.00018609620785161167,63665,,,
sft_esm3_mlp_combined_qwen3_8b_it_0306_010408,5000,0.5183227077178251,0.4058,,0.3942946195602417,,,65600,51.7653,96.59,3.033
sft_esm3_mlp_combined_qwen3_8b_it_0306_010408,5010,0.5193593531332608,0.3663,1.4821,,0.5053560137748718,0.0001860407484683783,73316,,,
sft_esm3_mlp_combined_qwen3_8b_it_0306_010408,5020,0.5203959985486964,0.487,1.5587,,0.5451399087905884,0.00018598518699513333,75545,,,
sft_esm3_mlp_combined_qwen3_8b_it_0306_010408,5030,0.521432643964132,0.3772,1.4706,,0.6276171803474426,0.0001859295234978022,65409,,,
sft_esm3_mlp_combined_qwen3_8b_it_0306_010408,5040,0.5224692893795677,0.4061,1.4821,,0.4959412217140198,0.00018587375804243137,78621,,,
sft_esm3_mlp_combined_qwen3_8b_it_0306_010408,5050,0.5235059347950034,0.4605,1.5468,,0.8219445943832397,0.00018581789069518827,69625,,,
sft_esm3_mlp_combined_qwen3_8b_it_0306_010408,5060,0.524542580210439,0.376,1.399,,0.5229567289352417,0.00018576192152236127,72875,,,
sft_esm3_mlp_combined_qwen3_8b_it_0306_010408,5070,0.5255792256258747,0.4506,1.5187,,0.5236271023750305,0.0001857058505903595,76688,,,
sft_esm3_mlp_combined_qwen3_8b_it_0306_010408,5080,0.5266158710413104,0.3979,1.5243,,0.6714038252830505,0.00018564967796571286,64022,,,
sft_esm3_mlp_combined_qwen3_8b_it_0306_010408,5090,0.5276525164567459,0.4526,1.4614,,0.5469889044761658,0.0001855934037150719,79320,,,
sft_esm3_mlp_combined_qwen3_8b_it_0306_010408,5100,0.5286891618721816,0.4035,1.5449,,0.5447632074356079,0.0001855370279052078,65042,,,
sft_esm3_mlp_combined_qwen3_8b_it_0306_010408,5110,0.5297258072876173,0.3761,1.3955,,0.5886102914810181,0.00018548055060301215,69104,,,
sft_esm3_mlp_combined_qwen3_8b_it_0306_010408,5120,0.5307624527030529,0.4721,1.5387,,0.5537194609642029,0.00018542397187549706,79496,,,
sft_esm3_mlp_combined_qwen3_8b_it_0306_010408,5130,0.5317990981184886,0.4143,1.5303,,0.6236017942428589,0.00018536729178979488,63924,,,
sft_esm3_mlp_combined_qwen3_8b_it_0306_010408,5140,0.5328357435339243,0.4436,1.4499,,0.5518729090690613,0.00018531051041315838,76605,,,
sft_esm3_mlp_combined_qwen3_8b_it_0306_010408,5150,0.5338723889493598,0.4221,1.6104,,0.5475431680679321,0.00018525362781296036,67194,,,
sft_esm3_mlp_combined_qwen3_8b_it_0306_010408,5160,0.5349090343647955,0.3905,1.4485,,0.6020500659942627,0.00018519664405669377,66363,,,
sft_esm3_mlp_combined_qwen3_8b_it_0306_010408,5170,0.5359456797802312,0.4597,1.509,,0.5301352739334106,0.00018513955921197167,82231,,,
sft_esm3_mlp_combined_qwen3_8b_it_0306_010408,5180,0.5369823251956668,0.4878,1.5376,,0.5274538397789001,0.0001850823733465269,74850,,,
sft_esm3_mlp_combined_qwen3_8b_it_0306_010408,5190,0.5380189706111025,0.4115,1.4386,,0.5464156866073608,0.00018502508652821234,69270,,,
sft_esm3_mlp_combined_qwen3_8b_it_0306_010408,5200,0.5390556160265382,0.3859,1.5776,,0.5011977553367615,0.00018496769882500055,73120,,,
sft_esm3_mlp_combined_qwen3_8b_it_0306_010408,5210,0.5400922614419738,0.4627,1.5211,,0.6372057199478149,0.00018491021030498384,68179,,,
sft_esm3_mlp_combined_qwen3_8b_it_0306_010408,5220,0.5411289068574094,0.4066,1.4667,,0.47897040843963623,0.00018485262103637404,76693,,,
sft_esm3_mlp_combined_qwen3_8b_it_0306_010408,5230,0.542165552272845,0.4059,1.5461,,0.5470263957977295,0.00018479493108750268,66731,,,
sft_esm3_mlp_combined_qwen3_8b_it_0306_010408,5240,0.5432021976882807,0.376,1.4231,,0.627012312412262,0.00018473714052682063,68700,,,
sft_esm3_mlp_combined_qwen3_8b_it_0306_010408,5250,0.5442388431037164,0.4152,1.4907,,0.4993865191936493,0.0001846792494228982,74596,,,
sft_esm3_mlp_combined_qwen3_8b_it_0306_010408,5250,0.5442388431037164,0.4552,,0.39018991589546204,,,64099,52.9227,94.477,2.967
sft_esm3_mlp_combined_qwen3_8b_it_0306_010408,5260,0.545275488519152,0.4166,1.538,,0.6175150275230408,0.00018462125784442495,69436,,,
sft_esm3_mlp_combined_qwen3_8b_it_0306_010408,5270,0.5463121339345877,0.4058,1.4353,,0.574861466884613,0.0001845631658602097,69468,,,
sft_esm3_mlp_combined_qwen3_8b_it_0306_010408,5280,0.5473487793500234,0.42,1.5462,,0.5108598470687866,0.0001845049735391804,72702,,,
sft_esm3_mlp_combined_qwen3_8b_it_0306_010408,5290,0.5483854247654589,0.3873,1.4997,,0.6648775339126587,0.00018444668095038403,57967,,,
sft_esm3_mlp_combined_qwen3_8b_it_0306_010408,5300,0.5494220701808946,0.417,1.4524,,0.5135678052902222,0.00018438828816298654,77484,,,
sft_esm3_mlp_combined_qwen3_8b_it_0306_010408,5310,0.5504587155963303,0.3818,1.563,,0.49100401997566223,0.0001843297952462728,65231,,,
sft_esm3_mlp_combined_qwen3_8b_it_0306_010408,5320,0.5514953610117659,0.4015,1.4013,,0.5985267758369446,0.00018427120226964644,67353,,,
sft_esm3_mlp_combined_qwen3_8b_it_0306_010408,5330,0.5525320064272016,0.4693,1.5313,,0.5283083915710449,0.00018421250930262989,73109,,,
sft_esm3_mlp_combined_qwen3_8b_it_0306_010408,5340,0.5535686518426373,0.4597,1.5391,,0.6674370169639587,0.00018415371641486412,67380,,,
sft_esm3_mlp_combined_qwen3_8b_it_0306_010408,5350,0.5546052972580728,0.4034,1.4168,,0.587155282497406,0.0001840948236761087,72119,,,
sft_esm3_mlp_combined_qwen3_8b_it_0306_010408,5360,0.5556419426735085,0.4272,1.5362,,0.48112937808036804,0.00018403583115624174,70057,,,
sft_esm3_mlp_combined_qwen3_8b_it_0306_010408,5370,0.5566785880889442,0.4621,1.5276,,0.6428830623626709,0.00018397673892525966,65292,,,
sft_esm3_mlp_combined_qwen3_8b_it_0306_010408,5380,0.5577152335043798,0.3548,1.5135,,0.45684459805488586,0.00018391754705327727,69195,,,
sft_esm3_mlp_combined_qwen3_8b_it_0306_010408,5390,0.5587518789198155,0.454,1.5325,,0.5017808675765991,0.00018385825561052747,75080,,,
sft_esm3_mlp_combined_qwen3_8b_it_0306_010408,5400,0.5597885243352512,0.3497,1.4253,,0.5933493375778198,0.00018379886466736144,64477,,,
sft_esm3_mlp_combined_qwen3_8b_it_0306_010408,5410,0.5608251697506867,0.3909,1.4655,,0.4810568392276764,0.0001837393742942484,73610,,,
sft_esm3_mlp_combined_qwen3_8b_it_0306_010408,5420,0.5618618151661224,0.5152,1.5154,,0.5798661112785339,0.0001836797845617755,73744,,,
sft_esm3_mlp_combined_qwen3_8b_it_0306_010408,5430,0.5628984605815581,0.351,1.4193,,0.5332244634628296,0.00018362009554064777,68108,,,
sft_esm3_mlp_combined_qwen3_8b_it_0306_010408,5440,0.5639351059969937,0.4076,1.4666,,0.5304902195930481,0.00018356030730168812,74638,,,
sft_esm3_mlp_combined_qwen3_8b_it_0306_010408,5450,0.5649717514124294,0.4184,1.5106,,0.6130317449569702,0.00018350041991583712,62953,,,
sft_esm3_mlp_combined_qwen3_8b_it_0306_010408,5460,0.5660083968278651,0.421,1.4991,,0.48156142234802246,0.00018344043345415301,76492,,,
sft_esm3_mlp_combined_qwen3_8b_it_0306_010408,5470,0.5670450422433007,0.446,1.5577,,0.6436881422996521,0.00018338034798781166,68586,,,
sft_esm3_mlp_combined_qwen3_8b_it_0306_010408,5480,0.5680816876587363,0.3499,1.3979,,0.4754655361175537,0.0001833201635881062,68035,,,
sft_esm3_mlp_combined_qwen3_8b_it_0306_010408,5490,0.569118333074172,0.4083,1.5524,,0.5108122229576111,0.00018325988032644736,71712,,,
sft_esm3_mlp_combined_qwen3_8b_it_0306_010408,5500,0.5701549784896076,0.3863,1.4925,,0.6572183966636658,0.0001831994982743631,62396,,,
sft_esm3_mlp_combined_qwen3_8b_it_0306_010408,5500,0.5701549784896076,0.4584,,0.3873242437839508,,,64517,54.3983,91.915,2.886
sft_esm3_mlp_combined_qwen3_8b_it_0306_010408,5510,0.5711916239050433,0.4226,1.4266,,0.5177978873252869,0.0001831390175034986,80486,,,
sft_esm3_mlp_combined_qwen3_8b_it_0306_010408,5520,0.5722282693204789,0.4324,1.5541,,0.5130497217178345,0.00018307843808561613,69583,,,
sft_esm3_mlp_combined_qwen3_8b_it_0306_010408,5530,0.5732649147359146,0.3505,1.4585,,0.5932374000549316,0.00018301776009259507,66669,,,
sft_esm3_mlp_combined_qwen3_8b_it_0306_010408,5540,0.5743015601513503,0.4534,1.541,,0.4801289141178131,0.00018295698359643172,77855,,,
sft_esm3_mlp_combined_qwen3_8b_it_0306_010408,5550,0.5753382055667858,0.4245,1.515,,0.6279893517494202,0.0001828961086692393,65304,,,
sft_esm3_mlp_combined_qwen3_8b_it_0306_010408,5560,0.5763748509822215,0.3862,1.4383,,0.5814895629882812,0.00018283513538324778,71365,,,
sft_esm3_mlp_combined_qwen3_8b_it_0306_010408,5570,0.5774114963976572,0.4126,1.5407,,0.5109565258026123,0.00018277406381080383,73098,,,
sft_esm3_mlp_combined_qwen3_8b_it_0306_010408,5580,0.5784481418130928,0.3483,1.4471,,0.6501891016960144,0.0001827128940243708,64522,,,
sft_esm3_mlp_combined_qwen3_8b_it_0306_010408,5590,0.5794847872285285,0.4299,1.4913,,0.6027421355247498,0.00018265162609652853,75820,,,
sft_esm3_mlp_combined_qwen3_8b_it_0306_010408,5600,0.5805214326439642,0.4028,1.5357,,0.5428863167762756,0.0001825902600999733,67902,,,
sft_esm3_mlp_combined_qwen3_8b_it_0306_010408,5610,0.5815580780593997,0.4117,1.4221,,0.5702452659606934,0.00018252879610751772,72671,,,
sft_esm3_mlp_combined_qwen3_8b_it_0306_010408,5620,0.5825947234748354,0.3973,1.4997,,0.5144875645637512,0.0001824672341920908,70815,,,
sft_esm3_mlp_combined_qwen3_8b_it_0306_010408,5630,0.5836313688902711,0.4209,1.5341,,0.6024963855743408,0.00018240557442673763,64904,,,
sft_esm3_mlp_combined_qwen3_8b_it_0306_010408,5640,0.5846680143057067,0.4144,1.4317,,0.5092599987983704,0.00018234381688461942,73672,,,
sft_esm3_mlp_combined_qwen3_8b_it_0306_010408,5650,0.5857046597211424,0.3722,1.5605,,0.5330538749694824,0.0001822819616390134,65229,,,
sft_esm3_mlp_combined_qwen3_8b_it_0306_010408,5660,0.5867413051365781,0.3572,1.4319,,0.5396391749382019,0.00018222000876331278,65052,,,
sft_esm3_mlp_combined_qwen3_8b_it_0306_010408,5670,0.5877779505520137,0.4395,1.4661,,0.49301615357398987,0.00018215795833102653,79763,,,
sft_esm3_mlp_combined_qwen3_8b_it_0306_010408,5680,0.5888145959674493,0.355,1.5183,,0.5858680605888367,0.00018209581041577936,65783,,,
sft_esm3_mlp_combined_qwen3_8b_it_0306_010408,5690,0.589851241382885,0.3964,1.4323,,0.6038278341293335,0.00018203356509131178,71047,,,
sft_esm3_mlp_combined_qwen3_8b_it_0306_010408,5700,0.5908878867983206,0.4394,1.5597,,0.4774221181869507,0.00018197122243147974,72432,,,
sft_esm3_mlp_combined_qwen3_8b_it_0306_010408,5710,0.5919245322137563,0.4433,1.496,,0.6621390581130981,0.00018190878251025475,66248,,,
sft_esm3_mlp_combined_qwen3_8b_it_0306_010408,5720,0.592961177629192,0.4214,1.4394,,0.5625699758529663,0.0001818462454017237,70058,,,
sft_esm3_mlp_combined_qwen3_8b_it_0306_010408,5730,0.5939978230446276,0.4046,1.5617,,0.5347899198532104,0.00018178361118008883,68799,,,
sft_esm3_mlp_combined_qwen3_8b_it_0306_010408,5740,0.5950344684600632,0.3873,1.4243,,0.6026853322982788,0.0001817208799196676,66663,,,
sft_esm3_mlp_combined_qwen3_8b_it_0306_010408,5750,0.5960711138754989,0.407,1.4852,,0.5336219668388367,0.00018165805169489255,74140,,,
sft_esm3_mlp_combined_qwen3_8b_it_0306_010408,5750,0.5960711138754989,0.4536,,0.3880477249622345,,,61880,52.2855,95.629,3.003
sft_esm3_mlp_combined_qwen3_8b_it_0306_010408,5760,0.5971077592909345,0.3991,1.5098,,0.5704396963119507,0.0001815951265803113,67307,,,
sft_esm3_mlp_combined_qwen3_8b_it_0306_010408,5770,0.5981444047063702,0.4012,1.4248,,0.6350104212760925,0.0001815321046505865,72215,,,
sft_esm3_mlp_combined_qwen3_8b_it_0306_010408,5780,0.5991810501218059,0.4281,1.5342,,0.5122162699699402,0.00018146898598049558,73285,,,
sft_esm3_mlp_combined_qwen3_8b_it_0306_010408,5790,0.6002176955372415,0.3736,1.4749,,0.6349571943283081,0.0001814057706449308,60910,,,
sft_esm3_mlp_combined_qwen3_8b_it_0306_010408,5800,0.6012543409526772,0.4676,1.4518,,0.5462356209754944,0.00018134245871889916,81386,,,
sft_esm3_mlp_combined_qwen3_8b_it_0306_010408,5810,0.6022909863681127,0.4011,1.5539,,0.4995466470718384,0.00018127905027752217,66894,,,
sft_esm3_mlp_combined_qwen3_8b_it_0306_010408,5820,0.6033276317835484,0.3823,1.412,,0.4849245846271515,0.0001812155453960359,65346,,,
sft_esm3_mlp_combined_qwen3_8b_it_0306_010408,5830,0.6043642771989841,0.4053,1.4754,,0.5042667388916016,0.00018115194414979087,72782,,,
sft_esm3_mlp_combined_qwen3_8b_it_0306_010408,5840,0.6054009226144197,0.4187,1.5734,,0.5441162586212158,0.00018108824661425195,65985,,,
sft_esm3_mlp_combined_qwen3_8b_it_0306_010408,5850,0.6064375680298554,0.4269,1.4044,,0.552968442440033,0.00018102445286499825,72790,,,
sft_esm3_mlp_combined_qwen3_8b_it_0306_010408,5860,0.6074742134452911,0.4415,1.5692,,0.5134543180465698,0.00018096056297772298,71930,,,
sft_esm3_mlp_combined_qwen3_8b_it_0306_010408,5870,0.6085108588607266,0.4097,1.4342,,0.5600976347923279,0.0001808965770282335,66364,,,
sft_esm3_mlp_combined_qwen3_8b_it_0306_010408,5880,0.6095475042761623,0.4187,1.4578,,0.5246951580047607,0.0001808324950924511,75279,,,
sft_esm3_mlp_combined_qwen3_8b_it_0306_010408,5890,0.610584149691598,0.4617,1.5008,,0.5434414744377136,0.000180768317246411,72300,,,
sft_esm3_mlp_combined_qwen3_8b_it_0306_010408,5900,0.6116207951070336,0.3954,1.4095,,0.5853005647659302,0.00018070404356626218,69318,,,
sft_esm3_mlp_combined_qwen3_8b_it_0306_010408,5910,0.6126574405224693,0.3577,1.5026,,0.510931134223938,0.00018063967412826736,69343,,,
sft_esm3_mlp_combined_qwen3_8b_it_0306_010408,5920,0.613694085937905,0.4477,1.4466,,0.6200836896896362,0.0001805752090088029,70485,,,
sft_esm3_mlp_combined_qwen3_8b_it_0306_010408,5930,0.6147307313533406,0.3735,1.4441,,0.5242909789085388,0.00018051064828435861,68597,,,
sft_esm3_mlp_combined_qwen3_8b_it_0306_010408,5940,0.6157673767687762,0.442,1.5575,,0.4769168496131897,0.00018044599203153783,67554,,,
sft_esm3_mlp_combined_qwen3_8b_it_0306_010408,5950,0.6168040221842119,0.3829,1.3989,,0.6094135046005249,0.00018038124032705718,68000,,,
sft_esm3_mlp_combined_qwen3_8b_it_0306_010408,5960,0.6178406675996475,0.4187,1.49,,0.5401615500450134,0.00018031639324774657,77901,,,
sft_esm3_mlp_combined_qwen3_8b_it_0306_010408,5970,0.6188773130150832,0.4314,1.5043,,0.5819069743156433,0.00018025145087054907,66839,,,
sft_esm3_mlp_combined_qwen3_8b_it_0306_010408,5980,0.6199139584305189,0.3738,1.4014,,0.5790914297103882,0.00018018641327252085,72770,,,
sft_esm3_mlp_combined_qwen3_8b_it_0306_010408,5990,0.6209506038459545,0.3978,1.4939,,0.48669466376304626,0.00018012128053083095,70920,,,
sft_esm3_mlp_combined_qwen3_8b_it_0306_010408,6000,0.6219872492613902,0.4036,1.4479,,0.6533015966415405,0.00018005605272276146,66424,,,
sft_esm3_mlp_combined_qwen3_8b_it_0306_010408,6000,0.6219872492613902,0.4711,,0.38310113549232483,,,62189,51.8422,96.446,3.028
sft_esm3_mlp_combined_qwen3_8b_it_0306_010408,6010,0.6230238946768258,0.416,1.4621,,0.5272810459136963,0.00017999072992570713,73726,,,
sft_esm3_mlp_combined_qwen3_8b_it_0306_010408,6020,0.6240605400922614,0.4774,1.4919,,0.5300768613815308,0.00017992531221717556,71264,,,
sft_esm3_mlp_combined_qwen3_8b_it_0306_010408,6030,0.6250971855076971,0.4461,1.4775,,0.5350263118743896,0.00017985979967478685,64244,,,
sft_esm3_mlp_combined_qwen3_8b_it_0306_010408,6040,0.6261338309231328,0.4098,1.5107,,0.4620247185230255,0.00017979419237627365,72854,,,
sft_esm3_mlp_combined_qwen3_8b_it_0306_010408,6050,0.6271704763385684,0.4321,1.5118,,0.6072582602500916,0.00017972849039948104,66133,,,
sft_esm3_mlp_combined_qwen3_8b_it_0306_010408,6060,0.6282071217540041,0.3854,1.4194,,0.5128024220466614,0.00017966269382236648,71240,,,
sft_esm3_mlp_combined_qwen3_8b_it_0306_010408,6070,0.6292437671694396,0.4686,1.496,,0.4979768991470337,0.00017959680272299964,78019,,,
sft_esm3_mlp_combined_qwen3_8b_it_0306_010408,6080,0.6302804125848753,0.3661,1.4625,,0.6472129225730896,0.00017953081717956234,68053,,,
sft_esm3_mlp_combined_qwen3_8b_it_0306_010408,6090,0.631317058000311,0.3477,1.5146,,0.5488554835319519,0.00017946473727034845,70815,,,
sft_esm3_mlp_combined_qwen3_8b_it_0306_010408,6100,0.6323537034157466,0.4074,1.4916,,0.5517231225967407,0.00017939856307376388,74372,,,
sft_esm3_mlp_combined_qwen3_8b_it_0306_010408,6110,0.6333903488311823,0.3854,1.3685,,0.5823243260383606,0.00017933229466832632,70992,,,
sft_esm3_mlp_combined_qwen3_8b_it_0306_010408,6120,0.634426994246618,0.3826,1.4691,,0.4855203330516815,0.00017926593213266528,70709,,,
sft_esm3_mlp_combined_qwen3_8b_it_0306_010408,6130,0.6354636396620535,0.4546,1.5152,,0.5565938353538513,0.00017919947554552196,71983,,,
sft_esm3_mlp_combined_qwen3_8b_it_0306_010408,6140,0.6365002850774892,0.3682,1.4132,,0.5856984257698059,0.00017913292498574922,67570,,,
sft_esm3_mlp_combined_qwen3_8b_it_0306_010408,6150,0.6375369304929249,0.3923,1.4915,,0.5221431255340576,0.0001790662805323113,70952,,,
sft_esm3_mlp_combined_qwen3_8b_it_0306_010408,6160,0.6385735759083605,0.4189,1.4251,,0.5459516644477844,0.00017899954226428393,69017,,,
sft_esm3_mlp_combined_qwen3_8b_it_0306_010408,6170,0.6396102213237962,0.4125,1.5098,,0.5234940052032471,0.0001789327102608541,71106,,,
sft_esm3_mlp_combined_qwen3_8b_it_0306_010408,6180,0.6406468667392319,0.4481,1.5172,,0.5471693277359009,0.00017886578460132011,73810,,,
sft_esm3_mlp_combined_qwen3_8b_it_0306_010408,6190,0.6416835121546675,0.3286,1.4072,,0.5147290825843811,0.00017879876536509127,65763,,,
sft_esm3_mlp_combined_qwen3_8b_it_0306_010408,6200,0.6427201575701031,0.419,1.5266,,0.51288902759552,0.000178731652631688,74225,,,
sft_esm3_mlp_combined_qwen3_8b_it_0306_010408,6210,0.6437568029855388,0.4052,1.444,,0.6607027649879456,0.00017866444648074166,65026,,,
sft_esm3_mlp_combined_qwen3_8b_it_0306_010408,6220,0.6447934484009744,0.3923,1.4479,,0.5119706988334656,0.00017859714699199438,74473,,,
sft_esm3_mlp_combined_qwen3_8b_it_0306_010408,6230,0.6458300938164101,0.4329,1.4678,,0.45441997051239014,0.0001785297542452991,74346,,,
sft_esm3_mlp_combined_qwen3_8b_it_0306_010408,6240,0.6468667392318458,0.366,1.4064,,0.5591163039207458,0.00017846226832061944,69219,,,
sft_esm3_mlp_combined_qwen3_8b_it_0306_010408,6250,0.6479033846472814,0.3546,1.4492,,0.49837061762809753,0.0001783946892980295,74150,,,
sft_esm3_mlp_combined_qwen3_8b_it_0306_010408,6250,0.6479033846472814,0.4724,,0.3820732533931732,,,63243,51.8142,96.499,3.03
sft_esm3_mlp_combined_qwen3_8b_it_0306_010408,6260,0.648940030062717,0.4452,1.4742,,0.5370898842811584,0.00017832701725771388,78058,,,
sft_esm3_mlp_combined_qwen3_8b_it_0306_010408,6270,0.6499766754781527,0.3428,1.4112,,0.5257253646850586,0.0001782592522799676,65536,,,
sft_esm3_mlp_combined_qwen3_8b_it_0306_010408,6280,0.6510133208935883,0.3804,1.4571,,0.4514904022216797,0.0001781913944451958,73486,,,
sft_esm3_mlp_combined_qwen3_8b_it_0306_010408,6290,0.652049966309024,0.4118,1.4452,,0.7319955825805664,0.000178123443833914,65011,,,
sft_esm3_mlp_combined_qwen3_8b_it_0306_010408,6300,0.6530866117244597,0.3755,1.4837,,0.4654780626296997,0.0001780554005267477,69280,,,
sft_esm3_mlp_combined_qwen3_8b_it_0306_010408,6310,0.6541232571398953,0.3967,1.4439,,0.5547196865081787,0.00017798726460443233,74450,,,
sft_esm3_mlp_combined_qwen3_8b_it_0306_010408,6320,0.655159902555331,0.3956,1.4274,,0.632162868976593,0.0001779190361478133,68306,,,
sft_esm3_mlp_combined_qwen3_8b_it_0306_010408,6330,0.6561965479707667,0.3822,1.4772,,0.5286613702774048,0.00017785071523784582,71950,,,
sft_esm3_mlp_combined_qwen3_8b_it_0306_010408,6340,0.6572331933862022,0.439,1.5308,,0.6229611039161682,0.00017778230195559472,69526,,,
sft_esm3_mlp_combined_qwen3_8b_it_0306_010408,6350,0.6582698388016379,0.3071,1.4139,,0.5613670349121094,0.00017771379638223452,63835,,,
sft_esm3_mlp_combined_qwen3_8b_it_0306_010408,6360,0.6593064842170735,0.4661,1.4745,,0.4835030436515808,0.00017764519859904914,75281,,,
sft_esm3_mlp_combined_qwen3_8b_it_0306_010408,6370,0.6603431296325092,0.3612,1.4458,,0.7305859923362732,0.000177576508687432,65521,,,
sft_esm3_mlp_combined_qwen3_8b_it_0306_010408,6380,0.6613797750479449,0.3683,1.4383,,0.5587407946586609,0.00017750772672888582,76495,,,
sft_esm3_mlp_combined_qwen3_8b_it_0306_010408,6390,0.6624164204633805,0.4612,1.5152,,0.50620037317276,0.00017743885280502254,74537,,,
sft_esm3_mlp_combined_qwen3_8b_it_0306_010408,6400,0.6634530658788161,0.368,1.4488,,0.5523916482925415,0.00017736988699756318,62551,,,
sft_esm3_mlp_combined_qwen3_8b_it_0306_010408,6410,0.6644897112942518,0.3594,1.4576,,0.47560733556747437,0.0001773008293883378,76708,,,
sft_esm3_mlp_combined_qwen3_8b_it_0306_010408,6420,0.6655263567096874,0.3851,1.4933,,0.5888247489929199,0.00017723168005928539,68437,,,
sft_esm3_mlp_combined_qwen3_8b_it_0306_010408,6430,0.6665630021251231,0.3697,1.372,,0.5492026805877686,0.00017716243909245377,72617,,,
sft_esm3_mlp_combined_qwen3_8b_it_0306_010408,6440,0.6675996475405588,0.4048,1.495,,0.5090485215187073,0.0001770931065699995,79978,,,
sft_esm3_mlp_combined_qwen3_8b_it_0306_010408,6450,0.6686362929559944,0.3627,1.474,,0.6836345791816711,0.00017702368257418777,60511,,,
sft_esm3_mlp_combined_qwen3_8b_it_0306_010408,6460,0.66967293837143,0.4119,1.4171,,0.4933173954486847,0.0001769541671873923,81820,,,
sft_esm3_mlp_combined_qwen3_8b_it_0306_010408,6470,0.6707095837868657,0.3875,1.5572,,0.5404702425003052,0.00017688456049209524,63708,,,
sft_esm3_mlp_combined_qwen3_8b_it_0306_010408,6480,0.6717462292023013,0.3814,1.4535,,0.6282719373703003,0.00017681486257088705,65836,,,
sft_esm3_mlp_combined_qwen3_8b_it_0306_010408,6490,0.672782874617737,0.404,1.4598,,0.5283654928207397,0.00017674507350646655,76110,,,
sft_esm3_mlp_combined_qwen3_8b_it_0306_010408,6500,0.6738195200331727,0.3915,1.5079,,0.6256105899810791,0.0001766751933816406,65784,,,
sft_esm3_mlp_combined_qwen3_8b_it_0306_010408,6500,0.6738195200331727,0.4245,,0.37943482398986816,,,64204,52.5213,95.2,2.989
sft_esm3_mlp_combined_qwen3_8b_it_0306_010408,6510,0.6748561654486083,0.3914,1.4045,,0.5599173307418823,0.00017660522227932408,72071,,,
sft_esm3_mlp_combined_qwen3_8b_it_0306_010408,6520,0.675892810864044,0.4464,1.5325,,0.49246057868003845,0.00017653516028253994,71605,,,
sft_esm3_mlp_combined_qwen3_8b_it_0306_010408,6530,0.6769294562794796,0.36,1.4138,,0.5695907473564148,0.00017646500747441884,66392,,,
sft_esm3_mlp_combined_qwen3_8b_it_0306_010408,6540,0.6779661016949152,0.4224,1.4519,,0.4950980842113495,0.00017639476393819929,75725,,,
sft_esm3_mlp_combined_qwen3_8b_it_0306_010408,6550,0.6790027471103509,0.4029,1.5398,,0.5765064358711243,0.00017632442975722742,66540,,,
sft_esm3_mlp_combined_qwen3_8b_it_0306_010408,6560,0.6800393925257866,0.3748,1.3861,,0.5637131333351135,0.00017625400501495694,70938,,,
sft_esm3_mlp_combined_qwen3_8b_it_0306_010408,6570,0.6810760379412222,0.3886,1.4989,,0.47087839245796204,0.00017618348979494896,73075,,,
sft_esm3_mlp_combined_qwen3_8b_it_0306_010408,6580,0.6821126833566579,0.4376,1.4579,,0.6129555702209473,0.00017611288418087196,71402,,,
sft_esm3_mlp_combined_qwen3_8b_it_0306_010408,6590,0.6831493287720936,0.3829,1.3794,,0.5090144872665405,0.00017604218825650173,73200,,,
sft_esm3_mlp_combined_qwen3_8b_it_0306_010408,6600,0.6841859741875291,0.367,1.5286,,0.5033524036407471,0.0001759714021057211,66492,,,
sft_esm3_mlp_combined_qwen3_8b_it_0306_010408,6610,0.6852226196029648,0.3805,1.4282,,0.6105337142944336,0.0001759005258125201,65493,,,
sft_esm3_mlp_combined_qwen3_8b_it_0306_010408,6620,0.6862592650184005,0.3616,1.4855,,0.5181137919425964,0.00017582955946099558,75380,,,
sft_esm3_mlp_combined_qwen3_8b_it_0306_010408,6630,0.6872959104338361,0.3515,1.5223,,0.5356408357620239,0.00017575850313535142,70006,,,
sft_esm3_mlp_combined_qwen3_8b_it_0306_010408,6640,0.6883325558492718,0.4043,1.3896,,0.5350277423858643,0.00017568735691989804,71603,,,
sft_esm3_mlp_combined_qwen3_8b_it_0306_010408,6650,0.6893692012647074,0.3859,1.5378,,0.4995739459991455,0.00017561612089905267,66164,,,
sft_esm3_mlp_combined_qwen3_8b_it_0306_010408,6660,0.690405846680143,0.484,1.4911,,0.6608572006225586,0.00017554479515733906,69936,,,
sft_esm3_mlp_combined_qwen3_8b_it_0306_010408,6670,0.6914424920955787,0.3405,1.3827,,0.5395162105560303,0.0001754733797793874,72880,,,
sft_esm3_mlp_combined_qwen3_8b_it_0306_010408,6680,0.6924791375110143,0.4397,1.4976,,0.49306631088256836,0.00017540187484993425,73990,,,
sft_esm3_mlp_combined_qwen3_8b_it_0306_010408,6690,0.69351578292645,0.3597,1.4284,,0.5871477723121643,0.0001753302804538224,67781,,,
sft_esm3_mlp_combined_qwen3_8b_it_0306_010408,6700,0.6945524283418857,0.3945,1.4466,,0.4918365776538849,0.00017525859667600084,79271,,,
sft_esm3_mlp_combined_qwen3_8b_it_0306_010408,6710,0.6955890737573213,0.4267,1.5324,,0.5928035974502563,0.00017518682360152463,67079,,,
sft_esm3_mlp_combined_qwen3_8b_it_0306_010408,6720,0.696625719172757,0.3418,1.3744,,0.5259472131729126,0.00017511496131555467,65535,,,
sft_esm3_mlp_combined_qwen3_8b_it_0306_010408,6730,0.6976623645881926,0.4389,1.4818,,0.5749549865722656,0.00017504300990335784,74626,,,
sft_esm3_mlp_combined_qwen3_8b_it_0306_010408,6740,0.6986990100036282,0.4375,1.5016,,0.7368844151496887,0.0001749709694503067,65330,,,
sft_esm3_mlp_combined_qwen3_8b_it_0306_010408,6750,0.6997356554190639,0.3876,1.3781,,0.5283634662628174,0.00017489884004187947,74087,,,
sft_esm3_mlp_combined_qwen3_8b_it_0306_010408,6750,0.6997356554190639,0.4567,,0.37749549746513367,,,65831,51.7913,96.541,3.031
sft_esm3_mlp_combined_qwen3_8b_it_0306_010408,6760,0.7007723008344996,0.4081,1.4887,,0.47917917370796204,0.00017482662176365995,76257,,,
sft_esm3_mlp_combined_qwen3_8b_it_0306_010408,6770,0.7018089462499352,0.3693,1.4541,,0.6337282061576843,0.00017475431470133734,62269,,,
sft_esm3_mlp_combined_qwen3_8b_it_0306_010408,6780,0.7028455916653709,0.4044,1.459,,0.5437795519828796,0.0001746819189407062,76918,,,
sft_esm3_mlp_combined_qwen3_8b_it_0306_010408,6790,0.7038822370808065,0.4086,1.519,,0.6563374996185303,0.00017460943456766635,67393,,,
sft_esm3_mlp_combined_qwen3_8b_it_0306_010408,6800,0.7049188824962421,0.3596,1.4147,,0.5650702714920044,0.00017453686166822276,67132,,,
sft_esm3_mlp_combined_qwen3_8b_it_0306_010408,6810,0.7059555279116778,0.4565,1.4559,,0.4869285821914673,0.00017446420032848542,78115,,,
sft_esm3_mlp_combined_qwen3_8b_it_0306_010408,6820,0.7069921733271135,0.3692,1.4709,,0.5903561115264893,0.00017439145063466923,60193,,,
sft_esm3_mlp_combined_qwen3_8b_it_0306_010408,6830,0.7080288187425491,0.3677,1.3981,,0.5056526064872742,0.000174318612673094,79386,,,
sft_esm3_mlp_combined_qwen3_8b_it_0306_010408,6840,0.7090654641579848,0.4514,1.5241,,0.5104149580001831,0.00017424568653018417,70265,,,
sft_esm3_mlp_combined_qwen3_8b_it_0306_010408,6850,0.7101021095734205,0.3191,1.413,,0.5996108651161194,0.0001741726722924689,64602,,,
sft_esm3_mlp_combined_qwen3_8b_it_0306_010408,6860,0.711138754988856,0.3699,1.4511,,0.5614352226257324,0.00017409957004658187,75280,,,
sft_esm3_mlp_combined_qwen3_8b_it_0306_010408,6870,0.7121754004042917,0.4435,1.5355,,0.6157987117767334,0.00017402637987926108,67612,,,
sft_esm3_mlp_combined_qwen3_8b_it_0306_010408,6880,0.7132120458197274,0.369,1.354,,0.4518046975135803,0.000173953101877349,72607,,,
sft_esm3_mlp_combined_qwen3_8b_it_0306_010408,6890,0.714248691235163,0.4093,1.4497,,0.49118199944496155,0.0001738797361277922,76154,,,
sft_esm3_mlp_combined_qwen3_8b_it_0306_010408,6900,0.7152853366505987,0.3394,1.4498,,0.5757914781570435,0.00017380628271764146,61479,,,
sft_esm3_mlp_combined_qwen3_8b_it_0306_010408,6910,0.7163219820660344,0.341,1.4426,,0.5463186502456665,0.00017373274173405147,74107,,,
sft_esm3_mlp_combined_qwen3_8b_it_0306_010408,6920,0.71735862748147,0.4154,1.5197,,0.5549689531326294,0.00017365911326428096,70836,,,
sft_esm3_mlp_combined_qwen3_8b_it_0306_010408,6930,0.7183952728969056,0.3471,1.3733,,0.6468015313148499,0.00017358539739569233,66797,,,
sft_esm3_mlp_combined_qwen3_8b_it_0306_010408,6940,0.7194319183123412,0.38,1.46,,0.5879062414169312,0.00017351159421575174,79523,,,
sft_esm3_mlp_combined_qwen3_8b_it_0306_010408,6950,0.7204685637277769,0.4352,1.5068,,0.5934736132621765,0.00017343770381202895,73414,,,
sft_esm3_mlp_combined_qwen3_8b_it_0306_010408,6960,0.7215052091432126,0.3663,1.3958,,0.5518680810928345,0.00017336372627219725,67222,,,
sft_esm3_mlp_combined_qwen3_8b_it_0306_010408,6970,0.7225418545586482,0.3924,1.5114,,0.5103850960731506,0.00017328966168403322,72475,,,
sft_esm3_mlp_combined_qwen3_8b_it_0306_010408,6980,0.7235784999740839,0.4338,1.4665,,0.6041204929351807,0.00017321551013541685,63815,,,
sft_esm3_mlp_combined_qwen3_8b_it_0306_010408,6990,0.7246151453895195,0.3647,1.4636,,0.48610424995422363,0.00017314127171433118,75187,,,
sft_esm3_mlp_combined_qwen3_8b_it_0306_010408,7000,0.7256517908049551,0.4425,1.5352,,0.5298511385917664,0.00017306694650886248,70613,,,
sft_esm3_mlp_combined_qwen3_8b_it_0306_010408,7000,0.7256517908049551,0.4663,,0.37444639205932617,,,62267,52.1445,95.887,3.011
sft_esm3_mlp_combined_qwen3_8b_it_0306_010408,7010,0.7266884362203908,0.386,1.414,,0.633687436580658,0.00017299253460719983,69785,,,
sft_esm3_mlp_combined_qwen3_8b_it_0306_010408,7020,0.7277250816358265,0.391,1.4999,,0.5389833450317383,0.00017291803609763528,69240,,,
sft_esm3_mlp_combined_qwen3_8b_it_0306_010408,7030,0.7287617270512621,0.4593,1.457,,0.6062605381011963,0.00017284345106856363,68949,,,
sft_esm3_mlp_combined_qwen3_8b_it_0306_010408,7040,0.7297983724666978,0.3581,1.388,,0.5586423873901367,0.00017276877960848235,77195,,,
sft_esm3_mlp_combined_qwen3_8b_it_0306_010408,7050,0.7308350178821335,0.4726,1.5303,,0.5391196012496948,0.00017269402180599138,70064,,,
sft_esm3_mlp_combined_qwen3_8b_it_0306_010408,7060,0.731871663297569,0.4342,1.4202,,0.5874900817871094,0.00017261917774979318,65430,,,
sft_esm3_mlp_combined_qwen3_8b_it_0306_010408,7070,0.7329083087130047,0.3933,1.4434,,0.49256253242492676,0.00017254424752869256,74808,,,
sft_esm3_mlp_combined_qwen3_8b_it_0306_010408,7080,0.7339449541284404,0.4383,1.4975,,0.5638055205345154,0.00017246923123159652,70176,,,
sft_esm3_mlp_combined_qwen3_8b_it_0306_010408,7090,0.734981599543876,0.3408,1.4029,,0.5321687459945679,0.0001723941289475143,66230,,,
sft_esm3_mlp_combined_qwen3_8b_it_0306_010408,7100,0.7360182449593117,0.3877,1.4896,,0.5314649939537048,0.00017231894076555698,71500,,,
sft_esm3_mlp_combined_qwen3_8b_it_0306_010408,7110,0.7370548903747474,0.4148,1.4719,,0.6513801217079163,0.00017224366677493774,62130,,,
sft_esm3_mlp_combined_qwen3_8b_it_0306_010408,7120,0.7380915357901829,0.3588,1.3987,,0.48649001121520996,0.00017216830706497143,70905,,,
sft_esm3_mlp_combined_qwen3_8b_it_0306_010408,7130,0.7391281812056186,0.4096,1.4567,,0.48269233107566833,0.00017209286172507472,73206,,,
sft_esm3_mlp_combined_qwen3_8b_it_0306_010408,7140,0.7401648266210543,0.4029,1.4114,,0.5633978843688965,0.00017201733084476587,66490,,,
sft_esm3_mlp_combined_qwen3_8b_it_0306_010408,7150,0.7412014720364899,0.37,1.4647,,0.47509053349494934,0.00017194171451366454,69439,,,
sft_esm3_mlp_combined_qwen3_8b_it_0306_010408,7160,0.7422381174519256,0.4429,1.4773,,0.5349145531654358,0.0001718660128214919,71357,,,
sft_esm3_mlp_combined_qwen3_8b_it_0306_010408,7170,0.7432747628673613,0.3508,1.4141,,0.5371698141098022,0.00017179022585807037,66094,,,
sft_esm3_mlp_combined_qwen3_8b_it_0306_010408,7180,0.7443114082827968,0.379,1.4903,,0.5154187679290771,0.00017171435371332345,70504,,,
sft_esm3_mlp_combined_qwen3_8b_it_0306_010408,7190,0.7453480536982325,0.4341,1.4695,,0.5794472098350525,0.00017163839647727587,67642,,,
sft_esm3_mlp_combined_qwen3_8b_it_0306_010408,7200,0.7463846991136681,0.3687,1.4154,,0.5602428913116455,0.0001715623542400532,72550,,,
sft_esm3_mlp_combined_qwen3_8b_it_0306_010408,7210,0.7474213445291038,0.401,1.4554,,0.5000751614570618,0.00017148622709188186,73771,,,
sft_esm3_mlp_combined_qwen3_8b_it_0306_010408,7220,0.7484579899445395,0.3917,1.4049,,0.5840665698051453,0.00017141001512308916,68484,,,
sft_esm3_mlp_combined_qwen3_8b_it_0306_010408,7230,0.7494946353599751,0.3837,1.4863,,0.5157343745231628,0.00017133371842410292,70023,,,
sft_esm3_mlp_combined_qwen3_8b_it_0306_010408,7240,0.7505312807754108,0.4258,1.4396,,0.5614994764328003,0.00017125733708545156,71712,,,
sft_esm3_mlp_combined_qwen3_8b_it_0306_010408,7250,0.7515679261908464,0.3581,1.4029,,0.5761623382568359,0.00017118087119776386,63142,,,
sft_esm3_mlp_combined_qwen3_8b_it_0306_010408,7250,0.7515679261908464,0.461,,0.37549176812171936,,,60975,51.8559,96.421,3.028
sft_esm3_mlp_combined_qwen3_8b_it_0306_010408,7260,0.752604571606282,0.3813,1.4647,,0.47059452533721924,0.00017110432085176895,72375,,,
sft_esm3_mlp_combined_qwen3_8b_it_0306_010408,7270,0.7536412170217177,0.4217,1.4642,,0.6116552352905273,0.00017102768613829625,64117,,,
sft_esm3_mlp_combined_qwen3_8b_it_0306_010408,7280,0.7546778624371534,0.3512,1.3657,,0.45016369223594666,0.00017095096714827518,72156,,,
sft_esm3_mlp_combined_qwen3_8b_it_0306_010408,7290,0.755714507852589,0.4266,1.4494,,0.486566960811615,0.00017087416397273521,73795,,,
sft_esm3_mlp_combined_qwen3_8b_it_0306_010408,7300,0.7567511532680247,0.3492,1.4403,,0.6399690508842468,0.0001707972767028057,64360,,,
sft_esm3_mlp_combined_qwen3_8b_it_0306_010408,7310,0.7577877986834604,0.4003,1.4129,,0.46200090646743774,0.00017072030542971572,77501,,,
sft_esm3_mlp_combined_qwen3_8b_it_0306_010408,7320,0.7588244440988959,0.4755,1.5716,,0.5590789914131165,0.0001706432502447941,70004,,,
sft_esm3_mlp_combined_qwen3_8b_it_0306_010408,7330,0.7598610895143316,0.3408,1.3871,,0.5662947297096252,0.00017056611123946922,67617,,,
sft_esm3_mlp_combined_qwen3_8b_it_0306_010408,7340,0.7608977349297673,0.4149,1.4598,,0.5340346097946167,0.0001704888885052689,75496,,,
sft_esm3_mlp_combined_qwen3_8b_it_0306_010408,7350,0.7619343803452029,0.3627,1.4566,,0.6313505172729492,0.00017041158213382027,60649,,,
sft_esm3_mlp_combined_qwen3_8b_it_0306_010408,7360,0.7629710257606386,0.3945,1.4348,,0.43030622601509094,0.00017033419221684974,77977,,,
sft_esm3_mlp_combined_qwen3_8b_it_0306_010408,7370,0.7640076711760743,0.4645,1.4954,,0.503337562084198,0.00017025671884618286,78624,,,
sft_esm3_mlp_combined_qwen3_8b_it_0306_010408,7380,0.7650443165915098,0.3555,1.4344,,0.6003665924072266,0.00017017916211374418,62865,,,
sft_esm3_mlp_combined_qwen3_8b_it_0306_010408,7390,0.7660809620069455,0.4346,1.4165,,0.5329621434211731,0.00017010152211155717,76669,,,
sft_esm3_mlp_combined_qwen3_8b_it_0306_010408,7400,0.7671176074223812,0.4312,1.5249,,0.6042088270187378,0.00017002379893174408,66662,,,
sft_esm3_mlp_combined_qwen3_8b_it_0306_010408,7410,0.7681542528378168,0.3592,1.3848,,0.5474156141281128,0.00016994599266652584,70972,,,
sft_esm3_mlp_combined_qwen3_8b_it_0306_010408,7420,0.7691908982532525,0.4397,1.4828,,0.4401315748691559,0.00016986810340822208,70723,,,
sft_esm3_mlp_combined_qwen3_8b_it_0306_010408,7430,0.7702275436686882,0.3789,1.4604,,0.6506692171096802,0.00016979013124925074,60719,,,
sft_esm3_mlp_combined_qwen3_8b_it_0306_010408,7440,0.7712641890841238,0.4116,1.3711,,0.5087814927101135,0.00016971207628212821,80868,,,
sft_esm3_mlp_combined_qwen3_8b_it_0306_010408,7450,0.7723008344995594,0.3998,1.4626,,0.5028235912322998,0.00016963393859946918,69621,,,
sft_esm3_mlp_combined_qwen3_8b_it_0306_010408,7460,0.7733374799149951,0.3646,1.4259,,0.616633415222168,0.00016955571829398633,63434,,,
sft_esm3_mlp_combined_qwen3_8b_it_0306_010408,7470,0.7743741253304307,0.4463,1.4377,,0.4409044086933136,0.00016947741545849057,78932,,,
sft_esm3_mlp_combined_qwen3_8b_it_0306_010408,7480,0.7754107707458664,0.3784,1.5223,,0.6154346466064453,0.00016939903018589058,69266,,,
sft_esm3_mlp_combined_qwen3_8b_it_0306_010408,7490,0.776447416161302,0.3228,1.3808,,0.556540846824646,0.00016932056256919296,68765,,,
sft_esm3_mlp_combined_qwen3_8b_it_0306_010408,7500,0.7774840615767377,0.4402,1.464,,0.4944770038127899,0.00016924201270150194,76423,,,
sft_esm3_mlp_combined_qwen3_8b_it_0306_010408,7500,0.7774840615767377,0.4599,,0.37631934881210327,,,63337,54.0076,92.58,2.907
sft_esm3_mlp_combined_qwen3_8b_it_0306_010408,7510,0.7785207069921734,0.3758,1.4865,,0.6268556118011475,0.00016916338067601933,56742,,,
sft_esm3_mlp_combined_qwen3_8b_it_0306_010408,7520,0.7795573524076089,0.3365,1.3932,,0.4903012812137604,0.0001690846665860445,75852,,,
sft_esm3_mlp_combined_qwen3_8b_it_0306_010408,7530,0.7805939978230446,0.4469,1.4964,,0.4937763810157776,0.0001690058705249742,68640,,,
sft_esm3_mlp_combined_qwen3_8b_it_0306_010408,7540,0.7816306432384803,0.3665,1.3604,,0.5126203298568726,0.0001689269925863023,67344,,,
sft_esm3_mlp_combined_qwen3_8b_it_0306_010408,7550,0.7826672886539159,0.4202,1.4858,,0.5023120641708374,0.00016884803286362,73521,,,
sft_esm3_mlp_combined_qwen3_8b_it_0306_010408,7560,0.7837039340693516,0.3555,1.4997,,0.7812842726707458,0.00016876899145061542,64879,,,
sft_esm3_mlp_combined_qwen3_8b_it_0306_010408,7570,0.7847405794847873,0.3645,1.38,,0.4905698299407959,0.00016868986844107364,76449,,,
sft_esm3_mlp_combined_qwen3_8b_it_0306_010408,7580,0.7857772249002228,0.3914,1.518,,0.4957917630672455,0.00016861066392887656,68472,,,
sft_esm3_mlp_combined_qwen3_8b_it_0306_010408,7590,0.7868138703156585,0.3543,1.3665,,0.6736475825309753,0.00016853137800800278,65043,,,
sft_esm3_mlp_combined_qwen3_8b_it_0306_010408,7600,0.7878505157310942,0.435,1.4496,,0.49055802822113037,0.00016845201077252754,80191,,,
sft_esm3_mlp_combined_qwen3_8b_it_0306_010408,7610,0.7888871611465298,0.3962,1.4748,,0.5274975299835205,0.00016837256231662246,69398,,,
sft_esm3_mlp_combined_qwen3_8b_it_0306_010408,7620,0.7899238065619655,0.403,1.368,,0.5913428664207458,0.00016829303273455562,70058,,,
sft_esm3_mlp_combined_qwen3_8b_it_0306_010408,7630,0.7909604519774012,0.3798,1.5185,,0.46924901008605957,0.00016821342212069138,67042,,,
sft_esm3_mlp_combined_qwen3_8b_it_0306_010408,7640,0.7919970973928367,0.4216,1.4405,,0.5975407361984253,0.00016813373056949013,68810,,,
sft_esm3_mlp_combined_qwen3_8b_it_0306_010408,7650,0.7930337428082724,0.349,1.3894,,0.5216546058654785,0.0001680539581755084,72284,,,
sft_esm3_mlp_combined_qwen3_8b_it_0306_010408,7660,0.7940703882237081,0.4337,1.534,,0.5450637936592102,0.00016797410503339858,68023,,,
sft_esm3_mlp_combined_qwen3_8b_it_0306_010408,7670,0.7951070336391437,0.3871,1.3884,,0.5374116897583008,0.0001678941712379089,68837,,,
sft_esm3_mlp_combined_qwen3_8b_it_0306_010408,7680,0.7961436790545794,0.3809,1.4365,,0.499702125787735,0.0001678141568838833,70993,,,
sft_esm3_mlp_combined_qwen3_8b_it_0306_010408,7690,0.7971803244700151,0.4274,1.4735,,0.5430838465690613,0.00016773406206626126,69668,,,
sft_esm3_mlp_combined_qwen3_8b_it_0306_010408,7700,0.7982169698854507,0.4126,1.3548,,0.5226513147354126,0.00016765388688007776,71903,,,
sft_esm3_mlp_combined_qwen3_8b_it_0306_010408,7710,0.7992536153008863,0.3642,1.4869,,0.5128280520439148,0.00016757363142046321,70467,,,
sft_esm3_mlp_combined_qwen3_8b_it_0306_010408,7720,0.800290260716322,0.4297,1.4331,,0.5635079145431519,0.00016749329578264312,70097,,,
sft_esm3_mlp_combined_qwen3_8b_it_0306_010408,7730,0.8013269061317576,0.3926,1.3694,,0.5018700957298279,0.00016741288006193826,74198,,,
sft_esm3_mlp_combined_qwen3_8b_it_0306_010408,7740,0.8023635515471933,0.4117,1.5086,,0.5358562469482422,0.00016733238435376427,70110,,,
sft_esm3_mlp_combined_qwen3_8b_it_0306_010408,7750,0.803400196962629,0.4062,1.4035,,0.649713397026062,0.00016725180875363192,67672,,,
sft_esm3_mlp_combined_qwen3_8b_it_0306_010408,7750,0.803400196962629,0.443,,0.37406784296035767,,,63816,52.3276,95.552,3.0
sft_esm3_mlp_combined_qwen3_8b_it_0306_010408,7760,0.8044368423780646,0.3833,1.489,,0.5253614187240601,0.00016717115335714667,70835,,,
sft_esm3_mlp_combined_qwen3_8b_it_0306_010408,7770,0.8054734877935003,0.459,1.4329,,0.5411052703857422,0.0001670904182600085,69830,,,
sft_esm3_mlp_combined_qwen3_8b_it_0306_010408,7780,0.8065101332089358,0.3682,1.3792,,0.6053614616394043,0.00016700960355801224,72500,,,
sft_esm3_mlp_combined_qwen3_8b_it_0306_010408,7790,0.8075467786243715,0.3898,1.4713,,0.48240625858306885,0.00016692870934704697,71343,,,
sft_esm3_mlp_combined_qwen3_8b_it_0306_010408,7800,0.8085834240398072,0.3818,1.4353,,0.6459616422653198,0.0001668477357230962,63903,,,
sft_esm3_mlp_combined_qwen3_8b_it_0306_010408,7810,0.8096200694552428,0.4312,1.4239,,0.48021751642227173,0.00016676668278223762,71174,,,
sft_esm3_mlp_combined_qwen3_8b_it_0306_010408,7820,0.8106567148706785,0.4391,1.4731,,0.5352953672409058,0.00016668555062064307,74522,,,
sft_esm3_mlp_combined_qwen3_8b_it_0306_010408,7830,0.8116933602861142,0.4033,1.3905,,0.48700520396232605,0.00016660433933457836,70204,,,
sft_esm3_mlp_combined_qwen3_8b_it_0306_010408,7840,0.8127300057015497,0.4017,1.4609,,0.48183417320251465,0.0001665230490204032,71832,,,
sft_esm3_mlp_combined_qwen3_8b_it_0306_010408,7850,0.8137666511169854,0.3939,1.475,,0.5634968280792236,0.00016644167977457105,65134,,,
sft_esm3_mlp_combined_qwen3_8b_it_0306_010408,7860,0.8148032965324211,0.3855,1.3471,,0.5801621675491333,0.0001663602316936291,73606,,,
sft_esm3_mlp_combined_qwen3_8b_it_0306_010408,7870,0.8158399419478567,0.4137,1.4823,,0.49674564599990845,0.00016627870487421795,71899,,,
sft_esm3_mlp_combined_qwen3_8b_it_0306_010408,7880,0.8168765873632924,0.3434,1.4055,,0.5172331929206848,0.00016619709941307172,65675,,,
sft_esm3_mlp_combined_qwen3_8b_it_0306_010408,7890,0.8179132327787281,0.4267,1.3962,,0.4888051748275757,0.00016611541540701778,80382,,,
sft_esm3_mlp_combined_qwen3_8b_it_0306_010408,7900,0.8189498781941636,0.3923,1.5314,,0.5117422938346863,0.00016603365295297682,66986,,,
sft_esm3_mlp_combined_qwen3_8b_it_0306_010408,7910,0.8199865236095993,0.3723,1.3444,,0.5646607279777527,0.00016595181214796242,68482,,,
sft_esm3_mlp_combined_qwen3_8b_it_0306_010408,7920,0.821023169025035,0.4087,1.4522,,0.47253677248954773,0.0001658698930890813,80826,,,
sft_esm3_mlp_combined_qwen3_8b_it_0306_010408,7930,0.8220598144404706,0.3532,1.5101,,0.6621338129043579,0.00016578789587353294,63237,,,
sft_esm3_mlp_combined_qwen3_8b_it_0306_010408,7940,0.8230964598559063,0.3615,1.3624,,0.5598440170288086,0.00016570582059860956,72671,,,
sft_esm3_mlp_combined_qwen3_8b_it_0306_010408,7950,0.824133105271342,0.4027,1.4549,,0.49687251448631287,0.00016562366736169604,76017,,,
sft_esm3_mlp_combined_qwen3_8b_it_0306_010408,7960,0.8251697506867776,0.3939,1.4319,,0.7177188396453857,0.00016554143626026972,63277,,,
sft_esm3_mlp_combined_qwen3_8b_it_0306_010408,7970,0.8262063961022132,0.4607,1.4365,,0.445286363363266,0.00016545912739190035,77562,,,
sft_esm3_mlp_combined_qwen3_8b_it_0306_010408,7980,0.8272430415176489,0.3976,1.5309,,0.6861628890037537,0.00016537674085424995,65702,,,
sft_esm3_mlp_combined_qwen3_8b_it_0306_010408,7990,0.8282796869330845,0.3545,1.3547,,0.5132462978363037,0.0001652942767450727,72916,,,
sft_esm3_mlp_combined_qwen3_8b_it_0306_010408,8000,0.8293163323485202,0.397,1.4578,,0.45827558636665344,0.0001652117351622148,74587,,,
sft_esm3_mlp_combined_qwen3_8b_it_0306_010408,8000,0.8293163323485202,0.4227,,0.3698214590549469,,,63516,52.2963,95.609,3.002
sft_esm3_mlp_combined_qwen3_8b_it_0306_010408,8010,0.8303529777639559,0.3577,1.4355,,0.5603209733963013,0.00016512911620361444,58926,,,
sft_esm3_mlp_combined_qwen3_8b_it_0306_010408,8020,0.8313896231793915,0.4138,1.3941,,0.5399854183197021,0.00016504641996730154,82369,,,
sft_esm3_mlp_combined_qwen3_8b_it_0306_010408,8030,0.8324262685948272,0.3922,1.4978,,0.5681164860725403,0.00016496364655139772,69525,,,
sft_esm3_mlp_combined_qwen3_8b_it_0306_010408,8040,0.8334629140102627,0.3528,1.3617,,0.6096344590187073,0.00016488079605411627,70091,,,
sft_esm3_mlp_combined_qwen3_8b_it_0306_010408,8050,0.8344995594256984,0.3835,1.421,,0.5214381814002991,0.0001647978685737618,72537,,,
sft_esm3_mlp_combined_qwen3_8b_it_0306_010408,8060,0.8355362048411341,0.4261,1.4889,,0.61624675989151,0.00016471486420873037,71789,,,
sft_esm3_mlp_combined_qwen3_8b_it_0306_010408,8070,0.8365728502565697,0.3508,1.34,,0.5247325897216797,0.0001646317830575092,70712,,,
sft_esm3_mlp_combined_qwen3_8b_it_0306_010408,8080,0.8376094956720054,0.3838,1.4977,,0.48527050018310547,0.0001645486252186767,73375,,,
sft_esm3_mlp_combined_qwen3_8b_it_0306_010408,8090,0.8386461410874411,0.3537,1.4063,,0.6118981242179871,0.00016446539079090217,63994,,,
sft_esm3_mlp_combined_qwen3_8b_it_0306_010408,8100,0.8396827865028766,0.4156,1.4157,,0.5250023603439331,0.00016438207987294585,80305,,,
sft_esm3_mlp_combined_qwen3_8b_it_0306_010408,8110,0.8407194319183123,0.3921,1.4646,,0.49429062008857727,0.00016429869256365872,68881,,,
sft_esm3_mlp_combined_qwen3_8b_it_0306_010408,8120,0.841756077333748,0.3977,1.3615,,0.5503540635108948,0.0001642152289619824,66499,,,
sft_esm3_mlp_combined_qwen3_8b_it_0306_010408,8130,0.8427927227491836,0.4186,1.4883,,0.510670006275177,0.00016413168916694907,71358,,,
sft_esm3_mlp_combined_qwen3_8b_it_0306_010408,8140,0.8438293681646193,0.4012,1.4361,,0.5873093605041504,0.00016404807327768123,75579,,,
sft_esm3_mlp_combined_qwen3_8b_it_0306_010408,8150,0.844866013580055,0.3514,1.3823,,0.5872306227684021,0.00016396438139339178,66773,,,
sft_esm3_mlp_combined_qwen3_8b_it_0306_010408,8160,0.8459026589954906,0.3564,1.474,,0.4698600172996521,0.0001638806136133837,69693,,,
sft_esm3_mlp_combined_qwen3_8b_it_0306_010408,8170,0.8469393044109262,0.373,1.4018,,0.5520006418228149,0.00016379677003705006,65570,,,
sft_esm3_mlp_combined_qwen3_8b_it_0306_010408,8180,0.8479759498263619,0.383,1.4393,,0.5332967638969421,0.00016371285076387384,76160,,,
sft_esm3_mlp_combined_qwen3_8b_it_0306_010408,8190,0.8490125952417975,0.3865,1.4791,,0.5605089068412781,0.00016362885589342785,71802,,,
sft_esm3_mlp_combined_qwen3_8b_it_0306_010408,8200,0.8500492406572332,0.4037,1.3864,,0.5135719776153564,0.00016354478552537462,67394,,,
sft_esm3_mlp_combined_qwen3_8b_it_0306_010408,8210,0.8510858860726689,0.3471,1.381,,0.4719642698764801,0.00016346063975946628,71298,,,
sft_esm3_mlp_combined_qwen3_8b_it_0306_010408,8220,0.8521225314881045,0.4535,1.451,,0.6147364974021912,0.00016337641869554434,73727,,,
sft_esm3_mlp_combined_qwen3_8b_it_0306_010408,8230,0.8531591769035402,0.3373,1.3907,,0.5616240501403809,0.00016329212243353975,65768,,,
sft_esm3_mlp_combined_qwen3_8b_it_0306_010408,8240,0.8541958223189758,0.3948,1.4688,,0.4889703392982483,0.00016320775107347255,71348,,,
sft_esm3_mlp_combined_qwen3_8b_it_0306_010408,8250,0.8552324677344114,0.3852,1.4225,,0.577873170375824,0.00016312330471545203,66910,,,
sft_esm3_mlp_combined_qwen3_8b_it_0306_010408,8250,0.8552324677344114,0.4718,,0.36893734335899353,,,61284,52.9994,94.341,2.962
sft_esm3_mlp_combined_qwen3_8b_it_0306_010408,8260,0.8562691131498471,0.3621,1.4238,,0.4877794086933136,0.0001630387834596764,75306,,,
sft_esm3_mlp_combined_qwen3_8b_it_0306_010408,8270,0.8573057585652828,0.4816,1.4749,,0.5342898368835449,0.00016295418740643275,73660,,,
sft_esm3_mlp_combined_qwen3_8b_it_0306_010408,8280,0.8583424039807184,0.3059,1.3688,,0.5299500823020935,0.00016286951665609692,67217,,,
sft_esm3_mlp_combined_qwen3_8b_it_0306_010408,8290,0.8593790493961541,0.4127,1.4471,,0.47020775079727173,0.00016278477130913334,74660,,,
sft_esm3_mlp_combined_qwen3_8b_it_0306_010408,8300,0.8604156948115897,0.3913,1.4562,,0.8662824034690857,0.000162699951466095,62263,,,
sft_esm3_mlp_combined_qwen3_8b_it_0306_010408,8310,0.8614523402270253,0.3607,1.3086,,0.5381438136100769,0.00016261505722762332,73570,,,
sft_esm3_mlp_combined_qwen3_8b_it_0306_010408,8320,0.862488985642461,0.4142,1.4403,,0.49449652433395386,0.0001625300886944479,74703,,,
sft_esm3_mlp_combined_qwen3_8b_it_0306_010408,8330,0.8635256310578966,0.3339,1.4201,,0.6371970176696777,0.00016244504596738652,63349,,,
sft_esm3_mlp_combined_qwen3_8b_it_0306_010408,8340,0.8645622764733323,0.3691,1.3544,,0.47928693890571594,0.00016235992914734502,80641,,,
sft_esm3_mlp_combined_qwen3_8b_it_0306_010408,8350,0.865598921888768,0.38,1.5033,,0.7269300222396851,0.00016227473833531716,63680,,,
sft_esm3_mlp_combined_qwen3_8b_it_0306_010408,8360,0.8666355673042035,0.3869,1.3669,,0.5309680104255676,0.00016218947363238448,68913,,,
sft_esm3_mlp_combined_qwen3_8b_it_0306_010408,8370,0.8676722127196392,0.3793,1.4711,,0.502368688583374,0.00016210413513971617,71918,,,
sft_esm3_mlp_combined_qwen3_8b_it_0306_010408,8380,0.8687088581350749,0.3771,1.4617,,0.5793246030807495,0.00016201872295856898,60868,,,
sft_esm3_mlp_combined_qwen3_8b_it_0306_010408,8390,0.8697455035505105,0.4502,1.4141,,0.5786358118057251,0.00016193323719028711,81734,,,
sft_esm3_mlp_combined_qwen3_8b_it_0306_010408,8400,0.8707821489659462,0.3562,1.4615,,0.4901428818702698,0.00016184767793630216,69104,,,
sft_esm3_mlp_combined_qwen3_8b_it_0306_010408,8410,0.8718187943813819,0.3612,1.3934,,0.5800570845603943,0.00016176204529813268,68806,,,
sft_esm3_mlp_combined_qwen3_8b_it_0306_010408,8420,0.8728554397968175,0.4206,1.4422,,0.5365428328514099,0.00016167633937738457,74104,,,
sft_esm3_mlp_combined_qwen3_8b_it_0306_010408,8430,0.8738920852122531,0.413,1.4227,,0.547231137752533,0.0001615905602757505,71543,,,
sft_esm3_mlp_combined_qwen3_8b_it_0306_010408,8440,0.8749287306276888,0.3744,1.3799,,0.49767470359802246,0.00016150470809501,73088,,,
sft_esm3_mlp_combined_qwen3_8b_it_0306_010408,8450,0.8759653760431244,0.3908,1.4384,,0.48485109210014343,0.00016141878293702945,72920,,,
sft_esm3_mlp_combined_qwen3_8b_it_0306_010408,8460,0.8770020214585601,0.4157,1.4723,,0.6579750180244446,0.00016133278490376162,63595,,,
sft_esm3_mlp_combined_qwen3_8b_it_0306_010408,8470,0.8780386668739958,0.3574,1.3851,,0.48961737751960754,0.00016124671409724586,73722,,,
sft_esm3_mlp_combined_qwen3_8b_it_0306_010408,8480,0.8790753122894314,0.3973,1.4037,,0.5185695886611938,0.00016116057061960783,77408,,,
sft_esm3_mlp_combined_qwen3_8b_it_0306_010408,8490,0.880111957704867,0.407,1.3894,,0.5418364405632019,0.00016107435457305948,67219,,,
sft_esm3_mlp_combined_qwen3_8b_it_0306_010408,8500,0.8811486031203027,0.38,1.4411,,0.4825778603553772,0.00016098806605989875,71403,,,
sft_esm3_mlp_combined_qwen3_8b_it_0306_010408,8500,0.8811486031203027,0.3967,,0.36675354838371277,,,60815,52.4759,95.282,2.992
sft_esm3_mlp_combined_qwen3_8b_it_0306_010408,8510,0.8821852485357383,0.4565,1.4299,,0.4767536222934723,0.0001609017051825097,73172,,,
sft_esm3_mlp_combined_qwen3_8b_it_0306_010408,8520,0.883221893951174,0.3307,1.3656,,0.5129531025886536,0.00016081527204336212,65721,,,
sft_esm3_mlp_combined_qwen3_8b_it_0306_010408,8530,0.8842585393666097,0.3925,1.3885,,0.47696608304977417,0.0001607287667450117,73785,,,
sft_esm3_mlp_combined_qwen3_8b_it_0306_010408,8540,0.8852951847820453,0.4115,1.4623,,0.6378250122070312,0.00016064218939009956,66514,,,
sft_esm3_mlp_combined_qwen3_8b_it_0306_010408,8550,0.886331830197481,0.3482,1.3608,,0.5431951880455017,0.00016055554008135244,71290,,,
sft_esm3_mlp_combined_qwen3_8b_it_0306_010408,8560,0.8873684756129167,0.437,1.405,,0.49060532450675964,0.00016046881892158247,79985,,,
sft_esm3_mlp_combined_qwen3_8b_it_0306_010408,8570,0.8884051210283522,0.3349,1.4027,,0.5965069532394409,0.0001603820260136869,60284,,,
sft_esm3_mlp_combined_qwen3_8b_it_0306_010408,8580,0.8894417664437879,0.3544,1.412,,0.48301687836647034,0.0001602951614606483,75050,,,
sft_esm3_mlp_combined_qwen3_8b_it_0306_010408,8590,0.8904784118592236,0.4268,1.4142,,0.5701310634613037,0.00016020822536553408,72619,,,
sft_esm3_mlp_combined_qwen3_8b_it_0306_010408,8600,0.8915150572746592,0.3406,1.3892,,0.6060790419578552,0.00016012121783149662,66211,,,
sft_esm3_mlp_combined_qwen3_8b_it_0306_010408,8610,0.8925517026900949,0.3515,1.4034,,0.496575266122818,0.00016003413896177314,73552,,,
sft_esm3_mlp_combined_qwen3_8b_it_0306_010408,8620,0.8935883481055305,0.4036,1.4501,,0.6327059268951416,0.00015994698885968527,64989,,,
sft_esm3_mlp_combined_qwen3_8b_it_0306_010408,8630,0.8946249935209661,0.3797,1.3936,,0.5112607479095459,0.00015985976762863938,77669,,,
sft_esm3_mlp_combined_qwen3_8b_it_0306_010408,8640,0.8956616389364018,0.3922,1.4305,,0.5274771451950073,0.00015977247537212619,69544,,,
sft_esm3_mlp_combined_qwen3_8b_it_0306_010408,8650,0.8966982843518374,0.3439,1.3655,,0.5621106028556824,0.0001596851121937206,62891,,,
sft_esm3_mlp_combined_qwen3_8b_it_0306_010408,8660,0.8977349297672731,0.3735,1.3702,,0.4874393045902252,0.0001595976781970818,77861,,,
sft_esm3_mlp_combined_qwen3_8b_it_0306_010408,8670,0.8987715751827088,0.4582,1.4821,,0.5819738507270813,0.00015951017348595287,70763,,,
sft_esm3_mlp_combined_qwen3_8b_it_0306_010408,8680,0.8998082205981444,0.3509,1.3195,,0.5474310517311096,0.00015942259816416088,69439,,,
sft_esm3_mlp_combined_qwen3_8b_it_0306_010408,8690,0.90084486601358,0.4435,1.5132,,0.49869924783706665,0.00015933495233561666,72804,,,
sft_esm3_mlp_combined_qwen3_8b_it_0306_010408,8700,0.9018815114290157,0.3608,1.4137,,0.5745388865470886,0.00015924723610431468,61857,,,
sft_esm3_mlp_combined_qwen3_8b_it_0306_010408,8710,0.9029181568444513,0.3806,1.3665,,0.5209788680076599,0.00015915944957433303,82503,,,
sft_esm3_mlp_combined_qwen3_8b_it_0306_010408,8720,0.903954802259887,0.3741,1.4984,,0.6352609395980835,0.00015907159284983305,69802,,,
sft_esm3_mlp_combined_qwen3_8b_it_0306_010408,8730,0.9049914476753227,0.4008,1.3504,,0.6492180228233337,0.0001589836660350595,70666,,,
sft_esm3_mlp_combined_qwen3_8b_it_0306_010408,8740,0.9060280930907583,0.3354,1.4447,,0.479160875082016,0.00015889566923434035,67991,,,
sft_esm3_mlp_combined_qwen3_8b_it_0306_010408,8750,0.907064738506194,0.4203,1.4589,,0.527452290058136,0.00015880760255208642,64896,,,
sft_esm3_mlp_combined_qwen3_8b_it_0306_010408,8750,0.907064738506194,0.4492,,0.36664965748786926,,,61700,53.0207,94.303,2.961
sft_esm3_mlp_combined_qwen3_8b_it_0306_010408,8760,0.9081013839216296,0.3715,1.3544,,0.5321736335754395,0.00015871946609279157,76111,,,
sft_esm3_mlp_combined_qwen3_8b_it_0306_010408,8770,0.9091380293370652,0.3825,1.4626,,0.48640206456184387,0.0001586312599610325,70871,,,
sft_esm3_mlp_combined_qwen3_8b_it_0306_010408,8780,0.9101746747525009,0.3831,1.372,,0.5109809637069702,0.00015854298426146843,65077,,,
sft_esm3_mlp_combined_qwen3_8b_it_0306_010408,8790,0.9112113201679366,0.3751,1.4085,,0.5248576402664185,0.0001584546390988413,77958,,,
sft_esm3_mlp_combined_qwen3_8b_it_0306_010408,8800,0.9122479655833722,0.4294,1.4818,,0.5630447864532471,0.0001583662245779753,72262,,,
sft_esm3_mlp_combined_qwen3_8b_it_0306_010408,8810,0.9132846109988079,0.378,1.3781,,0.5231462717056274,0.00015827774080377703,67560,,,
sft_esm3_mlp_combined_qwen3_8b_it_0306_010408,8820,0.9143212564142436,0.3797,1.4288,,0.5036198496818542,0.00015818918788123524,70606,,,
sft_esm3_mlp_combined_qwen3_8b_it_0306_010408,8830,0.9153579018296791,0.4355,1.4317,,0.5909041166305542,0.0001581005659154207,69634,,,
sft_esm3_mlp_combined_qwen3_8b_it_0306_010408,8840,0.9163945472451148,0.3521,1.3627,,0.522193968296051,0.00015801187501148612,71621,,,
sft_esm3_mlp_combined_qwen3_8b_it_0306_010408,8850,0.9174311926605505,0.4201,1.4874,,0.49459144473075867,0.00015792311527466603,71492,,,
sft_esm3_mlp_combined_qwen3_8b_it_0306_010408,8860,0.9184678380759861,0.3556,1.3454,,0.5817164182662964,0.00015783428681027654,65306,,,
sft_esm3_mlp_combined_qwen3_8b_it_0306_010408,8870,0.9195044834914218,0.3582,1.3962,,0.5022561550140381,0.00015774538972371542,74988,,,
sft_esm3_mlp_combined_qwen3_8b_it_0306_010408,8880,0.9205411289068575,0.4226,1.4661,,0.5500971078872681,0.0001576564241204618,73658,,,
sft_esm3_mlp_combined_qwen3_8b_it_0306_010408,8890,0.921577774322293,0.3464,1.3437,,0.47467589378356934,0.00015756739010607614,68801,,,
sft_esm3_mlp_combined_qwen3_8b_it_0306_010408,8900,0.9226144197377287,0.4445,1.4172,,0.5329518914222717,0.00015747828778620005,81353,,,
sft_esm3_mlp_combined_qwen3_8b_it_0306_010408,8910,0.9236510651531643,0.3615,1.4643,,0.6573742628097534,0.00015738911726655616,60528,,,
sft_esm3_mlp_combined_qwen3_8b_it_0306_010408,8920,0.9246877105686,0.3608,1.3786,,0.4938403069972992,0.00015729987865294807,74139,,,
sft_esm3_mlp_combined_qwen3_8b_it_0306_010408,8930,0.9257243559840357,0.4049,1.4879,,0.5832659006118774,0.00015721057205126017,69652,,,
sft_esm3_mlp_combined_qwen3_8b_it_0306_010408,8940,0.9267610013994713,0.3741,1.3775,,0.5852645635604858,0.00015712119756745749,66836,,,
sft_esm3_mlp_combined_qwen3_8b_it_0306_010408,8950,0.927797646814907,0.3941,1.4129,,0.48749786615371704,0.00015703175530758568,79455,,,
sft_esm3_mlp_combined_qwen3_8b_it_0306_010408,8960,0.9288342922303426,0.3903,1.4477,,0.6096034049987793,0.00015694224537777065,66123,,,
sft_esm3_mlp_combined_qwen3_8b_it_0306_010408,8970,0.9298709376457782,0.3777,1.3602,,0.49687910079956055,0.00015685266788421876,76629,,,
sft_esm3_mlp_combined_qwen3_8b_it_0306_010408,8980,0.9309075830612139,0.3598,1.4346,,0.5144413709640503,0.00015676302293321647,72428,,,
sft_esm3_mlp_combined_qwen3_8b_it_0306_010408,8990,0.9319442284766496,0.3561,1.3722,,0.6503515839576721,0.0001566733106311303,66266,,,
sft_esm3_mlp_combined_qwen3_8b_it_0306_010408,9000,0.9329808738920852,0.4326,1.4226,,0.4966868460178375,0.0001565835310844067,80151,,,
sft_esm3_mlp_combined_qwen3_8b_it_0306_010408,9000,0.9329808738920852,0.4812,,0.3665424883365631,,,60284,53.0671,94.22,2.959
sft_esm3_mlp_combined_qwen3_8b_it_0306_010408,9010,0.9340175193075209,0.3731,1.4506,,0.5658605098724365,0.00015649368439957183,68937,,,
sft_esm3_mlp_combined_qwen3_8b_it_0306_010408,9020,0.9350541647229565,0.3747,1.3436,,0.5830928683280945,0.00015640377068323153,69736,,,
sft_esm3_mlp_combined_qwen3_8b_it_0306_010408,9030,0.9360908101383921,0.4006,1.4189,,0.4511009454727173,0.0001563137900420713,72714,,,
sft_esm3_mlp_combined_qwen3_8b_it_0306_010408,9040,0.9371274555538278,0.3875,1.4225,,0.5721933245658875,0.00015622374258285592,67950,,,
sft_esm3_mlp_combined_qwen3_8b_it_0306_010408,9050,0.9381641009692635,0.4139,1.3646,,0.5472761988639832,0.00015613362841242946,75922,,,
sft_esm3_mlp_combined_qwen3_8b_it_0306_010408,9060,0.9392007463846991,0.4112,1.4677,,0.536677360534668,0.00015604344763771522,72573,,,
sft_esm3_mlp_combined_qwen3_8b_it_0306_010408,9070,0.9402373918001348,0.38,1.3638,,0.5885011553764343,0.00015595320036571544,67374,,,
sft_esm3_mlp_combined_qwen3_8b_it_0306_010408,9080,0.9412740372155705,0.3297,1.4579,,0.48178452253341675,0.00015586288670351134,69141,,,
sft_esm3_mlp_combined_qwen3_8b_it_0306_010408,9090,0.942310682631006,0.4244,1.4422,,0.5945930480957031,0.0001557725067582628,71526,,,
sft_esm3_mlp_combined_qwen3_8b_it_0306_010408,9100,0.9433473280464417,0.3308,1.3774,,0.5471246242523193,0.0001556820606372085,65825,,,
sft_esm3_mlp_combined_qwen3_8b_it_0306_010408,9110,0.9443839734618774,0.3898,1.4256,,0.4950030744075775,0.0001555915484476656,75468,,,
sft_esm3_mlp_combined_qwen3_8b_it_0306_010408,9120,0.945420618877313,0.4511,1.48,,0.7613968253135681,0.00015550097029702945,63517,,,
sft_esm3_mlp_combined_qwen3_8b_it_0306_010408,9130,0.9464572642927487,0.359,1.355,,0.48157981038093567,0.000155410326292774,71425,,,
sft_esm3_mlp_combined_qwen3_8b_it_0306_010408,9140,0.9474939097081844,0.4352,1.4379,,0.49107906222343445,0.0001553196165424511,76382,,,
sft_esm3_mlp_combined_qwen3_8b_it_0306_010408,9150,0.94853055512362,0.342,1.3975,,0.5663734674453735,0.00015522884115369068,64928,,,
sft_esm3_mlp_combined_qwen3_8b_it_0306_010408,9160,0.9495672005390556,0.3493,1.3992,,0.504804253578186,0.00015513800023420052,74701,,,
sft_esm3_mlp_combined_qwen3_8b_it_0306_010408,9170,0.9506038459544912,0.4082,1.4028,,0.5252874493598938,0.00015504709389176622,74869,,,
sft_esm3_mlp_combined_qwen3_8b_it_0306_010408,9180,0.9516404913699269,0.3191,1.3652,,0.5259062051773071,0.00015495612223425094,65431,,,
sft_esm3_mlp_combined_qwen3_8b_it_0306_010408,9190,0.9526771367853626,0.3636,1.3918,,0.49907511472702026,0.00015486508536959544,73134,,,
sft_esm3_mlp_combined_qwen3_8b_it_0306_010408,9200,0.9537137822007982,0.3602,1.4028,,0.622488260269165,0.0001547739834058177,62300,,,
sft_esm3_mlp_combined_qwen3_8b_it_0306_010408,9210,0.9547504276162339,0.3389,1.3647,,0.5155215263366699,0.000154682816451013,73648,,,
sft_esm3_mlp_combined_qwen3_8b_it_0306_010408,9220,0.9557870730316695,0.3866,1.4023,,0.5153220891952515,0.00015459158461335386,77163,,,
sft_esm3_mlp_combined_qwen3_8b_it_0306_010408,9230,0.9568237184471051,0.328,1.373,,0.6084146499633789,0.0001545002880010896,63634,,,
sft_esm3_mlp_combined_qwen3_8b_it_0306_010408,9240,0.9578603638625408,0.3857,1.3783,,0.5223315954208374,0.0001544089267225465,79050,,,
sft_esm3_mlp_combined_qwen3_8b_it_0306_010408,9250,0.9588970092779765,0.4301,1.4562,,0.6024261116981506,0.0001543175008861275,68858,,,
sft_esm3_mlp_combined_qwen3_8b_it_0306_010408,9250,0.9588970092779765,0.437,,0.3615455627441406,,,60540,52.0627,96.038,3.016
sft_esm3_mlp_combined_qwen3_8b_it_0306_010408,9260,0.9599336546934121,0.3232,1.3377,,0.5474380850791931,0.00015422601060031225,69242,,,
sft_esm3_mlp_combined_qwen3_8b_it_0306_010408,9270,0.9609703001088478,0.4621,1.3937,,0.47992566227912903,0.0001541344559736568,75089,,,
sft_esm3_mlp_combined_qwen3_8b_it_0306_010408,9280,0.9620069455242835,0.3397,1.4424,,0.5768872499465942,0.0001540428371147935,63033,,,
sft_esm3_mlp_combined_qwen3_8b_it_0306_010408,9290,0.963043590939719,0.4067,1.3914,,0.5055859684944153,0.00015395115413243104,77658,,,
sft_esm3_mlp_combined_qwen3_8b_it_0306_010408,9300,0.9640802363551547,0.3818,1.4892,,0.5408231616020203,0.00015385940713535405,64968,,,
sft_esm3_mlp_combined_qwen3_8b_it_0306_010408,9310,0.9651168817705904,0.3629,1.32,,0.5601935386657715,0.00015376759623242318,66870,,,
sft_esm3_mlp_combined_qwen3_8b_it_0306_010408,9320,0.966153527186026,0.427,1.4259,,0.5884125232696533,0.00015367572153257493,72127,,,
sft_esm3_mlp_combined_qwen3_8b_it_0306_010408,9330,0.9671901726014617,0.3525,1.4758,,0.6198443174362183,0.0001535837831448215,58104,,,
sft_esm3_mlp_combined_qwen3_8b_it_0306_010408,9340,0.9682268180168974,0.3908,1.3355,,0.5001580119132996,0.00015349178117825062,78468,,,
sft_esm3_mlp_combined_qwen3_8b_it_0306_010408,9350,0.9692634634323329,0.3823,1.466,,0.5113019347190857,0.00015339971574202546,69674,,,
sft_esm3_mlp_combined_qwen3_8b_it_0306_010408,9360,0.9703001088477686,0.3436,1.3589,,0.6005565524101257,0.00015330758694538448,61508,,,
sft_esm3_mlp_combined_qwen3_8b_it_0306_010408,9370,0.9713367542632043,0.4046,1.3541,,0.46627089381217957,0.00015321539489764136,80555,,,
sft_esm3_mlp_combined_qwen3_8b_it_0306_010408,9380,0.9723733996786399,0.3438,1.4796,,0.6438950896263123,0.00015312313970818487,63983,,,
sft_esm3_mlp_combined_qwen3_8b_it_0306_010408,9390,0.9734100450940756,0.3515,1.3299,,0.5397226810455322,0.00015303082148647863,69290,,,
sft_esm3_mlp_combined_qwen3_8b_it_0306_010408,9400,0.9744466905095113,0.4222,1.4226,,0.4979234039783478,0.00015293844034206105,79618,,,
sft_esm3_mlp_combined_qwen3_8b_it_0306_010408,9410,0.9754833359249468,0.3354,1.4213,,0.60671067237854,0.0001528459963845452,61886,,,
sft_esm3_mlp_combined_qwen3_8b_it_0306_010408,9420,0.9765199813403825,0.3533,1.3054,,0.5398302674293518,0.00015275348972361875,79115,,,
sft_esm3_mlp_combined_qwen3_8b_it_0306_010408,9430,1.000518322707718,0.4143,1.5234,,0.5545405149459839,0.00015266092046904364,74777,,,
sft_esm3_mlp_combined_qwen3_8b_it_0306_010408,9440,1.0015549681231535,0.3866,1.4188,,0.4963899552822113,0.00015256828873065623,73611,,,
sft_esm3_mlp_combined_qwen3_8b_it_0306_010408,9450,1.002591613538589,0.3858,1.4886,,0.6299039125442505,0.00015247559461836692,64515,,,
sft_esm3_mlp_combined_qwen3_8b_it_0306_010408,9460,1.0036282589540249,0.3704,1.3326,,0.5381507873535156,0.00015238283824216015,74210,,,
sft_esm3_mlp_combined_qwen3_8b_it_0306_010408,9470,1.0046649043694604,0.3836,1.4582,,0.5920282602310181,0.00015229001971209417,71450,,,
sft_esm3_mlp_combined_qwen3_8b_it_0306_010408,9480,1.005701549784896,0.3473,1.3616,,0.5766695737838745,0.00015219713913830116,63389,,,
sft_esm3_mlp_combined_qwen3_8b_it_0306_010408,9490,1.0067381952003318,0.3699,1.3909,,0.4788638949394226,0.00015210419663098669,77023,,,
sft_esm3_mlp_combined_qwen3_8b_it_0306_010408,9500,1.0077748406157674,0.3435,1.4678,,0.5707094669342041,0.00015201119230042997,62682,,,
sft_esm3_mlp_combined_qwen3_8b_it_0306_010408,9500,1.0077748406157674,0.4337,,0.3631979525089264,,,63442,53.8475,92.855,2.916
sft_esm3_mlp_combined_qwen3_8b_it_0306_010408,9510,1.008811486031203,0.3657,1.3075,,0.5158290266990662,0.0001519181262569835,69982,,,
sft_esm3_mlp_combined_qwen3_8b_it_0306_010408,9520,1.0098481314466388,0.4228,1.3998,,0.5109771490097046,0.00015182499861107304,79339,,,
sft_esm3_mlp_combined_qwen3_8b_it_0306_010408,9530,1.0108847768620743,0.3462,1.4382,,0.6339354515075684,0.00015173180947319743,61821,,,
sft_esm3_mlp_combined_qwen3_8b_it_0306_010408,9540,1.01192142227751,0.3888,1.3491,,0.5341429114341736,0.00015163855895392842,83627,,,
sft_esm3_mlp_combined_qwen3_8b_it_0306_010408,9550,1.0129580676929457,0.3516,1.4648,,0.505412220954895,0.00015154524716391068,64458,,,
sft_esm3_mlp_combined_qwen3_8b_it_0306_010408,9560,1.0139947131083813,0.3884,1.3402,,0.5730087161064148,0.00015145187421386152,64850,,,
sft_esm3_mlp_combined_qwen3_8b_it_0306_010408,9570,1.0150313585238169,0.3996,1.3972,,0.47709718346595764,0.00015135844021457086,74641,,,
sft_esm3_mlp_combined_qwen3_8b_it_0306_010408,9580,1.0160680039392527,0.3941,1.4275,,0.6215500235557556,0.000151264945276901,71816,,,
sft_esm3_mlp_combined_qwen3_8b_it_0306_010408,9590,1.0171046493546883,0.3579,1.3442,,0.5337575078010559,0.0001511713895117866,68330,,,
sft_esm3_mlp_combined_qwen3_8b_it_0306_010408,9600,1.0181412947701238,0.3876,1.3575,,0.4628185033798218,0.00015107777303023445,75351,,,
sft_esm3_mlp_combined_qwen3_8b_it_0306_010408,9610,1.0191779401855596,0.4213,1.4353,,0.7935667634010315,0.00015098409594332344,62646,,,
sft_esm3_mlp_combined_qwen3_8b_it_0306_010408,9620,1.0202145856009952,0.33,1.3539,,0.5047571659088135,0.0001508903583622043,73930,,,
sft_esm3_mlp_combined_qwen3_8b_it_0306_010408,9630,1.0212512310164308,0.4391,1.4257,,0.49515676498413086,0.00015079656039809956,73636,,,
sft_esm3_mlp_combined_qwen3_8b_it_0306_010408,9640,1.0222878764318666,0.3277,1.3943,,0.5399130582809448,0.00015070270216230346,64102,,,
sft_esm3_mlp_combined_qwen3_8b_it_0306_010408,9650,1.0233245218473022,0.3987,1.4014,,0.4854413866996765,0.00015060878376618164,77133,,,
sft_esm3_mlp_combined_qwen3_8b_it_0306_010408,9660,1.0243611672627377,0.3808,1.421,,0.6560012698173523,0.00015051480532117127,67179,,,
sft_esm3_mlp_combined_qwen3_8b_it_0306_010408,9670,1.0253978126781735,0.3347,1.3603,,0.4990846812725067,0.0001504207669387806,70043,,,
sft_esm3_mlp_combined_qwen3_8b_it_0306_010408,9680,1.0264344580936091,0.4165,1.4296,,0.5210683345794678,0.0001503266687305891,76122,,,
sft_esm3_mlp_combined_qwen3_8b_it_0306_010408,9690,1.0274711035090447,0.3149,1.4029,,0.5580021142959595,0.00015023251080824722,59271,,,
sft_esm3_mlp_combined_qwen3_8b_it_0306_010408,9700,1.0285077489244805,0.3486,1.4014,,0.5314435958862305,0.00015013829328347627,75402,,,
sft_esm3_mlp_combined_qwen3_8b_it_0306_010408,9710,1.029544394339916,0.3934,1.4422,,0.5129622220993042,0.00015004401626806822,69093,,,
sft_esm3_mlp_combined_qwen3_8b_it_0306_010408,9720,1.0305810397553516,0.3246,1.3661,,0.5260253548622131,0.0001499496798738857,67800,,,
sft_esm3_mlp_combined_qwen3_8b_it_0306_010408,9730,1.0316176851707874,0.4078,1.4033,,0.48457464575767517,0.00014985528421286175,78106,,,
sft_esm3_mlp_combined_qwen3_8b_it_0306_010408,9740,1.032654330586223,0.3505,1.4631,,0.6180046796798706,0.00014976082939699973,56555,,,
sft_esm3_mlp_combined_qwen3_8b_it_0306_010408,9750,1.0336909760016586,0.3659,1.321,,0.4811771512031555,0.00014966631553837325,76828,,,
sft_esm3_mlp_combined_qwen3_8b_it_0306_010408,9750,1.0336909760016586,0.4378,,0.360674113035202,,,63213,54.1855,92.276,2.897
sft_text_combined_qwen3_8b_it_0307_190324,10,0.0010366454154356502,4.0729,17.1964,,7.169853210449219,1.8e-05,76959,,,
sft_text_combined_qwen3_8b_it_0307_190324,20,0.0020732908308713003,3.7479,16.6517,,6.18733024597168,3.8e-05,80106,,,
sft_text_combined_qwen3_8b_it_0307_190324,30,0.0031099362463069507,3.3791,13.305,,4.102871894836426,5.8e-05,63470,,,
sft_text_combined_qwen3_8b_it_0307_190324,40,0.004146581661742601,2.9037,11.3551,,1.6477311849594116,7.800000000000001e-05,83324,,,
sft_text_combined_qwen3_8b_it_0307_190324,50,0.005183227077178251,2.7213,10.274,,1.1027538776397705,9.8e-05,62951,,,
sft_text_combined_qwen3_8b_it_0307_190324,60,0.0062198724926139015,2.7255,10.574,,0.7458454370498657,0.000118,78119,,,
sft_text_combined_qwen3_8b_it_0307_190324,70,0.007256517908049552,2.6351,9.97,,1.0829143524169922,0.000138,74530,,,
sft_text_combined_qwen3_8b_it_0307_190324,80,0.008293163323485201,2.5764,9.6621,,1.0350470542907715,0.00015800000000000002,65663,,,
sft_text_combined_qwen3_8b_it_0307_190324,90,0.009329808738920852,2.5944,9.9484,,0.620111346244812,0.00017800000000000002,91120,,,
sft_text_combined_qwen3_8b_it_0307_190324,100,0.010366454154356502,2.4467,9.3881,,1.76832115650177,0.00019800000000000002,77092,,,
sft_text_combined_qwen3_8b_it_0307_190324,110,0.011403099569792153,2.4382,9.492,,1.0051252841949463,0.00019999956144849473,69329,,,
sft_text_combined_qwen3_8b_it_0307_190324,120,0.012439744985227803,2.4686,9.5065,,0.7698554396629333,0.00019999804547292093,83864,,,
sft_text_combined_qwen3_8b_it_0307_190324,130,0.013476390400663453,2.4428,8.9783,,1.3647401332855225,0.0001999954466754743,67866,,,
sft_text_combined_qwen3_8b_it_0307_190324,140,0.014513035816099104,2.4572,9.5026,,0.9544012546539307,0.0001999917650842957,78408,,,
sft_text_combined_qwen3_8b_it_0307_190324,150,0.015549681231534754,2.4162,9.1818,,1.166762113571167,0.000199987000739251,75953,,,
sft_text_combined_qwen3_8b_it_0307_190324,160,0.016586326646970403,2.3682,9.0186,,1.5427048206329346,0.00019998115369193058,67792,,,
sft_text_combined_qwen3_8b_it_0307_190324,170,0.017622972062406053,2.3795,9.2984,,0.9876048564910889,0.00019997422400564875,82268,,,
sft_text_combined_qwen3_8b_it_0307_190324,180,0.018659617477841704,2.346,9.0741,,1.2824398279190063,0.0001999662117554432,78488,,,
sft_text_combined_qwen3_8b_it_0307_190324,190,0.019696262893277354,2.3562,8.9028,,1.4058070182800293,0.00019995711702807396,62316,,,
sft_text_combined_qwen3_8b_it_0307_190324,200,0.020732908308713004,2.3561,9.0769,,1.007620930671692,0.00019994693992202267,79601,,,
sft_text_combined_qwen3_8b_it_0307_190324,210,0.021769553724148655,2.3136,8.7485,,1.2424463033676147,0.00019993568054749145,66764,,,
sft_text_combined_qwen3_8b_it_0307_190324,220,0.022806199139584305,2.3057,9.0555,,1.0822560787200928,0.00019992333902640161,77329,,,
sft_text_combined_qwen3_8b_it_0307_190324,230,0.023842844555019956,2.2802,8.9989,,1.4379175901412964,0.00019990991549239247,79914,,,
sft_text_combined_qwen3_8b_it_0307_190324,240,0.024879489970455606,2.2815,8.7625,,1.3558471202850342,0.00019989541009081982,63689,,,
sft_text_combined_qwen3_8b_it_0307_190324,250,0.025916135385891256,2.2793,9.0018,,1.1371023654937744,0.0001998798229787544,79414,,,
sft_text_combined_qwen3_8b_it_0307_190324,250,0.025916135385891256,2.0772,,1.85293710231781,,,74119,47.8175,104.564,3.283
