experiment,step,epoch,token_avg_loss,loss,eval_loss,grad_norm,learning_rate,policy_loss,reward,grad_norm_lora,grad_norm_mm,eval_mean_reward,eval_format_rate
sft_esm3_mlp_combined_qwen3_8b_it_0306_010408,10.0,0.0010366454154356,3.2968,14.0037,,7.598205089569092,1.8e-05,,,,,,
sft_esm3_mlp_combined_qwen3_8b_it_0306_010408,20.0,0.0020732908308713,2.4675,10.7019,,4.578925132751465,3.8e-05,,,,,,
sft_esm3_mlp_combined_qwen3_8b_it_0306_010408,30.0,0.0031099362463069,2.0685,8.091,,2.9319872856140137,5.8e-05,,,,,,
sft_esm3_mlp_combined_qwen3_8b_it_0306_010408,40.0,0.0041465816617426,1.6048,6.1851,,1.9611071348190308,7.800000000000001e-05,,,,,,
sft_esm3_mlp_combined_qwen3_8b_it_0306_010408,50.0,0.0051832270771782,1.2563,4.9456,,1.1051414012908936,9.8e-05,,,,,,
sft_esm3_mlp_combined_qwen3_8b_it_0306_010408,60.0,0.0062198724926139,1.1294,4.3119,,1.1458438634872437,0.000118,,,,,,
sft_esm3_mlp_combined_qwen3_8b_it_0306_010408,70.0,0.0072565179080495,1.0829,4.0224,,2.0976338386535645,0.000138,,,,,,
sft_esm3_mlp_combined_qwen3_8b_it_0306_010408,80.0,0.0082931633234852,0.9478,3.5449,,1.2269999980926514,0.000158,,,,,,
sft_esm3_mlp_combined_qwen3_8b_it_0306_010408,90.0,0.0093298087389208,0.9466,3.3865,,0.9476935863494872,0.000178,,,,,,
sft_esm3_mlp_combined_qwen3_8b_it_0306_010408,100.0,0.0103664541543565,0.9421,3.2921,,1.571097731590271,0.000198,,,,,,
sft_esm3_mlp_combined_qwen3_8b_it_0306_010408,110.0,0.0114030995697921,0.7994,3.0191,,0.8391125202178955,0.0001999999519454,,,,,,
sft_esm3_mlp_combined_qwen3_8b_it_0306_010408,120.0,0.0124397449852278,0.8119,3.1014,,0.7268391847610474,0.0001999997858312,,,,,,
sft_esm3_mlp_combined_qwen3_8b_it_0306_010408,130.0,0.0134763904006634,0.8186,2.9216,,0.9109889268875122,0.000199999501064,,,,,,
sft_esm3_mlp_combined_qwen3_8b_it_0306_010408,140.0,0.0145130358160991,0.7743,2.8212,,0.7608497738838196,0.0001999990976444,,,,,,
sft_esm3_mlp_combined_qwen3_8b_it_0306_010408,150.0,0.0155496812315347,0.7378,2.8312,,0.7619828581809998,0.0001999985755728,,,,,,
sft_esm3_mlp_combined_qwen3_8b_it_0306_010408,160.0,0.0165863266469704,0.715,2.6433,,0.97300124168396,0.0001999979348497,,,,,,
sft_esm3_mlp_combined_qwen3_8b_it_0306_010408,170.0,0.017622972062406,0.7624,2.6854,,0.8970531821250916,0.000199997175476,,,,,,
sft_esm3_mlp_combined_qwen3_8b_it_0306_010408,180.0,0.0186596174778417,0.7968,2.7005,,1.0275262594223022,0.0001999962974526,,,,,,
sft_esm3_mlp_combined_qwen3_8b_it_0306_010408,190.0,0.0196962628932773,0.6467,2.5376,,1.015209078788757,0.0001999953007804,,,,,,
sft_esm3_mlp_combined_qwen3_8b_it_0306_010408,200.0,0.020732908308713,0.7328,2.6158,,1.00901198387146,0.0001999941854608,,,,,,
sft_esm3_mlp_combined_qwen3_8b_it_0306_010408,210.0,0.0217695537241486,0.729,2.5923,,0.9876882433891296,0.0001999929514949,,,,,,
sft_esm3_mlp_combined_qwen3_8b_it_0306_010408,220.0,0.0228061991395843,0.6494,2.4528,,0.8306147456169128,0.0001999915988843,,,,,,
sft_esm3_mlp_combined_qwen3_8b_it_0306_010408,230.0,0.0238428445550199,0.7393,2.549,,0.8438383340835571,0.0001999901276306,,,,,,
sft_esm3_mlp_combined_qwen3_8b_it_0306_010408,240.0,0.0248794899704556,0.5908,2.3879,,0.9675758481025696,0.0001999885377355,,,,,,
sft_esm3_mlp_combined_qwen3_8b_it_0306_010408,250.0,0.0259161353858912,0.6671,2.4462,,0.74718177318573,0.0001999868292009,,,,,,
sft_esm3_mlp_combined_qwen3_8b_it_0306_010408,250.0,0.0259161353858912,0.8358,,0.6687129139900208,,,,,,,,
sft_esm3_mlp_combined_qwen3_8b_it_0306_010408,260.0,0.0269527808013269,0.6663,2.5135,,1.0736438035964966,0.0001999850020288,,,,,,
sft_esm3_mlp_combined_qwen3_8b_it_0306_010408,270.0,0.0279894262167625,0.5981,2.317,,0.8767987489700317,0.0001999830562215,,,,,,
sft_esm3_mlp_combined_qwen3_8b_it_0306_010408,280.0,0.0290260716321982,0.674,2.3539,,0.8951513171195984,0.0001999809917811,,,,,,
sft_esm3_mlp_combined_qwen3_8b_it_0306_010408,290.0,0.0300627170476338,0.5849,2.3343,,1.0061440467834473,0.0001999788087102,,,,,,
sft_esm3_mlp_combined_qwen3_8b_it_0306_010408,300.0,0.0310993624630695,0.6552,2.3348,,0.8502384424209595,0.0001999765070114,,,,,,
sft_esm3_mlp_combined_qwen3_8b_it_0306_010408,310.0,0.0321360078785051,0.6989,2.4276,,0.9384231567382812,0.0001999740866873,,,,,,
sft_esm3_mlp_combined_qwen3_8b_it_0306_010408,320.0,0.0331726532939408,0.5614,2.2103,,0.9951086640357972,0.0001999715477409,,,,,,
sft_esm3_mlp_combined_qwen3_8b_it_0306_010408,330.0,0.0342092987093764,0.6702,2.2929,,0.9693378210067748,0.0001999688901751,,,,,,
sft_esm3_mlp_combined_qwen3_8b_it_0306_010408,340.0,0.0352459441248121,0.6375,2.3792,,0.7821496725082397,0.0001999661139932,,,,,,
sft_esm3_mlp_combined_qwen3_8b_it_0306_010408,350.0,0.0362825895402477,0.6132,2.1634,,0.8746756315231323,0.0001999632191983,,,,,,
sft_esm3_mlp_combined_qwen3_8b_it_0306_010408,360.0,0.0373192349556834,0.6782,2.3439,,0.8419066071510315,0.0001999602057941,,,,,,
sft_esm3_mlp_combined_qwen3_8b_it_0306_010408,370.0,0.038355880371119,0.5353,2.1935,,0.9604744911193848,0.0001999570737839,,,,,,
sft_esm3_mlp_combined_qwen3_8b_it_0306_010408,380.0,0.0393925257865547,0.6343,2.2549,,0.8120729923248291,0.0001999538231716,,,,,,
sft_esm3_mlp_combined_qwen3_8b_it_0306_010408,390.0,0.0404291712019903,0.6512,2.251,,0.8403823971748352,0.0001999504539609,,,,,,
sft_esm3_mlp_combined_qwen3_8b_it_0306_010408,400.0,0.041465816617426,0.5558,2.1639,,0.7751495838165283,0.000199946966156,,,,,,
sft_esm3_mlp_combined_qwen3_8b_it_0306_010408,410.0,0.0425024620328616,0.6324,2.2611,,0.8064130544662476,0.0001999433597609,,,,,,
sft_esm3_mlp_combined_qwen3_8b_it_0306_010408,420.0,0.0435391074482973,0.6393,2.1521,,0.8495028614997864,0.0001999396347799,,,,,,
sft_esm3_mlp_combined_qwen3_8b_it_0306_010408,430.0,0.0445757528637329,0.5754,2.1776,,0.7848242521286011,0.0001999357912174,,,,,,
sft_esm3_mlp_combined_qwen3_8b_it_0306_010408,440.0,0.0456123982791686,0.6721,2.1916,,0.7729842066764832,0.0001999318290781,,,,,,
sft_esm3_mlp_combined_qwen3_8b_it_0306_010408,450.0,0.0466490436946042,0.541,2.1087,,0.8105106353759766,0.0001999277483665,,,,,,
sft_esm3_mlp_combined_qwen3_8b_it_0306_010408,460.0,0.0476856891100399,0.6374,2.1219,,0.7091825604438782,0.0001999235490875,,,,,,
sft_esm3_mlp_combined_qwen3_8b_it_0306_010408,470.0,0.0487223345254755,0.6142,2.1816,,0.7764213681221008,0.0001999192312462,,,,,,
sft_esm3_mlp_combined_qwen3_8b_it_0306_010408,480.0,0.0497589799409112,0.5312,2.0824,,0.8285860419273376,0.0001999147948476,,,,,,
sft_esm3_mlp_combined_qwen3_8b_it_0306_010408,490.0,0.0507956253563468,0.6421,2.1535,,0.7432283163070679,0.000199910239897,,,,,,
sft_esm3_mlp_combined_qwen3_8b_it_0306_010408,500.0,0.0518322707717825,0.5131,2.0326,,0.883019745349884,0.0001999055663998,,,,,,
sft_esm3_mlp_combined_qwen3_8b_it_0306_010408,500.0,0.0518322707717825,0.7129,,0.5771343111991882,,,,,,,,
sft_esm3_mlp_combined_qwen3_8b_it_0306_010408,510.0,0.0528689161872181,0.576,2.1206,,0.8502086997032166,0.0001999007743616,,,,,,
sft_esm3_mlp_combined_qwen3_8b_it_0306_010408,520.0,0.0539055616026538,0.6138,2.1258,,0.8382449150085449,0.000199895863788,,,,,,
sft_esm3_mlp_combined_qwen3_8b_it_0306_010408,530.0,0.0549422070180894,0.4966,2.0091,,0.7720311284065247,0.0001998908346848,,,,,,
sft_esm3_mlp_combined_qwen3_8b_it_0306_010408,540.0,0.0559788524335251,0.6005,2.0443,,0.7121484279632568,0.0001998856870581,,,,,,
sft_esm3_mlp_combined_qwen3_8b_it_0306_010408,550.0,0.0570154978489607,0.5518,2.0849,,0.9054607152938844,0.000199880420914,,,,,,
sft_esm3_mlp_combined_qwen3_8b_it_0306_010408,560.0,0.0580521432643964,0.5654,1.995,,0.7304033637046814,0.0001998750362586,,,,,,
sft_esm3_mlp_combined_qwen3_8b_it_0306_010408,570.0,0.059088788679832,0.6498,2.0956,,0.7534503936767578,0.0001998695330984,,,,,,
sft_esm3_mlp_combined_qwen3_8b_it_0306_010408,580.0,0.0601254340952677,0.4793,2.0098,,0.990382969379425,0.0001998639114399,,,,,,
sft_esm3_mlp_combined_qwen3_8b_it_0306_010408,590.0,0.0611620795107033,0.6009,2.0708,,0.6658580303192139,0.0001998581712898,,,,,,
sft_esm3_mlp_combined_qwen3_8b_it_0306_010408,600.0,0.062198724926139,0.5874,2.1685,,1.1560192108154297,0.0001998523126549,,,,,,
sft_esm3_mlp_combined_qwen3_8b_it_0306_010408,610.0,0.0632353703415746,0.558,1.9597,,0.983272910118103,0.0001998463355421,,,,,,
sft_esm3_mlp_combined_qwen3_8b_it_0306_010408,620.0,0.0642720157570103,0.6117,2.1216,,0.7362613677978516,0.0001998402399586,,,,,,
sft_esm3_mlp_combined_qwen3_8b_it_0306_010408,630.0,0.0653086611724459,0.5446,2.0127,,0.8124113082885742,0.0001998340259115,,,,,,
sft_esm3_mlp_combined_qwen3_8b_it_0306_010408,640.0,0.0663453065878816,0.5969,1.9354,,0.729324996471405,0.0001998276934083,,,,,,
sft_esm3_mlp_combined_qwen3_8b_it_0306_010408,650.0,0.0673819520033172,0.5516,2.0989,,0.7392311096191406,0.0001998212424564,,,,,,
sft_esm3_mlp_combined_qwen3_8b_it_0306_010408,660.0,0.0684185974187529,0.5028,1.9254,,0.7492659091949463,0.0001998146730635,,,,,,
sft_esm3_mlp_combined_qwen3_8b_it_0306_010408,670.0,0.0694552428341885,0.612,2.0744,,0.727456271648407,0.0001998079852374,,,,,,
sft_esm3_mlp_combined_qwen3_8b_it_0306_010408,680.0,0.0704918882496242,0.5426,2.0233,,0.7283622622489929,0.0001998011789861,,,,,,
sft_esm3_mlp_combined_qwen3_8b_it_0306_010408,690.0,0.0715285336650598,0.5317,1.8661,,0.7862714529037476,0.0001997942543175,,,,,,
sft_esm3_mlp_combined_qwen3_8b_it_0306_010408,700.0,0.0725651790804955,0.542,2.0843,,0.6945693492889404,0.00019978721124,,,,,,
sft_esm3_mlp_combined_qwen3_8b_it_0306_010408,710.0,0.0736018244959311,0.4946,1.9261,,0.8253354430198669,0.0001997800497619,,,,,,
sft_esm3_mlp_combined_qwen3_8b_it_0306_010408,720.0,0.0746384699113668,0.581,1.9868,,0.6637102365493774,0.0001997727698916,,,,,,
sft_esm3_mlp_combined_qwen3_8b_it_0306_010408,730.0,0.0756751153268024,0.5186,2.0403,,0.7598875164985657,0.0001997653716379,,,,,,
sft_esm3_mlp_combined_qwen3_8b_it_0306_010408,740.0,0.0767117607422381,0.4659,1.8606,,0.8395771980285645,0.0001997578550095,,,,,,
sft_esm3_mlp_combined_qwen3_8b_it_0306_010408,750.0,0.0777484061576737,0.6103,1.9454,,0.7267850637435913,0.0001997502200153,,,,,,
sft_esm3_mlp_combined_qwen3_8b_it_0306_010408,750.0,0.0777484061576737,0.7003,,0.5320937037467957,,,,,,,,
sft_esm3_mlp_combined_qwen3_8b_it_0306_010408,760.0,0.0787850515731094,0.4464,1.9302,,0.9570785164833068,0.0001997424666643,,,,,,
sft_esm3_mlp_combined_qwen3_8b_it_0306_010408,770.0,0.079821696988545,0.6174,1.8791,,0.7742958664894104,0.0001997345949659,,,,,,
sft_esm3_mlp_combined_qwen3_8b_it_0306_010408,780.0,0.0808583424039807,0.5435,2.0179,,0.6910203099250793,0.0001997266049293,,,,,,
sft_esm3_mlp_combined_qwen3_8b_it_0306_010408,790.0,0.0818949878194163,0.4807,1.8071,,0.8335652947425842,0.0001997184965639,,,,,,
sft_esm3_mlp_combined_qwen3_8b_it_0306_010408,800.0,0.082931633234852,0.6281,1.9822,,0.7023150324821472,0.0001997102698795,,,,,,
sft_esm3_mlp_combined_qwen3_8b_it_0306_010408,810.0,0.0839682786502876,0.568,1.9376,,0.7006340622901917,0.0001997019248857,,,,,,
sft_esm3_mlp_combined_qwen3_8b_it_0306_010408,820.0,0.0850049240657233,0.5507,1.8592,,0.7141260504722595,0.0001996934615926,,,,,,
sft_esm3_mlp_combined_qwen3_8b_it_0306_010408,830.0,0.0860415694811589,0.5265,2.0219,,0.7155256271362305,0.00019968488001,,,,,,
sft_esm3_mlp_combined_qwen3_8b_it_0306_010408,840.0,0.0870782148965946,0.475,1.8624,,0.926789164543152,0.0001996761801483,,,,,,
sft_esm3_mlp_combined_qwen3_8b_it_0306_010408,850.0,0.0881148603120302,0.5808,1.8863,,0.7530514001846313,0.0001996673620176,,,,,,
sft_esm3_mlp_combined_qwen3_8b_it_0306_010408,860.0,0.0891515057274659,0.5466,2.0027,,0.6936579942703247,0.0001996584256286,,,,,,
sft_esm3_mlp_combined_qwen3_8b_it_0306_010408,870.0,0.0901881511429015,0.4981,1.8239,,0.865389347076416,0.0001996493709918,,,,,,
sft_esm3_mlp_combined_qwen3_8b_it_0306_010408,880.0,0.0912247965583372,0.5309,1.9505,,0.6569825410842896,0.0001996401981179,,,,,,
sft_esm3_mlp_combined_qwen3_8b_it_0306_010408,890.0,0.0922614419737728,0.5515,1.9227,,0.9475608468055724,0.0001996309070178,,,,,,
sft_esm3_mlp_combined_qwen3_8b_it_0306_010408,900.0,0.0932980873892085,0.501,1.8612,,0.6945027112960815,0.0001996214977026,,,,,,
sft_esm3_mlp_combined_qwen3_8b_it_0306_010408,910.0,0.0943347328046441,0.4725,2.0147,,0.7207450270652771,0.0001996119701833,,,,,,
sft_esm3_mlp_combined_qwen3_8b_it_0306_010408,920.0,0.0953713782200798,0.5113,1.8011,,0.7303964495658875,0.0001996023244714,,,,,,
sft_esm3_mlp_combined_qwen3_8b_it_0306_010408,930.0,0.0964080236355154,0.5743,1.9352,,0.7189365029335022,0.0001995925605783,,,,,,
sft_esm3_mlp_combined_qwen3_8b_it_0306_010408,940.0,0.0974446690509511,0.564,1.9573,,1.0661983489990234,0.0001995826785155,,,,,,
sft_esm3_mlp_combined_qwen3_8b_it_0306_010408,950.0,0.0984813144663867,0.509,1.8217,,0.8795206546783447,0.0001995726782947,,,,,,
sft_esm3_mlp_combined_qwen3_8b_it_0306_010408,960.0,0.0995179598818224,0.495,1.9686,,0.5997219085693359,0.0001995625599279,,,,,,
sft_esm3_mlp_combined_qwen3_8b_it_0306_010408,970.0,0.100554605297258,0.5023,1.7828,,0.7824118733406067,0.0001995523234271,,,,,,
sft_esm3_mlp_combined_qwen3_8b_it_0306_010408,980.0,0.1015912507126937,0.5242,1.86,,0.7362295985221863,0.0001995419688043,,,,,,
sft_esm3_mlp_combined_qwen3_8b_it_0306_010408,990.0,0.1026278961281293,0.5243,1.9206,,0.6840612292289734,0.0001995314960719,,,,,,
sft_esm3_mlp_combined_qwen3_8b_it_0306_010408,1000.0,0.103664541543565,0.5371,1.7712,,0.7092055082321167,0.0001995209052423,,,,,,
sft_esm3_mlp_combined_qwen3_8b_it_0306_010408,1000.0,0.103664541543565,0.6482,,0.4988367557525635,,,,,,,,
sft_esm3_mlp_combined_qwen3_8b_it_0306_010408,1010.0,0.1047011869590006,0.4901,1.915,,0.6061840653419495,0.000199510196328,,,,,,
sft_esm3_mlp_combined_qwen3_8b_it_0306_010408,1020.0,0.1057378323744363,0.6172,1.8719,,0.7199432849884033,0.0001994993693419,,,,,,
sft_esm3_mlp_combined_qwen3_8b_it_0306_010408,1030.0,0.1067744777898719,0.5073,1.7997,,0.6785241365432739,0.0001994884242966,,,,,,
sft_esm3_mlp_combined_qwen3_8b_it_0306_010408,1040.0,0.1078111232053076,0.5374,1.9253,,0.6107747554779053,0.0001994773612053,,,,,,
sft_esm3_mlp_combined_qwen3_8b_it_0306_010408,1050.0,0.1088477686207432,0.5537,1.8137,,1.0984818935394287,0.000199466180081,,,,,,
sft_esm3_mlp_combined_qwen3_8b_it_0306_010408,1060.0,0.1098844140361789,0.5532,1.9318,,0.7486489415168762,0.0001994548809369,,,,,,
sft_esm3_mlp_combined_qwen3_8b_it_0306_010408,1070.0,0.1109210594516145,0.5995,1.8903,,0.7648125886917114,0.0001994434637866,,,,,,
sft_esm3_mlp_combined_qwen3_8b_it_0306_010408,1080.0,0.1119577048670502,0.5136,1.7595,,0.7651745676994324,0.0001994319286436,,,,,,
sft_esm3_mlp_combined_qwen3_8b_it_0306_010408,1090.0,0.1129943502824858,0.5054,1.9022,,0.5954151749610901,0.0001994202755214,,,,,,
sft_esm3_mlp_combined_qwen3_8b_it_0306_010408,1100.0,0.1140309956979215,0.57,1.8466,,0.7044882774353027,0.0001994085044341,,,,,,
sft_esm3_mlp_combined_qwen3_8b_it_0306_010408,1110.0,0.1150676411133571,0.4479,1.7724,,0.5729681253433228,0.0001993966153955,,,,,,
sft_esm3_mlp_combined_qwen3_8b_it_0306_010408,1120.0,0.1161042865287928,0.5073,1.7996,,0.6768608689308167,0.0001993846084197,,,,,,
sft_esm3_mlp_combined_qwen3_8b_it_0306_010408,1130.0,0.1171409319442284,0.4837,1.761,,0.7756224870681763,0.000199372483521,,,,,,
sft_esm3_mlp_combined_qwen3_8b_it_0306_010408,1140.0,0.1181775773596641,0.469,1.8572,,0.6606464982032776,0.0001993602407138,,,,,,
sft_esm3_mlp_combined_qwen3_8b_it_0306_010408,1150.0,0.1192142227750997,0.5218,1.8256,,1.217366099357605,0.0001993478800125,,,,,,
sft_esm3_mlp_combined_qwen3_8b_it_0306_010408,1160.0,0.1202508681905354,0.5191,1.739,,0.8416107892990112,0.000199335401432,,,,,,
sft_esm3_mlp_combined_qwen3_8b_it_0306_010408,1170.0,0.121287513605971,0.5272,1.9158,,0.5926351547241211,0.0001993228049869,,,,,,
sft_esm3_mlp_combined_qwen3_8b_it_0306_010408,1180.0,0.1223241590214067,0.5528,1.785,,0.7487099766731262,0.0001993100906922,,,,,,
sft_esm3_mlp_combined_qwen3_8b_it_0306_010408,1190.0,0.1233608044368423,0.4975,1.7781,,0.6678456664085388,0.000199297258563,,,,,,
sft_esm3_mlp_combined_qwen3_8b_it_0306_010408,1200.0,0.124397449852278,0.5033,1.8282,,0.6739287972450256,0.0001992843086146,,,,,,
sft_esm3_mlp_combined_qwen3_8b_it_0306_010408,1210.0,0.1254340952677136,0.4547,1.6924,,0.8177048563957214,0.0001992712408622,,,,,,
sft_esm3_mlp_combined_qwen3_8b_it_0306_010408,1220.0,0.1264707406831493,0.5365,1.849,,0.6689705848693848,0.0001992580553215,,,,,,
sft_esm3_mlp_combined_qwen3_8b_it_0306_010408,1230.0,0.1275073860985849,0.5636,1.8669,,0.7194206714630127,0.000199244752008,,,,,,
sft_esm3_mlp_combined_qwen3_8b_it_0306_010408,1240.0,0.1285440315140206,0.4676,1.7667,,0.6434730291366577,0.0001992313309375,,,,,,
sft_esm3_mlp_combined_qwen3_8b_it_0306_010408,1250.0,0.1295806769294562,0.4985,1.8154,,0.6916182041168213,0.000199217792126,,,,,,
sft_esm3_mlp_combined_qwen3_8b_it_0306_010408,1250.0,0.1295806769294562,0.6121,,0.478902667760849,,,,,,,,
sft_esm3_mlp_combined_qwen3_8b_it_0306_010408,1260.0,0.1306173223448919,0.461,1.7326,,0.8545060753822327,0.0001992041355895,,,,,,
sft_esm3_mlp_combined_qwen3_8b_it_0306_010408,1270.0,0.1316539677603276,0.4648,1.7578,,0.6922927498817444,0.0001991903613442,,,,,,
sft_esm3_mlp_combined_qwen3_8b_it_0306_010408,1280.0,0.1326906131757632,0.602,1.837,,0.5982839465141296,0.0001991764694065,,,,,,
sft_esm3_mlp_combined_qwen3_8b_it_0306_010408,1290.0,0.1337272585911988,0.4379,1.7102,,0.728273332118988,0.0001991624597928,,,,,,
sft_esm3_mlp_combined_qwen3_8b_it_0306_010408,1300.0,0.1347639040066345,0.5002,1.814,,0.5988628268241882,0.0001991483325198,,,,,,
sft_esm3_mlp_combined_qwen3_8b_it_0306_010408,1310.0,0.1358005494220701,0.5233,1.8747,,0.703936755657196,0.0001991340876043,,,,,,
sft_esm3_mlp_combined_qwen3_8b_it_0306_010408,1320.0,0.1368371948375058,0.4375,1.7156,,0.7485374808311462,0.000199119725063,,,,,,
sft_esm3_mlp_combined_qwen3_8b_it_0306_010408,1330.0,0.1378738402529414,0.5862,1.8128,,0.6652365326881409,0.0001991052449132,,,,,,
sft_esm3_mlp_combined_qwen3_8b_it_0306_010408,1340.0,0.1389104856683771,0.3974,1.7508,,0.7511788606643677,0.0001990906471719,,,,,,
sft_esm3_mlp_combined_qwen3_8b_it_0306_010408,1350.0,0.1399471310838128,0.4939,1.7886,,0.6251723766326904,0.0001990759318565,,,,,,
sft_esm3_mlp_combined_qwen3_8b_it_0306_010408,1360.0,0.1409837764992484,0.548,1.8584,,0.6464528441429138,0.0001990610989844,,,,,,
sft_esm3_mlp_combined_qwen3_8b_it_0306_010408,1370.0,0.1420204219146841,0.4334,1.7375,,0.8200892806053162,0.0001990461485733,,,,,,
sft_esm3_mlp_combined_qwen3_8b_it_0306_010408,1380.0,0.1430570673301197,0.5131,1.7514,,0.6091346144676208,0.0001990310806408,,,,,,
sft_esm3_mlp_combined_qwen3_8b_it_0306_010408,1390.0,0.1440937127455553,0.4856,1.8151,,0.694347083568573,0.000199015895205,,,,,,
sft_esm3_mlp_combined_qwen3_8b_it_0306_010408,1400.0,0.145130358160991,0.4573,1.7097,,0.6623088121414185,0.0001990005922836,,,,,,
sft_esm3_mlp_combined_qwen3_8b_it_0306_010408,1410.0,0.1461670035764266,0.5873,1.7932,,0.5953468084335327,0.000198985171895,,,,,,
sft_esm3_mlp_combined_qwen3_8b_it_0306_010408,1420.0,0.1472036489918623,0.4654,1.7638,,0.7936296463012695,0.0001989696340575,,,,,,
sft_esm3_mlp_combined_qwen3_8b_it_0306_010408,1430.0,0.148240294407298,0.4998,1.6823,,0.6534949541091919,0.0001989539787894,,,,,,
sft_esm3_mlp_combined_qwen3_8b_it_0306_010408,1440.0,0.1492769398227336,0.4743,1.8764,,0.7372329831123352,0.0001989382061094,,,,,,
sft_esm3_mlp_combined_qwen3_8b_it_0306_010408,1450.0,0.1503135852381693,0.4526,1.6609,,0.6888936161994934,0.0001989223160361,,,,,,
sft_esm3_mlp_combined_qwen3_8b_it_0306_010408,1460.0,0.1513502306536049,0.5098,1.7727,,0.5807368159294128,0.0001989063085884,,,,,,
sft_esm3_mlp_combined_qwen3_8b_it_0306_010408,1470.0,0.1523868760690405,0.4481,1.806,,0.8087381720542908,0.0001988901837853,,,,,,
sft_esm3_mlp_combined_qwen3_8b_it_0306_010408,1480.0,0.1534235214844762,0.4837,1.6816,,0.7055342197418213,0.000198873941646,,,,,,
sft_esm3_mlp_combined_qwen3_8b_it_0306_010408,1490.0,0.1544601668999118,0.5122,1.7885,,0.5841509103775024,0.0001988575821896,,,,,,
sft_esm3_mlp_combined_qwen3_8b_it_0306_010408,1500.0,0.1554968123153475,0.425,1.7079,,0.7570723295211792,0.0001988411054357,,,,,,
sft_esm3_mlp_combined_qwen3_8b_it_0306_010408,1500.0,0.1554968123153475,0.5703,,0.4681392610073089,,,,,,,,
sft_esm3_mlp_combined_qwen3_8b_it_0306_010408,1510.0,0.1565334577307832,0.5408,1.7155,,0.6262417435646057,0.0001988245114037,,,,,,
sft_esm3_mlp_combined_qwen3_8b_it_0306_010408,1520.0,0.1575701031462188,0.4505,1.8833,,0.776981770992279,0.0001988078001134,,,,,,
sft_esm3_mlp_combined_qwen3_8b_it_0306_010408,1530.0,0.1586067485616545,0.4386,1.656,,0.6885315179824829,0.0001987909715846,,,,,,
sft_esm3_mlp_combined_qwen3_8b_it_0306_010408,1540.0,0.1596433939770901,0.557,1.7687,,0.5667031407356262,0.0001987740258373,,,,,,
sft_esm3_mlp_combined_qwen3_8b_it_0306_010408,1550.0,0.1606800393925258,0.439,1.7258,,0.840660572052002,0.0001987569628915,,,,,,
sft_esm3_mlp_combined_qwen3_8b_it_0306_010408,1560.0,0.1617166848079614,0.5329,1.6764,,0.620904803276062,0.0001987397827675,,,,,,
sft_esm3_mlp_combined_qwen3_8b_it_0306_010408,1570.0,0.162753330223397,0.48,1.7797,,0.6259306073188782,0.0001987224854857,,,,,,
sft_esm3_mlp_combined_qwen3_8b_it_0306_010408,1580.0,0.1637899756388327,0.4801,1.6889,,0.8286176919937134,0.0001987050710666,,,,,,
sft_esm3_mlp_combined_qwen3_8b_it_0306_010408,1590.0,0.1648266210542683,0.4992,1.7875,,0.6463592648506165,0.0001986875395309,,,,,,
sft_esm3_mlp_combined_qwen3_8b_it_0306_010408,1600.0,0.165863266469704,0.507,1.766,,0.6497504711151123,0.0001986698908994,,,,,,
sft_esm3_mlp_combined_qwen3_8b_it_0306_010408,1610.0,0.1668999118851397,0.4859,1.672,,0.6135083436965942,0.000198652125193,,,,,,
sft_esm3_mlp_combined_qwen3_8b_it_0306_010408,1620.0,0.1679365573005753,0.429,1.7703,,0.6345811486244202,0.0001986342424328,,,,,,
sft_esm3_mlp_combined_qwen3_8b_it_0306_010408,1630.0,0.168973202716011,0.5399,1.7189,,0.7583489418029785,0.00019861624264,,,,,,
sft_esm3_mlp_combined_qwen3_8b_it_0306_010408,1640.0,0.1700098481314466,0.5138,1.7909,,0.6818904876708984,0.000198598125836,,,,,,
sft_esm3_mlp_combined_qwen3_8b_it_0306_010408,1650.0,0.1710464935468822,0.5283,1.7437,,0.5658188462257385,0.0001985798920423,,,,,,
sft_esm3_mlp_combined_qwen3_8b_it_0306_010408,1660.0,0.1720831389623179,0.4079,1.6707,,0.6629351377487183,0.0001985615412804,,,,,,
sft_esm3_mlp_combined_qwen3_8b_it_0306_010408,1670.0,0.1731197843777535,0.5294,1.6762,,0.5747819542884827,0.0001985430735723,,,,,,
sft_esm3_mlp_combined_qwen3_8b_it_0306_010408,1680.0,0.1741564297931892,0.4653,1.8074,,0.7354751229286194,0.0001985244889397,,,,,,
sft_esm3_mlp_combined_qwen3_8b_it_0306_010408,1690.0,0.1751930752086249,0.4277,1.5974,,0.6773425340652466,0.0001985057874048,,,,,,
sft_esm3_mlp_combined_qwen3_8b_it_0306_010408,1700.0,0.1762297206240605,0.5035,1.7616,,0.568976879119873,0.0001984869689897,,,,,,
sft_esm3_mlp_combined_qwen3_8b_it_0306_010408,1710.0,0.1772663660394962,0.455,1.6645,,0.6456495523452759,0.0001984680337168,,,,,,
sft_esm3_mlp_combined_qwen3_8b_it_0306_010408,1720.0,0.1783030114549318,0.5373,1.6758,,0.644303023815155,0.0001984489816085,,,,,,
sft_esm3_mlp_combined_qwen3_8b_it_0306_010408,1730.0,0.1793396568703675,0.4916,1.8063,,0.6506118178367615,0.0001984298126875,,,,,,
sft_esm3_mlp_combined_qwen3_8b_it_0306_010408,1740.0,0.1803763022858031,0.4531,1.627,,0.6496635675430298,0.0001984105269764,,,,,,
sft_esm3_mlp_combined_qwen3_8b_it_0306_010408,1750.0,0.1814129477012387,0.5221,1.762,,0.5950310230255127,0.0001983911244982,,,,,,
sft_esm3_mlp_combined_qwen3_8b_it_0306_010408,1750.0,0.1814129477012387,0.5778,,0.4569070637226105,,,,,,,,
sft_esm3_mlp_combined_qwen3_8b_it_0306_010408,1760.0,0.1824495931166744,0.4951,1.7125,,0.6920062899589539,0.0001983716052759,,,,,,
sft_esm3_mlp_combined_qwen3_8b_it_0306_010408,1770.0,0.1834862385321101,0.4573,1.6378,,0.6171823143959045,0.0001983519693326,,,,,,
sft_esm3_mlp_combined_qwen3_8b_it_0306_010408,1780.0,0.1845228839475457,0.5422,1.8146,,0.6371109485626221,0.0001983322166917,,,,,,
sft_esm3_mlp_combined_qwen3_8b_it_0306_010408,1790.0,0.1855595293629814,0.4142,1.6286,,0.6508997678756714,0.0001983123473765,,,,,,
sft_esm3_mlp_combined_qwen3_8b_it_0306_010408,1800.0,0.186596174778417,0.5323,1.6548,,0.6336105465888977,0.0001982923614107,,,,,,
sft_esm3_mlp_combined_qwen3_8b_it_0306_010408,1810.0,0.1876328201938527,0.4935,1.787,,0.6687286496162415,0.000198272258818,,,,,,
sft_esm3_mlp_combined_qwen3_8b_it_0306_010408,1820.0,0.1886694656092883,0.4133,1.6607,,0.6138908863067627,0.0001982520396222,,,,,,
sft_esm3_mlp_combined_qwen3_8b_it_0306_010408,1830.0,0.1897061110247239,0.541,1.7583,,0.527335524559021,0.0001982317038473,,,,,,
sft_esm3_mlp_combined_qwen3_8b_it_0306_010408,1840.0,0.1907427564401596,0.4042,1.7151,,0.723913311958313,0.0001982112515174,,,,,,
sft_esm3_mlp_combined_qwen3_8b_it_0306_010408,1850.0,0.1917794018555953,0.4936,1.6622,,0.6396729350090027,0.0001981906826569,,,,,,
sft_esm3_mlp_combined_qwen3_8b_it_0306_010408,1860.0,0.1928160472710309,0.4646,1.81,,0.7689152359962463,0.0001981699972901,,,,,,
sft_esm3_mlp_combined_qwen3_8b_it_0306_010408,1870.0,0.1938526926864666,0.4435,1.6245,,0.6804531216621399,0.0001981491954415,,,,,,
sft_esm3_mlp_combined_qwen3_8b_it_0306_010408,1880.0,0.1948893381019022,0.4732,1.7327,,0.641761064529419,0.0001981282771359,,,,,,
sft_esm3_mlp_combined_qwen3_8b_it_0306_010408,1890.0,0.1959259835173379,0.4599,1.6663,,0.7375545501708984,0.000198107242398,,,,,,
sft_esm3_mlp_combined_qwen3_8b_it_0306_010408,1900.0,0.1969626289327735,0.4394,1.5903,,0.7022842764854431,0.0001980860912529,,,,,,
sft_esm3_mlp_combined_qwen3_8b_it_0306_010408,1910.0,0.1979992743482092,0.4519,1.7746,,0.6241915225982666,0.0001980648237256,,,,,,
sft_esm3_mlp_combined_qwen3_8b_it_0306_010408,1920.0,0.1990359197636448,0.4365,1.6212,,0.82956463098526,0.0001980434398413,,,,,,
sft_esm3_mlp_combined_qwen3_8b_it_0306_010408,1930.0,0.2000725651790805,0.5173,1.714,,0.6481196284294128,0.0001980219396254,,,,,,
sft_esm3_mlp_combined_qwen3_8b_it_0306_010408,1940.0,0.2011092105945161,0.446,1.7551,,0.5794398188591003,0.0001980003231035,,,,,,
sft_esm3_mlp_combined_qwen3_8b_it_0306_010408,1950.0,0.2021458560099518,0.4324,1.6407,,0.6686264276504517,0.0001979785903012,,,,,,
sft_esm3_mlp_combined_qwen3_8b_it_0306_010408,1960.0,0.2031825014253874,0.4759,1.7499,,0.6019099354743958,0.0001979567412442,,,,,,
sft_esm3_mlp_combined_qwen3_8b_it_0306_010408,1970.0,0.2042191468408231,0.4849,1.6853,,0.6358875632286072,0.0001979347759585,,,,,,
sft_esm3_mlp_combined_qwen3_8b_it_0306_010408,1980.0,0.2052557922562587,0.4292,1.6172,,0.6271407008171082,0.0001979126944702,,,,,,
sft_esm3_mlp_combined_qwen3_8b_it_0306_010408,1990.0,0.2062924376716944,0.4642,1.7569,,0.5699418187141418,0.0001978904968055,,,,,,
sft_esm3_mlp_combined_qwen3_8b_it_0306_010408,2000.0,0.20732908308713,0.4431,1.5576,,0.824497640132904,0.0001978681829906,,,,,,
sft_esm3_mlp_combined_qwen3_8b_it_0306_010408,2000.0,0.20732908308713,0.5773,,0.4440760910511017,,,,,,,,
sft_esm3_mlp_combined_qwen3_8b_it_0306_010408,2010.0,0.2083657285025656,0.4451,1.7143,,0.5709652900695801,0.0001978457530521,,,,,,
sft_esm3_mlp_combined_qwen3_8b_it_0306_010408,2020.0,0.2094023739180013,0.4962,1.7029,,0.6852856278419495,0.0001978232070166,,,,,,
sft_esm3_mlp_combined_qwen3_8b_it_0306_010408,2030.0,0.210439019333437,0.4284,1.5754,,0.6364147663116455,0.0001978005449108,,,,,,
sft_esm3_mlp_combined_qwen3_8b_it_0306_010408,2040.0,0.2114756647488726,0.5015,1.7434,,0.5588940382003784,0.0001977777667617,,,,,,
sft_esm3_mlp_combined_qwen3_8b_it_0306_010408,2050.0,0.2125123101643083,0.5145,1.6866,,0.6777424812316895,0.0001977548725962,,,,,,
sft_esm3_mlp_combined_qwen3_8b_it_0306_010408,2060.0,0.2135489555797439,0.4379,1.6365,,0.6028539538383484,0.0001977318624415,,,,,,
sft_esm3_mlp_combined_qwen3_8b_it_0306_010408,2070.0,0.2145856009951796,0.475,1.6731,,0.5631822347640991,0.000197708736325,,,,,,
sft_esm3_mlp_combined_qwen3_8b_it_0306_010408,2080.0,0.2156222464106152,0.4512,1.5973,,0.6185286045074463,0.000197685494274,,,,,,
sft_esm3_mlp_combined_qwen3_8b_it_0306_010408,2090.0,0.2166588918260509,0.4226,1.7079,,0.5743542909622192,0.0001976621363161,,,,,,
sft_esm3_mlp_combined_qwen3_8b_it_0306_010408,2100.0,0.2176955372414865,0.5107,1.6906,,0.6394733786582947,0.0001976386624791,,,,,,
sft_esm3_mlp_combined_qwen3_8b_it_0306_010408,2110.0,0.2187321826569222,0.3738,1.57,,0.5991103649139404,0.0001976150727908,,,,,,
sft_esm3_mlp_combined_qwen3_8b_it_0306_010408,2120.0,0.2197688280723578,0.431,1.68,,0.5773212313652039,0.0001975913672792,,,,,,
sft_esm3_mlp_combined_qwen3_8b_it_0306_010408,2130.0,0.2208054734877935,0.5253,1.6819,,0.7491353154182434,0.0001975675459724,,,,,,
sft_esm3_mlp_combined_qwen3_8b_it_0306_010408,2140.0,0.2218421189032291,0.4702,1.6608,,0.5846356749534607,0.0001975436088987,,,,,,
sft_esm3_mlp_combined_qwen3_8b_it_0306_010408,2150.0,0.2228787643186648,0.4801,1.6656,,0.5765239596366882,0.0001975195560865,,,,,,
sft_esm3_mlp_combined_qwen3_8b_it_0306_010408,2160.0,0.2239154097341004,0.3677,1.6201,,0.6674190163612366,0.0001974953875644,,,,,,
sft_esm3_mlp_combined_qwen3_8b_it_0306_010408,2170.0,0.2249520551495361,0.4733,1.6377,,0.58744215965271,0.0001974711033609,,,,,,
sft_esm3_mlp_combined_qwen3_8b_it_0306_010408,2180.0,0.2259887005649717,0.4761,1.7261,,0.8623985648155212,0.0001974467035049,,,,,,
sft_esm3_mlp_combined_qwen3_8b_it_0306_010408,2190.0,0.2270253459804074,0.4242,1.5598,,0.5921305418014526,0.0001974221880254,,,,,,
sft_esm3_mlp_combined_qwen3_8b_it_0306_010408,2200.0,0.228061991395843,0.54,1.6857,,0.5579861998558044,0.0001973975569515,,,,,,
sft_esm3_mlp_combined_qwen3_8b_it_0306_010408,2210.0,0.2290986368112787,0.4177,1.6723,,0.7726428508758545,0.0001973728103124,,,,,,
sft_esm3_mlp_combined_qwen3_8b_it_0306_010408,2220.0,0.2301352822267143,0.4946,1.6167,,0.6033894419670105,0.0001973479481374,,,,,,
sft_esm3_mlp_combined_qwen3_8b_it_0306_010408,2230.0,0.23117192764215,0.5178,1.743,,0.65590500831604,0.000197322970456,,,,,,
sft_esm3_mlp_combined_qwen3_8b_it_0306_010408,2240.0,0.2322085730575856,0.4152,1.5945,,0.5900640487670898,0.0001972978772979,,,,,,
sft_esm3_mlp_combined_qwen3_8b_it_0306_010408,2250.0,0.2332452184730213,0.4491,1.6306,,0.5701109170913696,0.0001972726686929,,,,,,
sft_esm3_mlp_combined_qwen3_8b_it_0306_010408,2250.0,0.2332452184730213,0.5389,,0.4370801746845245,,,,,,,,
sft_esm3_mlp_combined_qwen3_8b_it_0306_010408,2260.0,0.2342818638884569,0.4733,1.7882,,0.6920375823974609,0.0001972473446709,,,,,,
sft_esm3_mlp_combined_qwen3_8b_it_0306_010408,2270.0,0.2353185093038926,0.4191,1.54,,0.6742355227470398,0.0001972219052618,,,,,,
sft_esm3_mlp_combined_qwen3_8b_it_0306_010408,2280.0,0.2363551547193282,0.4771,1.7401,,0.6510651707649231,0.000197196350496,,,,,,
sft_esm3_mlp_combined_qwen3_8b_it_0306_010408,2290.0,0.2373918001347639,0.433,1.6821,,4.620326042175293,0.0001971706804037,,,,,,
sft_esm3_mlp_combined_qwen3_8b_it_0306_010408,2300.0,0.2384284455501995,0.4872,1.5863,,0.6375514268875122,0.0001971448950154,,,,,,
sft_esm3_mlp_combined_qwen3_8b_it_0306_010408,2310.0,0.2394650909656352,0.4354,1.7392,,0.6742386221885681,0.0001971189943616,,,,,,
sft_esm3_mlp_combined_qwen3_8b_it_0306_010408,2320.0,0.2405017363810708,0.4179,1.5931,,0.6115943193435669,0.0001970929784732,,,,,,
sft_esm3_mlp_combined_qwen3_8b_it_0306_010408,2330.0,0.2415383817965065,0.4758,1.6805,,0.5786077976226807,0.0001970668473809,,,,,,
sft_esm3_mlp_combined_qwen3_8b_it_0306_010408,2340.0,0.2425750272119421,0.4982,1.6829,,0.7015663981437683,0.0001970406011158,,,,,,
sft_esm3_mlp_combined_qwen3_8b_it_0306_010408,2350.0,0.2436116726273778,0.4373,1.5538,,0.6167076826095581,0.000197014239709,,,,,,
sft_esm3_mlp_combined_qwen3_8b_it_0306_010408,2360.0,0.2446483180428134,0.4733,1.7256,,0.5213825106620789,0.0001969877631918,,,,,,
sft_esm3_mlp_combined_qwen3_8b_it_0306_010408,2370.0,0.2456849634582491,0.4266,1.5979,,0.6636963486671448,0.0001969611715957,,,,,,
sft_esm3_mlp_combined_qwen3_8b_it_0306_010408,2380.0,0.2467216088736847,0.5087,1.6263,,0.6107097864151001,0.0001969344649521,,,,,,
sft_esm3_mlp_combined_qwen3_8b_it_0306_010408,2390.0,0.2477582542891204,0.4684,1.7156,,0.5536463260650635,0.0001969076432928,,,,,,
sft_esm3_mlp_combined_qwen3_8b_it_0306_010408,2400.0,0.248794899704556,0.4051,1.5056,,0.7294474244117737,0.0001968807066495,,,,,,
sft_esm3_mlp_combined_qwen3_8b_it_0306_010408,2410.0,0.2498315451199917,0.4636,1.6717,,0.5273503065109253,0.0001968536550543,,,,,,
sft_esm3_mlp_combined_qwen3_8b_it_0306_010408,2420.0,0.2508681905354273,0.4397,1.7133,,0.6618818640708923,0.0001968264885393,,,,,,
sft_esm3_mlp_combined_qwen3_8b_it_0306_010408,2430.0,0.251904835950863,0.4696,1.5627,,0.633318305015564,0.0001967992071366,,,,,,
sft_esm3_mlp_combined_qwen3_8b_it_0306_010408,2440.0,0.2529414813662987,0.4128,1.7119,,0.5928648710250854,0.0001967718108786,,,,,,
sft_esm3_mlp_combined_qwen3_8b_it_0306_010408,2450.0,0.2539781267817343,0.423,1.5924,,0.7312642931938171,0.0001967442997979,,,,,,
sft_esm3_mlp_combined_qwen3_8b_it_0306_010408,2460.0,0.2550147721971699,0.5082,1.6335,,0.5672817230224609,0.0001967166739271,,,,,,
sft_esm3_mlp_combined_qwen3_8b_it_0306_010408,2470.0,0.2560514176126056,0.4604,1.6872,,0.5839261412620544,0.000196688933299,,,,,,
sft_esm3_mlp_combined_qwen3_8b_it_0306_010408,2480.0,0.2570880630280412,0.4378,1.5505,,0.6403946876525879,0.0001966610779465,,,,,,
sft_esm3_mlp_combined_qwen3_8b_it_0306_010408,2490.0,0.2581247084434769,0.5095,1.7128,,0.5693321228027344,0.0001966331079026,,,,,,
sft_esm3_mlp_combined_qwen3_8b_it_0306_010408,2500.0,0.2591613538589125,0.4502,1.6093,,0.6265734434127808,0.0001966050232005,,,,,,
sft_esm3_mlp_combined_qwen3_8b_it_0306_010408,2500.0,0.2591613538589125,0.5253,,0.4308350384235382,,,,,,,,
sft_esm3_mlp_combined_qwen3_8b_it_0306_010408,2510.0,0.2601979992743482,0.4756,1.5709,,0.7657956480979919,0.0001965768238735,,,,,,
sft_esm3_mlp_combined_qwen3_8b_it_0306_010408,2520.0,0.2612346446897838,0.4399,1.6673,,0.5971217751502991,0.0001965485099552,,,,,,
sft_esm3_mlp_combined_qwen3_8b_it_0306_010408,2530.0,0.2622712901052195,0.4402,1.5817,,0.6403796076774597,0.0001965200814791,,,,,,
sft_esm3_mlp_combined_qwen3_8b_it_0306_010408,2540.0,0.2633079355206552,0.4562,1.6555,,0.5796261429786682,0.0001964915384789,,,,,,
sft_esm3_mlp_combined_qwen3_8b_it_0306_010408,2550.0,0.2643445809360908,0.4917,1.6496,,0.6082628965377808,0.0001964628809886,,,,,,
sft_esm3_mlp_combined_qwen3_8b_it_0306_010408,2560.0,0.2653812263515264,0.4014,1.5695,,0.7472825050354004,0.000196434109042,,,,,,
sft_esm3_mlp_combined_qwen3_8b_it_0306_010408,2570.0,0.2664178717669621,0.5125,1.658,,0.5848101377487183,0.0001964052226734,,,,,,
sft_esm3_mlp_combined_qwen3_8b_it_0306_010408,2580.0,0.2674545171823977,0.4411,1.6559,,0.6226806640625,0.000196376221917,,,,,,
sft_esm3_mlp_combined_qwen3_8b_it_0306_010408,2590.0,0.2684911625978334,0.4426,1.5194,,0.5810574889183044,0.0001963471068072,,,,,,
sft_esm3_mlp_combined_qwen3_8b_it_0306_010408,2600.0,0.2695278080132691,0.4923,1.688,,0.6613352298736572,0.0001963178773786,,,,,,
sft_esm3_mlp_combined_qwen3_8b_it_0306_010408,2610.0,0.2705644534287047,0.4525,1.5948,,0.7494983077049255,0.0001962885336658,,,,,,
sft_esm3_mlp_combined_qwen3_8b_it_0306_010408,2620.0,0.2716010988441403,0.4136,1.5862,,0.5907981395721436,0.0001962590757037,,,,,,
sft_esm3_mlp_combined_qwen3_8b_it_0306_010408,2630.0,0.272637744259576,0.487,1.6341,,0.4934577047824859,0.0001962295035273,,,,,,
sft_esm3_mlp_combined_qwen3_8b_it_0306_010408,2640.0,0.2736743896750117,0.4321,1.5329,,0.601572573184967,0.0001961998171716,,,,,,
sft_esm3_mlp_combined_qwen3_8b_it_0306_010408,2650.0,0.2747110350904473,0.4162,1.6911,,0.5793704390525818,0.0001961700166718,,,,,,
sft_esm3_mlp_combined_qwen3_8b_it_0306_010408,2660.0,0.2757476805058829,0.4929,1.6346,,0.6810295581817627,0.0001961401020633,,,,,,
sft_esm3_mlp_combined_qwen3_8b_it_0306_010408,2670.0,0.2767843259213186,0.4078,1.5607,,0.6329342126846313,0.0001961100733816,,,,,,
sft_esm3_mlp_combined_qwen3_8b_it_0306_010408,2680.0,0.2778209713367542,0.4705,1.6581,,0.5471596121788025,0.0001960799306623,,,,,,
sft_esm3_mlp_combined_qwen3_8b_it_0306_010408,2690.0,0.2788576167521899,0.467,1.539,,0.6904300451278687,0.0001960496739412,,,,,,
sft_esm3_mlp_combined_qwen3_8b_it_0306_010408,2700.0,0.2798942621676256,0.5622,1.5961,,0.5960335731506348,0.0001960193032542,,,,,,
sft_esm3_mlp_combined_qwen3_8b_it_0306_010408,2710.0,0.2809309075830612,0.4227,1.6488,,0.5296673774719238,0.0001959888186373,,,,,,
sft_esm3_mlp_combined_qwen3_8b_it_0306_010408,2720.0,0.2819675529984968,0.4381,1.5332,,0.6403321623802185,0.0001959582201268,,,,,,
sft_esm3_mlp_combined_qwen3_8b_it_0306_010408,2730.0,0.2830041984139325,0.4341,1.6344,,0.567141056060791,0.0001959275077588,,,,,,
sft_esm3_mlp_combined_qwen3_8b_it_0306_010408,2740.0,0.2840408438293682,0.4324,1.6409,,0.6977913975715637,0.0001958966815698,,,,,,
sft_esm3_mlp_combined_qwen3_8b_it_0306_010408,2750.0,0.2850774892448038,0.4483,1.5643,,0.5919944047927856,0.0001958657415965,,,,,,
sft_esm3_mlp_combined_qwen3_8b_it_0306_010408,2750.0,0.2850774892448038,0.5447,,0.4264418184757232,,,,,,,,
sft_esm3_mlp_combined_qwen3_8b_it_0306_010408,2760.0,0.2861141346602394,0.4339,1.6718,,0.5566091537475586,0.0001958346878755,,,,,,
sft_esm3_mlp_combined_qwen3_8b_it_0306_010408,2770.0,0.2871507800756751,0.4186,1.5332,,0.6896963119506836,0.0001958035204437,,,,,,
sft_esm3_mlp_combined_qwen3_8b_it_0306_010408,2780.0,0.2881874254911107,0.4394,1.6333,,0.6278589367866516,0.0001957722393381,,,,,,
sft_esm3_mlp_combined_qwen3_8b_it_0306_010408,2790.0,0.2892240709065464,0.4421,1.6807,,0.630159854888916,0.0001957408445957,,,,,,
sft_esm3_mlp_combined_qwen3_8b_it_0306_010408,2800.0,0.2902607163219821,0.4311,1.5361,,0.5983289480209351,0.0001957093362538,,,,,,
sft_esm3_mlp_combined_qwen3_8b_it_0306_010408,2810.0,0.2912973617374177,0.4639,1.6674,,0.514384925365448,0.0001956777143499,,,,,,
sft_esm3_mlp_combined_qwen3_8b_it_0306_010408,2820.0,0.2923340071528533,0.4979,1.6062,,0.6118561625480652,0.0001956459789213,,,,,,
sft_esm3_mlp_combined_qwen3_8b_it_0306_010408,2830.0,0.293370652568289,0.4315,1.5394,,0.5998656749725342,0.0001956141300059,,,,,,
sft_esm3_mlp_combined_qwen3_8b_it_0306_010408,2840.0,0.2944072979837246,0.4349,1.6809,,0.5386484265327454,0.0001955821676414,,,,,,
sft_esm3_mlp_combined_qwen3_8b_it_0306_010408,2850.0,0.2954439433991603,0.4457,1.5686,,0.7221664190292358,0.0001955500918656,,,,,,
sft_esm3_mlp_combined_qwen3_8b_it_0306_010408,2860.0,0.296480588814596,0.5049,1.655,,0.542188286781311,0.0001955179027167,,,,,,
sft_esm3_mlp_combined_qwen3_8b_it_0306_010408,2870.0,0.2975172342300316,0.4949,1.6461,,0.6028952598571777,0.0001954856002328,,,,,,
sft_esm3_mlp_combined_qwen3_8b_it_0306_010408,2880.0,0.2985538796454672,0.4368,1.5457,,0.5765940546989441,0.0001954531844524,,,,,,
sft_esm3_mlp_combined_qwen3_8b_it_0306_010408,2890.0,0.2995905250609029,0.4741,1.6709,,0.5629331469535828,0.0001954206554137,,,,,,
sft_esm3_mlp_combined_qwen3_8b_it_0306_010408,2900.0,0.3006271704763386,0.4758,1.6761,,0.6995649933815002,0.0001953880131555,,,,,,
sft_esm3_mlp_combined_qwen3_8b_it_0306_010408,2910.0,0.3016638158917742,0.4607,1.5409,,0.6206335425376892,0.0001953552577165,,,,,,
sft_esm3_mlp_combined_qwen3_8b_it_0306_010408,2920.0,0.3027004613072098,0.4253,1.6912,,0.573845624923706,0.0001953223891355,,,,,,
sft_esm3_mlp_combined_qwen3_8b_it_0306_010408,2930.0,0.3037371067226455,0.41,1.543,,0.6572516560554504,0.0001952894074516,,,,,,
sft_esm3_mlp_combined_qwen3_8b_it_0306_010408,2940.0,0.3047737521380811,0.4785,1.6238,,0.5932513475418091,0.0001952563127038,,,,,,
sft_esm3_mlp_combined_qwen3_8b_it_0306_010408,2950.0,0.3058103975535168,0.4569,1.6512,,0.5900197625160217,0.0001952231049315,,,,,,
sft_esm3_mlp_combined_qwen3_8b_it_0306_010408,2960.0,0.3068470429689525,0.4154,1.5002,,0.6107557415962219,0.0001951897841739,,,,,,
sft_esm3_mlp_combined_qwen3_8b_it_0306_010408,2970.0,0.3078836883843881,0.4538,1.6238,,0.5245757699012756,0.0001951563504708,,,,,,
sft_esm3_mlp_combined_qwen3_8b_it_0306_010408,2980.0,0.3089203337998237,0.4508,1.5828,,0.6861737370491028,0.0001951228038617,,,,,,
sft_esm3_mlp_combined_qwen3_8b_it_0306_010408,2990.0,0.3099569792152594,0.4647,1.5571,,0.6240400671958923,0.0001950891443865,,,,,,
sft_esm3_mlp_combined_qwen3_8b_it_0306_010408,3000.0,0.3109936246306951,0.4634,1.6756,,0.5213919281959534,0.000195055372085,,,,,,
sft_esm3_mlp_combined_qwen3_8b_it_0306_010408,3000.0,0.3109936246306951,0.5459,,0.4206724762916565,,,,,,,,
sft_esm3_mlp_combined_qwen3_8b_it_0306_010408,3010.0,0.3120302700461307,0.4008,1.5243,,0.6236351132392883,0.0001950214869974,,,,,,
sft_esm3_mlp_combined_qwen3_8b_it_0306_010408,3020.0,0.3130669154615664,0.4874,1.6019,,0.5509400367736816,0.0001949874891639,,,,,,
sft_esm3_mlp_combined_qwen3_8b_it_0306_010408,3030.0,0.314103560877002,0.4332,1.6877,,0.7464199662208557,0.0001949533786248,,,,,,
sft_esm3_mlp_combined_qwen3_8b_it_0306_010408,3040.0,0.3151402062924376,0.398,1.5109,,0.5909199118614197,0.0001949191554205,,,,,,
sft_esm3_mlp_combined_qwen3_8b_it_0306_010408,3050.0,0.3161768517078733,0.444,1.6044,,0.576878547668457,0.0001948848195917,,,,,,
sft_esm3_mlp_combined_qwen3_8b_it_0306_010408,3060.0,0.317213497123309,0.4715,1.5879,,0.6950360536575317,0.0001948503711792,,,,,,
sft_esm3_mlp_combined_qwen3_8b_it_0306_010408,3070.0,0.3182501425387446,0.4828,1.5183,,0.5679594874382019,0.0001948158102238,,,,,,
sft_esm3_mlp_combined_qwen3_8b_it_0306_010408,3080.0,0.3192867879541802,0.415,1.6243,,0.5191779136657715,0.0001947811367664,,,,,,
sft_esm3_mlp_combined_qwen3_8b_it_0306_010408,3090.0,0.3203234333696159,0.4375,1.5512,,0.6250690817832947,0.0001947463508483,,,,,,
sft_esm3_mlp_combined_qwen3_8b_it_0306_010408,3100.0,0.3213600787850516,0.4538,1.6358,,0.6077860593795776,0.0001947114525108,,,,,,
sft_esm3_mlp_combined_qwen3_8b_it_0306_010408,3110.0,0.3223967242004872,0.4191,1.6513,,0.6034262776374817,0.0001946764417951,,,,,,
sft_esm3_mlp_combined_qwen3_8b_it_0306_010408,3120.0,0.3234333696159229,0.4273,1.5026,,0.6564921140670776,0.0001946413187429,,,,,,
sft_esm3_mlp_combined_qwen3_8b_it_0306_010408,3130.0,0.3244700150313585,0.4924,1.5945,,0.5298018455505371,0.0001946060833959,,,,,,
sft_esm3_mlp_combined_qwen3_8b_it_0306_010408,3140.0,0.3255066604467941,0.5051,1.6627,,0.6471084356307983,0.0001945707357958,,,,,,
sft_esm3_mlp_combined_qwen3_8b_it_0306_010408,3150.0,0.3265433058622298,0.4351,1.501,,0.5975656509399414,0.0001945352759847,,,,,,
sft_esm3_mlp_combined_qwen3_8b_it_0306_010408,3160.0,0.3275799512776655,0.4451,1.654,,0.536069929599762,0.0001944997040045,,,,,,
sft_esm3_mlp_combined_qwen3_8b_it_0306_010408,3170.0,0.3286165966931011,0.4038,1.5462,,0.6567459106445312,0.0001944640198974,,,,,,
sft_esm3_mlp_combined_qwen3_8b_it_0306_010408,3180.0,0.3296532421085367,0.4488,1.5578,,0.5884658098220825,0.0001944282237059,,,,,,
sft_esm3_mlp_combined_qwen3_8b_it_0306_010408,3190.0,0.3306898875239724,0.4503,1.6861,,0.634429931640625,0.0001943923154724,,,,,,
sft_esm3_mlp_combined_qwen3_8b_it_0306_010408,3200.0,0.331726532939408,0.4003,1.5252,,0.7178120613098145,0.0001943562952395,,,,,,
sft_esm3_mlp_combined_qwen3_8b_it_0306_010408,3210.0,0.3327631783548437,0.443,1.6191,,0.5280889868736267,0.0001943201630499,,,,,,
sft_esm3_mlp_combined_qwen3_8b_it_0306_010408,3220.0,0.3337998237702794,0.4531,1.6425,,0.7186868190765381,0.0001942839189465,,,,,,
sft_esm3_mlp_combined_qwen3_8b_it_0306_010408,3230.0,0.334836469185715,0.4364,1.5117,,0.5586583018302917,0.0001942475629723,,,,,,
sft_esm3_mlp_combined_qwen3_8b_it_0306_010408,3240.0,0.3358731146011506,0.4632,1.6854,,0.5110188126564026,0.0001942110951705,,,,,,
sft_esm3_mlp_combined_qwen3_8b_it_0306_010408,3250.0,0.3369097600165863,0.3974,1.5006,,0.7613301873207092,0.0001941745155842,,,,,,
sft_esm3_mlp_combined_qwen3_8b_it_0306_010408,3250.0,0.3369097600165863,0.5082,,0.4202696084976196,,,,,,,,
sft_esm3_mlp_combined_qwen3_8b_it_0306_010408,3260.0,0.337946405432022,0.4794,1.583,,0.609120786190033,0.0001941378242571,,,,,,
sft_esm3_mlp_combined_qwen3_8b_it_0306_010408,3270.0,0.3389830508474576,0.4489,1.6379,,0.5253788232803345,0.0001941010212324,,,,,,
sft_esm3_mlp_combined_qwen3_8b_it_0306_010408,3280.0,0.3400196962628933,0.4234,1.5008,,0.6471748352050781,0.000194064106554,,,,,,
sft_esm3_mlp_combined_qwen3_8b_it_0306_010408,3290.0,0.3410563416783289,0.4494,1.6148,,0.5241298079490662,0.0001940270802656,,,,,,
sft_esm3_mlp_combined_qwen3_8b_it_0306_010408,3300.0,0.3420929870937645,0.48,1.6551,,0.6631320714950562,0.0001939899424112,,,,,,
sft_esm3_mlp_combined_qwen3_8b_it_0306_010408,3310.0,0.3431296325092002,0.3817,1.5301,,0.6054807901382446,0.0001939526930348,,,,,,
sft_esm3_mlp_combined_qwen3_8b_it_0306_010408,3320.0,0.3441662779246359,0.4126,1.6184,,0.5235105752944946,0.0001939153321806,,,,,,
sft_esm3_mlp_combined_qwen3_8b_it_0306_010408,3330.0,0.3452029233400715,0.4414,1.5304,,0.5692247748374939,0.000193877859893,,,,,,
sft_esm3_mlp_combined_qwen3_8b_it_0306_010408,3340.0,0.3462395687555071,0.4244,1.5675,,0.5791975855827332,0.0001938402762164,,,,,,
sft_esm3_mlp_combined_qwen3_8b_it_0306_010408,3350.0,0.3472762141709428,0.4734,1.5952,,0.637232780456543,0.0001938025811954,,,,,,
sft_esm3_mlp_combined_qwen3_8b_it_0306_010408,3360.0,0.3483128595863785,0.3999,1.5054,,0.5498738884925842,0.0001937647748747,,,,,,
sft_esm3_mlp_combined_qwen3_8b_it_0306_010408,3370.0,0.3493495050018141,0.444,1.5844,,0.5474360585212708,0.0001937268572993,,,,,,
sft_esm3_mlp_combined_qwen3_8b_it_0306_010408,3380.0,0.3503861504172498,0.4675,1.5672,,0.7679764628410339,0.000193688828514,,,,,,
sft_esm3_mlp_combined_qwen3_8b_it_0306_010408,3390.0,0.3514227958326854,0.382,1.5878,,0.5915052890777588,0.000193650688564,,,,,,
sft_esm3_mlp_combined_qwen3_8b_it_0306_010408,3400.0,0.352459441248121,0.4772,1.5993,,0.5358601212501526,0.0001936124374945,,,,,,
sft_esm3_mlp_combined_qwen3_8b_it_0306_010408,3410.0,0.3534960866635567,0.3526,1.5336,,0.5532149076461792,0.000193574075351,,,,,,
sft_esm3_mlp_combined_qwen3_8b_it_0306_010408,3420.0,0.3545327320789924,0.484,1.5659,,0.5941175818443298,0.000193535602179,,,,,,
sft_esm3_mlp_combined_qwen3_8b_it_0306_010408,3430.0,0.355569377494428,0.4933,1.6665,,0.8485034704208374,0.0001934970180241,,,,,,
sft_esm3_mlp_combined_qwen3_8b_it_0306_010408,3440.0,0.3566060229098637,0.3897,1.4663,,0.5606885552406311,0.0001934583229321,,,,,,
sft_esm3_mlp_combined_qwen3_8b_it_0306_010408,3450.0,0.3576426683252993,0.4934,1.557,,0.5138546824455261,0.0001934195169489,,,,,,
sft_esm3_mlp_combined_qwen3_8b_it_0306_010408,3460.0,0.358679313740735,0.4135,1.5773,,0.721886932849884,0.0001933806001205,,,,,,
sft_esm3_mlp_combined_qwen3_8b_it_0306_010408,3470.0,0.3597159591561706,0.4118,1.573,,0.6857011914253235,0.0001933415724932,,,,,,
sft_esm3_mlp_combined_qwen3_8b_it_0306_010408,3480.0,0.3607526045716063,0.4736,1.5885,,0.5203754901885986,0.0001933024341132,,,,,,
sft_esm3_mlp_combined_qwen3_8b_it_0306_010408,3490.0,0.3617892499870419,0.371,1.5184,,0.6174993515014648,0.000193263185027,,,,,,
sft_esm3_mlp_combined_qwen3_8b_it_0306_010408,3500.0,0.3628258954024775,0.4266,1.5768,,0.5419466495513916,0.0001932238252811,,,,,,
sft_esm3_mlp_combined_qwen3_8b_it_0306_010408,3500.0,0.3628258954024775,0.4887,,0.413358986377716,,,,,,,,
sft_esm3_mlp_combined_qwen3_8b_it_0306_010408,3510.0,0.3638625408179132,0.4393,1.5944,,0.589100182056427,0.0001931843549222,,,,,,
sft_esm3_mlp_combined_qwen3_8b_it_0306_010408,3520.0,0.3648991862333489,0.3682,1.5147,,0.6761285066604614,0.0001931447739973,,,,,,
sft_esm3_mlp_combined_qwen3_8b_it_0306_010408,3530.0,0.3659358316487845,0.4101,1.5921,,0.5551846623420715,0.0001931050825532,,,,,,
sft_esm3_mlp_combined_qwen3_8b_it_0306_010408,3540.0,0.3669724770642202,0.4211,1.5532,,0.7325056195259094,0.000193065280637,,,,,,
sft_esm3_mlp_combined_qwen3_8b_it_0306_010408,3550.0,0.3680091224796558,0.4251,1.5546,,0.580591082572937,0.000193025368296,,,,,,
sft_esm3_mlp_combined_qwen3_8b_it_0306_010408,3560.0,0.3690457678950914,0.4763,1.6524,,0.5821804404258728,0.0001929853455775,,,,,,
sft_esm3_mlp_combined_qwen3_8b_it_0306_010408,3570.0,0.3700824133105271,0.3897,1.5145,,0.6064778566360474,0.000192945212529,,,,,,
sft_esm3_mlp_combined_qwen3_8b_it_0306_010408,3580.0,0.3711190587259628,0.4381,1.5577,,0.5662849545478821,0.0001929049691981,,,,,,
sft_esm3_mlp_combined_qwen3_8b_it_0306_010408,3590.0,0.3721557041413984,0.3832,1.6493,,0.7016916871070862,0.0001928646156327,,,,,,
sft_esm3_mlp_combined_qwen3_8b_it_0306_010408,3600.0,0.373192349556834,0.3884,1.5176,,0.5565366148948669,0.0001928241518804,,,,,,
sft_esm3_mlp_combined_qwen3_8b_it_0306_010408,3610.0,0.3742289949722697,0.4587,1.5617,,0.5128602981567383,0.0001927835779895,,,,,,
sft_esm3_mlp_combined_qwen3_8b_it_0306_010408,3620.0,0.3752656403877054,0.3748,1.5248,,0.6653034090995789,0.0001927428940079,,,,,,
sft_esm3_mlp_combined_qwen3_8b_it_0306_010408,3630.0,0.376302285803141,0.4106,1.5368,,0.5335695147514343,0.0001927020999841,,,,,,
sft_esm3_mlp_combined_qwen3_8b_it_0306_010408,3640.0,0.3773389312185767,0.5097,1.5856,,0.577669620513916,0.0001926611959663,,,,,,
sft_esm3_mlp_combined_qwen3_8b_it_0306_010408,3650.0,0.3783755766340123,0.3703,1.509,,0.5867695808410645,0.0001926201820032,,,,,,
sft_esm3_mlp_combined_qwen3_8b_it_0306_010408,3660.0,0.3794122220494479,0.5267,1.586,,0.5678274631500244,0.0001925790581433,,,,,,
sft_esm3_mlp_combined_qwen3_8b_it_0306_010408,3670.0,0.3804488674648836,0.4024,1.6326,,0.6222628951072693,0.0001925378244356,,,,,,
sft_esm3_mlp_combined_qwen3_8b_it_0306_010408,3680.0,0.3814855128803193,0.4099,1.5011,,0.6207395792007446,0.0001924964809288,,,,,,
sft_esm3_mlp_combined_qwen3_8b_it_0306_010408,3690.0,0.3825221582957549,0.4839,1.5551,,0.5001740455627441,0.0001924550276721,,,,,,
sft_esm3_mlp_combined_qwen3_8b_it_0306_010408,3700.0,0.3835588037111906,0.3711,1.5092,,0.6009032726287842,0.0001924134647146,,,,,,
sft_esm3_mlp_combined_qwen3_8b_it_0306_010408,3710.0,0.3845954491266262,0.4408,1.5776,,0.5131984353065491,0.0001923717921057,,,,,,
sft_esm3_mlp_combined_qwen3_8b_it_0306_010408,3720.0,0.3856320945420619,0.4587,1.6075,,0.5797728300094604,0.0001923300098949,,,,,,
sft_esm3_mlp_combined_qwen3_8b_it_0306_010408,3730.0,0.3866687399574975,0.3602,1.5095,,0.67817223072052,0.0001922881181316,,,,,,
sft_esm3_mlp_combined_qwen3_8b_it_0306_010408,3740.0,0.3877053853729332,0.4895,1.5627,,0.5486442446708679,0.0001922461168656,,,,,,
sft_esm3_mlp_combined_qwen3_8b_it_0306_010408,3750.0,0.3887420307883688,0.3948,1.5836,,0.7008852362632751,0.0001922040061467,,,,,,
sft_esm3_mlp_combined_qwen3_8b_it_0306_010408,3750.0,0.3887420307883688,0.4992,,0.4087120294570923,,,,,,,,
sft_esm3_mlp_combined_qwen3_8b_it_0306_010408,3760.0,0.3897786762038044,0.4177,1.5211,,0.6668890118598938,0.0001921617860249,,,,,,
sft_esm3_mlp_combined_qwen3_8b_it_0306_010408,3770.0,0.3908153216192401,0.4694,1.5892,,0.576068639755249,0.0001921194565503,,,,,,
sft_esm3_mlp_combined_qwen3_8b_it_0306_010408,3780.0,0.3918519670346758,0.4048,1.5072,,0.5184717178344727,0.0001920770177731,,,,,,
sft_esm3_mlp_combined_qwen3_8b_it_0306_010408,3790.0,0.3928886124501114,0.4261,1.575,,0.5547011494636536,0.0001920344697437,,,,,,
sft_esm3_mlp_combined_qwen3_8b_it_0306_010408,3800.0,0.3939252578655471,0.4782,1.621,,0.6585066318511963,0.0001919918125125,,,,,,
sft_esm3_mlp_combined_qwen3_8b_it_0306_010408,3810.0,0.3949619032809827,0.3402,1.5028,,0.5461810827255249,0.0001919490461302,,,,,,
sft_esm3_mlp_combined_qwen3_8b_it_0306_010408,3820.0,0.3959985486964184,0.4529,1.5361,,0.5089845657348633,0.0001919061706475,,,,,,
sft_esm3_mlp_combined_qwen3_8b_it_0306_010408,3830.0,0.397035194111854,0.4203,1.515,,0.6566956639289856,0.0001918631861153,,,,,,
sft_esm3_mlp_combined_qwen3_8b_it_0306_010408,3840.0,0.3980718395272897,0.3711,1.5594,,0.5249775648117065,0.0001918200925846,,,,,,
sft_esm3_mlp_combined_qwen3_8b_it_0306_010408,3850.0,0.3991084849427253,0.4747,1.574,,0.5882236361503601,0.0001917768901065,,,,,,
sft_esm3_mlp_combined_qwen3_8b_it_0306_010408,3860.0,0.400145130358161,0.4326,1.5122,,0.584431529045105,0.0001917335787323,,,,,,
sft_esm3_mlp_combined_qwen3_8b_it_0306_010408,3870.0,0.4011817757735966,0.4537,1.6215,,0.6443204283714294,0.0001916901585133,,,,,,
sft_esm3_mlp_combined_qwen3_8b_it_0306_010408,3880.0,0.4022184211890323,0.4755,1.566,,0.6007131934165955,0.0001916466295011,,,,,,
sft_esm3_mlp_combined_qwen3_8b_it_0306_010408,3890.0,0.4032550666044679,0.3859,1.4971,,0.6164790987968445,0.0001916029917474,,,,,,
sft_esm3_mlp_combined_qwen3_8b_it_0306_010408,3900.0,0.4042917120199036,0.4063,1.6075,,0.5229465365409851,0.0001915592453039,,,,,,
sft_esm3_mlp_combined_qwen3_8b_it_0306_010408,3910.0,0.4053283574353392,0.3641,1.5041,,0.6744875311851501,0.0001915153902225,,,,,,
sft_esm3_mlp_combined_qwen3_8b_it_0306_010408,3920.0,0.4063650028507748,0.454,1.5481,,0.5620049834251404,0.0001914714265553,,,,,,
sft_esm3_mlp_combined_qwen3_8b_it_0306_010408,3930.0,0.4074016482662105,0.4543,1.5258,,0.619799017906189,0.0001914273543544,,,,,,
sft_esm3_mlp_combined_qwen3_8b_it_0306_010408,3940.0,0.4084382936816462,0.3959,1.5111,,0.6112759709358215,0.000191383173672,,,,,,
sft_esm3_mlp_combined_qwen3_8b_it_0306_010408,3950.0,0.4094749390970818,0.4165,1.5525,,0.6082704663276672,0.0001913388845608,,,,,,
sft_esm3_mlp_combined_qwen3_8b_it_0306_010408,3960.0,0.4105115845125175,0.5337,1.6132,,0.5543808937072754,0.0001912944870731,,,,,,
sft_esm3_mlp_combined_qwen3_8b_it_0306_010408,3970.0,0.4115482299279531,0.3592,1.5019,,0.5623288154602051,0.0001912499812617,,,,,,
sft_esm3_mlp_combined_qwen3_8b_it_0306_010408,3980.0,0.4125848753433888,0.445,1.566,,0.498884916305542,0.0001912053671793,,,,,,
sft_esm3_mlp_combined_qwen3_8b_it_0306_010408,3990.0,0.4136215207588244,0.4339,1.4908,,0.6036494374275208,0.000191160644879,,,,,,
sft_esm3_mlp_combined_qwen3_8b_it_0306_010408,4000.0,0.4146581661742601,0.4029,1.602,,0.5962198972702026,0.0001911158144137,,,,,,
sft_esm3_mlp_combined_qwen3_8b_it_0306_010408,4000.0,0.4146581661742601,0.469,,0.4039714634418487,,,,,,,,
sft_esm3_mlp_combined_qwen3_8b_it_0306_010408,4010.0,0.4156948115896957,0.4549,1.6097,,0.5519488453865051,0.0001910708758367,,,,,,
sft_esm3_mlp_combined_qwen3_8b_it_0306_010408,4020.0,0.4167314570051313,0.3995,1.4679,,0.6059325337409973,0.0001910258292013,,,,,,
sft_esm3_mlp_combined_qwen3_8b_it_0306_010408,4030.0,0.417768102420567,0.4648,1.6016,,0.5319671630859375,0.000190980674561,,,,,,
sft_esm3_mlp_combined_qwen3_8b_it_0306_010408,4040.0,0.4188047478360027,0.4511,1.5547,,0.6735473275184631,0.0001909354119692,,,,,,
sft_esm3_mlp_combined_qwen3_8b_it_0306_010408,4050.0,0.4198413932514383,0.392,1.4965,,0.5793274641036987,0.0001908900414798,,,,,,
sft_esm3_mlp_combined_qwen3_8b_it_0306_010408,4060.0,0.420878038666874,0.4632,1.5519,,0.538056492805481,0.0001908445631465,,,,,,
sft_esm3_mlp_combined_qwen3_8b_it_0306_010408,4070.0,0.4219146840823096,0.4224,1.5016,,0.6506003737449646,0.0001907989770233,,,,,,
sft_esm3_mlp_combined_qwen3_8b_it_0306_010408,4080.0,0.4229513294977453,0.4456,1.5528,,0.5437598824501038,0.0001907532831643,,,,,,
sft_esm3_mlp_combined_qwen3_8b_it_0306_010408,4090.0,0.4239879749131809,0.4835,1.5775,,0.5116537809371948,0.0001907074816238,,,,,,
sft_esm3_mlp_combined_qwen3_8b_it_0306_010408,4100.0,0.4250246203286166,0.3718,1.4725,,0.6014133095741272,0.000190661572456,,,,,,
sft_esm3_mlp_combined_qwen3_8b_it_0306_010408,4110.0,0.4260612657440522,0.4727,1.5375,,0.5478833913803101,0.0001906155557154,,,,,,
sft_esm3_mlp_combined_qwen3_8b_it_0306_010408,4120.0,0.4270979111594879,0.4524,1.5996,,0.7274998426437378,0.0001905694314567,,,,,,
sft_esm3_mlp_combined_qwen3_8b_it_0306_010408,4130.0,0.4281345565749235,0.3796,1.4306,,0.5696590542793274,0.0001905231997346,,,,,,
sft_esm3_mlp_combined_qwen3_8b_it_0306_010408,4140.0,0.4291712019903592,0.4699,1.5554,,0.5066081285476685,0.0001904768606038,,,,,,
sft_esm3_mlp_combined_qwen3_8b_it_0306_010408,4150.0,0.4302078474057949,0.3974,1.5548,,0.6250494122505188,0.0001904304141195,,,,,,
sft_esm3_mlp_combined_qwen3_8b_it_0306_010408,4160.0,0.4312444928212305,0.4794,1.4862,,0.5360016822814941,0.0001903838603367,,,,,,
sft_esm3_mlp_combined_qwen3_8b_it_0306_010408,4170.0,0.4322811382366661,0.4482,1.5985,,0.54422527551651,0.0001903371993107,,,,,,
sft_esm3_mlp_combined_qwen3_8b_it_0306_010408,4180.0,0.4333177836521018,0.3851,1.4484,,0.7714735269546509,0.0001902904310967,,,,,,
sft_esm3_mlp_combined_qwen3_8b_it_0306_010408,4190.0,0.4343544290675374,0.5089,1.5831,,0.5377123951911926,0.0001902435557504,,,,,,
sft_esm3_mlp_combined_qwen3_8b_it_0306_010408,4200.0,0.4353910744829731,0.4134,1.6456,,0.6308497786521912,0.0001901965733273,,,,,,
sft_esm3_mlp_combined_qwen3_8b_it_0306_010408,4210.0,0.4364277198984087,0.3917,1.4208,,0.6260226368904114,0.0001901494838832,,,,,,
sft_esm3_mlp_combined_qwen3_8b_it_0306_010408,4220.0,0.4374643653138444,0.4386,1.5701,,0.4689141809940338,0.0001901022874739,,,,,,
sft_esm3_mlp_combined_qwen3_8b_it_0306_010408,4230.0,0.43850101072928,0.3725,1.4708,,0.6629546880722046,0.0001900549841554,,,,,,
sft_esm3_mlp_combined_qwen3_8b_it_0306_010408,4240.0,0.4395376561447157,0.4628,1.5094,,0.5587039589881897,0.000190007573984,,,,,,
sft_esm3_mlp_combined_qwen3_8b_it_0306_010408,4250.0,0.4405743015601513,0.4355,1.6119,,0.504949152469635,0.0001899600570157,,,,,,
sft_esm3_mlp_combined_qwen3_8b_it_0306_010408,4250.0,0.4405743015601513,0.4676,,0.4034995436668396,,,,,,,,
sft_esm3_mlp_combined_qwen3_8b_it_0306_010408,4260.0,0.441610946975587,0.4061,1.4906,,0.6421886086463928,0.0001899124333071,,,,,,
sft_esm3_mlp_combined_qwen3_8b_it_0306_010408,4270.0,0.4426475923910226,0.4843,1.5951,,0.5232327580451965,0.0001898647029146,,,,,,
sft_esm3_mlp_combined_qwen3_8b_it_0306_010408,4280.0,0.4436842378064583,0.4519,1.545,,0.5572845339775085,0.0001898168658948,,,,,,
sft_esm3_mlp_combined_qwen3_8b_it_0306_010408,4290.0,0.4447208832218939,0.4419,1.4795,,0.6156915426254272,0.0001897689223046,,,,,,
sft_esm3_mlp_combined_qwen3_8b_it_0306_010408,4300.0,0.4457575286373296,0.4103,1.5805,,0.5409334301948547,0.0001897208722007,,,,,,
sft_esm3_mlp_combined_qwen3_8b_it_0306_010408,4310.0,0.4467941740527652,0.4315,1.5611,,0.5815865993499756,0.0001896727156403,,,,,,
sft_esm3_mlp_combined_qwen3_8b_it_0306_010408,4320.0,0.4478308194682009,0.3791,1.4827,,0.5300958156585693,0.0001896244526803,,,,,,
sft_esm3_mlp_combined_qwen3_8b_it_0306_010408,4330.0,0.4488674648836365,0.4363,1.5153,,0.5658108592033386,0.0001895760833783,,,,,,
sft_esm3_mlp_combined_qwen3_8b_it_0306_010408,4340.0,0.4499041102990722,0.4211,1.5054,,0.6312065720558167,0.0001895276077914,,,,,,
sft_esm3_mlp_combined_qwen3_8b_it_0306_010408,4350.0,0.4509407557145078,0.375,1.5915,,0.5139359831809998,0.0001894790259772,,,,,,
sft_esm3_mlp_combined_qwen3_8b_it_0306_010408,4360.0,0.4519774011299435,0.45,1.5431,,0.5486561059951782,0.0001894303379934,,,,,,
sft_esm3_mlp_combined_qwen3_8b_it_0306_010408,4370.0,0.4530140465453791,0.4109,1.4592,,0.5347575545310974,0.0001893815438977,,,,,,
sft_esm3_mlp_combined_qwen3_8b_it_0306_010408,4380.0,0.4540506919608148,0.4095,1.5943,,0.5481092929840088,0.0001893326437481,,,,,,
sft_esm3_mlp_combined_qwen3_8b_it_0306_010408,4390.0,0.4550873373762504,0.4764,1.5406,,0.6816368103027344,0.0001892836376025,,,,,,
sft_esm3_mlp_combined_qwen3_8b_it_0306_010408,4400.0,0.4561239827916861,0.371,1.4791,,0.5527973771095276,0.0001892345255191,,,,,,
sft_esm3_mlp_combined_qwen3_8b_it_0306_010408,4410.0,0.4571606282071218,0.4207,1.6013,,0.5513664484024048,0.0001891853075562,,,,,,
sft_esm3_mlp_combined_qwen3_8b_it_0306_010408,4420.0,0.4581972736225574,0.3909,1.4268,,0.6015375852584839,0.0001891359837722,,,,,,
sft_esm3_mlp_combined_qwen3_8b_it_0306_010408,4430.0,0.459233919037993,0.4509,1.5607,,0.5198348164558411,0.0001890865542255,,,,,,
sft_esm3_mlp_combined_qwen3_8b_it_0306_010408,4440.0,0.4602705644534287,0.4637,1.5681,,0.6430416107177734,0.0001890370189749,,,,,,
sft_esm3_mlp_combined_qwen3_8b_it_0306_010408,4450.0,0.4613072098688643,0.399,1.4464,,0.5457212924957275,0.0001889873780791,,,,,,
sft_esm3_mlp_combined_qwen3_8b_it_0306_010408,4460.0,0.4623438552843,0.4006,1.624,,0.5500580668449402,0.0001889376315971,,,,,,
sft_esm3_mlp_combined_qwen3_8b_it_0306_010408,4470.0,0.4633805006997356,0.404,1.4574,,0.5974887609481812,0.0001888877795878,,,,,,
sft_esm3_mlp_combined_qwen3_8b_it_0306_010408,4480.0,0.4644171461151713,0.4226,1.536,,0.5011343955993652,0.0001888378221104,,,,,,
sft_esm3_mlp_combined_qwen3_8b_it_0306_010408,4490.0,0.4654537915306069,0.4383,1.5691,,0.6038835048675537,0.0001887877592241,,,,,,
sft_esm3_mlp_combined_qwen3_8b_it_0306_010408,4500.0,0.4664904369460426,0.4018,1.4418,,0.5166742205619812,0.0001887375909885,,,,,,
sft_esm3_mlp_combined_qwen3_8b_it_0306_010408,4500.0,0.4664904369460426,0.48,,0.4017578661441803,,,,,,,,
sft_esm3_mlp_combined_qwen3_8b_it_0306_010408,4510.0,0.4675270823614783,0.3832,1.5596,,0.4939647018909454,0.0001886873174629,,,,,,
sft_esm3_mlp_combined_qwen3_8b_it_0306_010408,4520.0,0.4685637277769139,0.355,1.5427,,0.6449151039123535,0.0001886369387071,,,,,,
sft_esm3_mlp_combined_qwen3_8b_it_0306_010408,4530.0,0.4696003731923495,0.495,1.4868,,0.5488845109939575,0.0001885864547808,,,,,,
sft_esm3_mlp_combined_qwen3_8b_it_0306_010408,4540.0,0.4706370186077852,0.4085,1.6383,,0.5878297090530396,0.000188535865744,,,,,,
sft_esm3_mlp_combined_qwen3_8b_it_0306_010408,4550.0,0.4716736640232208,0.3707,1.4397,,0.5760806202888489,0.0001884851716566,,,,,,
sft_esm3_mlp_combined_qwen3_8b_it_0306_010408,4560.0,0.4727103094386565,0.48,1.5111,,0.5765261650085449,0.0001884343725788,,,,,,
sft_esm3_mlp_combined_qwen3_8b_it_0306_010408,4570.0,0.4737469548540922,0.4288,1.5585,,0.6040831208229065,0.0001883834685709,,,,,,
sft_esm3_mlp_combined_qwen3_8b_it_0306_010408,4580.0,0.4747836002695278,0.3589,1.4058,,0.5581718683242798,0.0001883324596932,,,,,,
sft_esm3_mlp_combined_qwen3_8b_it_0306_010408,4590.0,0.4758202456849634,0.4564,1.5742,,0.5224798917770386,0.0001882813460064,,,,,,
sft_esm3_mlp_combined_qwen3_8b_it_0306_010408,4600.0,0.4768568911003991,0.3789,1.5361,,0.5943132638931274,0.000188230127571,,,,,,
sft_esm3_mlp_combined_qwen3_8b_it_0306_010408,4610.0,0.4778935365158347,0.4348,1.4578,,0.4929638206958771,0.0001881788044479,,,,,,
sft_esm3_mlp_combined_qwen3_8b_it_0306_010408,4620.0,0.4789301819312704,0.4044,1.6025,,0.5296070575714111,0.0001881273766978,,,,,,
sft_esm3_mlp_combined_qwen3_8b_it_0306_010408,4630.0,0.479966827346706,0.398,1.4744,,0.6591331362724304,0.0001880758443819,,,,,,
sft_esm3_mlp_combined_qwen3_8b_it_0306_010408,4640.0,0.4810034727621417,0.4274,1.5296,,0.5537130236625671,0.0001880242075613,,,,,,
sft_esm3_mlp_combined_qwen3_8b_it_0306_010408,4650.0,0.4820401181775773,0.4633,1.5776,,0.5528603792190552,0.0001879724662972,,,,,,
sft_esm3_mlp_combined_qwen3_8b_it_0306_010408,4660.0,0.483076763593013,0.4138,1.458,,0.5924287438392639,0.0001879206206511,,,,,,
sft_esm3_mlp_combined_qwen3_8b_it_0306_010408,4670.0,0.4841134090084487,0.4077,1.6193,,0.4797609150409698,0.0001878686706845,,,,,,
sft_esm3_mlp_combined_qwen3_8b_it_0306_010408,4680.0,0.4851500544238843,0.3704,1.4501,,0.6019721627235413,0.0001878166164589,,,,,,
sft_esm3_mlp_combined_qwen3_8b_it_0306_010408,4690.0,0.4861866998393199,0.4292,1.509,,0.5058095455169678,0.0001877644580362,,,,,,
sft_esm3_mlp_combined_qwen3_8b_it_0306_010408,4700.0,0.4872233452547556,0.455,1.6079,,0.5409306287765503,0.0001877121954783,,,,,,
sft_esm3_mlp_combined_qwen3_8b_it_0306_010408,4710.0,0.4882599906701912,0.4327,1.4477,,0.5822596549987793,0.0001876598288471,,,,,,
sft_esm3_mlp_combined_qwen3_8b_it_0306_010408,4720.0,0.4892966360856269,0.3732,1.6307,,0.5274143218994141,0.0001876073582049,,,,,,
sft_esm3_mlp_combined_qwen3_8b_it_0306_010408,4730.0,0.4903332815010625,0.4633,1.491,,0.5796424150466919,0.0001875547836137,,,,,,
sft_esm3_mlp_combined_qwen3_8b_it_0306_010408,4740.0,0.4913699269164982,0.3446,1.4661,,0.5506582260131836,0.0001875021051362,,,,,,
sft_esm3_mlp_combined_qwen3_8b_it_0306_010408,4750.0,0.4924065723319338,0.4055,1.6047,,0.5765417814254761,0.0001874493228346,,,,,,
sft_esm3_mlp_combined_qwen3_8b_it_0306_010408,4750.0,0.4924065723319338,0.4616,,0.3975385427474975,,,,,,,,
sft_esm3_mlp_combined_qwen3_8b_it_0306_010408,4760.0,0.4934432177473695,0.402,1.4295,,0.5847504138946533,0.0001873964367718,,,,,,
sft_esm3_mlp_combined_qwen3_8b_it_0306_010408,4770.0,0.4944798631628052,0.4245,1.5154,,0.5308607816696167,0.0001873434470103,,,,,,
sft_esm3_mlp_combined_qwen3_8b_it_0306_010408,4780.0,0.4955165085782408,0.4609,1.5167,,0.604564905166626,0.0001872903536132,,,,,,
sft_esm3_mlp_combined_qwen3_8b_it_0306_010408,4790.0,0.4965531539936764,0.397,1.4039,,0.545804500579834,0.0001872371566434,,,,,,
sft_esm3_mlp_combined_qwen3_8b_it_0306_010408,4800.0,0.4975897994091121,0.3853,1.5098,,0.5153405070304871,0.0001871838561639,,,,,,
sft_esm3_mlp_combined_qwen3_8b_it_0306_010408,4810.0,0.4986264448245477,0.4857,1.5035,,0.5919575691223145,0.0001871304522381,,,,,,
sft_esm3_mlp_combined_qwen3_8b_it_0306_010408,4820.0,0.4996630902399834,0.3295,1.4576,,0.5236721634864807,0.0001870769449294,,,,,,
sft_esm3_mlp_combined_qwen3_8b_it_0306_010408,4830.0,0.500699735655419,0.4279,1.5869,,0.5336093902587891,0.0001870233343011,,,,,,
sft_esm3_mlp_combined_qwen3_8b_it_0306_010408,4840.0,0.5017363810708547,0.4289,1.509,,0.5927267670631409,0.000186969620417,,,,,,
sft_esm3_mlp_combined_qwen3_8b_it_0306_010408,4850.0,0.5027730264862904,0.4187,1.5174,,0.5559136271476746,0.0001869158033407,,,,,,
sft_esm3_mlp_combined_qwen3_8b_it_0306_010408,4860.0,0.503809671901726,0.4812,1.5241,,0.599505603313446,0.0001868618831362,,,,,,
sft_esm3_mlp_combined_qwen3_8b_it_0306_010408,4870.0,0.5048463173171617,0.3366,1.4599,,0.6051629781723022,0.0001868078598673,,,,,,
sft_esm3_mlp_combined_qwen3_8b_it_0306_010408,4880.0,0.5058829627325974,0.3636,1.508,,0.5606697201728821,0.0001867537335982,,,,,,
sft_esm3_mlp_combined_qwen3_8b_it_0306_010408,4890.0,0.5069196081480329,0.5017,1.5278,,0.6028861999511719,0.0001866995043931,,,,,,
sft_esm3_mlp_combined_qwen3_8b_it_0306_010408,4900.0,0.5079562535634686,0.4035,1.4584,,0.5696994066238403,0.0001866451723164,,,,,,
sft_esm3_mlp_combined_qwen3_8b_it_0306_010408,4910.0,0.5089928989789043,0.4676,1.5472,,0.5472151637077332,0.0001865907374325,,,,,,
sft_esm3_mlp_combined_qwen3_8b_it_0306_010408,4920.0,0.5100295443943399,0.3913,1.4482,,0.614458441734314,0.000186536199806,,,,,,
sft_esm3_mlp_combined_qwen3_8b_it_0306_010408,4930.0,0.5110661898097756,0.403,1.5475,,0.482172429561615,0.0001864815595016,,,,,,
sft_esm3_mlp_combined_qwen3_8b_it_0306_010408,4940.0,0.5121028352252112,0.4352,1.5381,,0.5193643569946289,0.0001864268165842,,,,,,
sft_esm3_mlp_combined_qwen3_8b_it_0306_010408,4950.0,0.5131394806406469,0.3894,1.4931,,0.5282149910926819,0.0001863719711186,,,,,,
sft_esm3_mlp_combined_qwen3_8b_it_0306_010408,4960.0,0.5141761260560825,0.4337,1.5001,,0.496786892414093,0.0001863170231701,,,,,,
sft_esm3_mlp_combined_qwen3_8b_it_0306_010408,4970.0,0.5152127714715181,0.5301,1.557,,0.5995614528656006,0.0001862619728038,,,,,,
sft_esm3_mlp_combined_qwen3_8b_it_0306_010408,4980.0,0.5162494168869538,0.3718,1.4344,,0.4926880598068237,0.0001862068200849,,,,,,
sft_esm3_mlp_combined_qwen3_8b_it_0306_010408,4990.0,0.5172860623023895,0.3959,1.5599,,0.5217416882514954,0.000186151565079,,,,,,
sft_esm3_mlp_combined_qwen3_8b_it_0306_010408,5000.0,0.5183227077178251,0.4231,1.4633,,0.6669925451278687,0.0001860962078516,,,,,,
sft_esm3_mlp_combined_qwen3_8b_it_0306_010408,5000.0,0.5183227077178251,0.4058,,0.3942946195602417,,,,,,,,
sft_esm3_mlp_combined_qwen3_8b_it_0306_010408,5010.0,0.5193593531332608,0.3663,1.4821,,0.5053560137748718,0.0001860407484683,,,,,,
sft_esm3_mlp_combined_qwen3_8b_it_0306_010408,5020.0,0.5203959985486964,0.487,1.5587,,0.5451399087905884,0.0001859851869951,,,,,,
sft_esm3_mlp_combined_qwen3_8b_it_0306_010408,5030.0,0.521432643964132,0.3772,1.4706,,0.6276171803474426,0.0001859295234978,,,,,,
sft_esm3_mlp_combined_qwen3_8b_it_0306_010408,5040.0,0.5224692893795677,0.4061,1.4821,,0.4959412217140198,0.0001858737580424,,,,,,
sft_esm3_mlp_combined_qwen3_8b_it_0306_010408,5050.0,0.5235059347950034,0.4605,1.5468,,0.8219445943832397,0.0001858178906951,,,,,,
sft_esm3_mlp_combined_qwen3_8b_it_0306_010408,5060.0,0.524542580210439,0.376,1.399,,0.5229567289352417,0.0001857619215223,,,,,,
sft_esm3_mlp_combined_qwen3_8b_it_0306_010408,5070.0,0.5255792256258747,0.4506,1.5187,,0.5236271023750305,0.0001857058505903,,,,,,
sft_esm3_mlp_combined_qwen3_8b_it_0306_010408,5080.0,0.5266158710413104,0.3979,1.5243,,0.6714038252830505,0.0001856496779657,,,,,,
sft_esm3_mlp_combined_qwen3_8b_it_0306_010408,5090.0,0.5276525164567459,0.4526,1.4614,,0.5469889044761658,0.000185593403715,,,,,,
sft_esm3_mlp_combined_qwen3_8b_it_0306_010408,5100.0,0.5286891618721816,0.4035,1.5449,,0.5447632074356079,0.0001855370279052,,,,,,
sft_esm3_mlp_combined_qwen3_8b_it_0306_010408,5110.0,0.5297258072876173,0.3761,1.3955,,0.5886102914810181,0.000185480550603,,,,,,
sft_esm3_mlp_combined_qwen3_8b_it_0306_010408,5120.0,0.5307624527030529,0.4721,1.5387,,0.5537194609642029,0.0001854239718754,,,,,,
sft_esm3_mlp_combined_qwen3_8b_it_0306_010408,5130.0,0.5317990981184886,0.4143,1.5303,,0.6236017942428589,0.0001853672917897,,,,,,
sft_esm3_mlp_combined_qwen3_8b_it_0306_010408,5140.0,0.5328357435339243,0.4436,1.4499,,0.5518729090690613,0.0001853105104131,,,,,,
sft_esm3_mlp_combined_qwen3_8b_it_0306_010408,5150.0,0.5338723889493598,0.4221,1.6104,,0.5475431680679321,0.0001852536278129,,,,,,
sft_esm3_mlp_combined_qwen3_8b_it_0306_010408,5160.0,0.5349090343647955,0.3905,1.4485,,0.6020500659942627,0.0001851966440566,,,,,,
sft_esm3_mlp_combined_qwen3_8b_it_0306_010408,5170.0,0.5359456797802312,0.4597,1.509,,0.5301352739334106,0.0001851395592119,,,,,,
sft_esm3_mlp_combined_qwen3_8b_it_0306_010408,5180.0,0.5369823251956668,0.4878,1.5376,,0.5274538397789001,0.0001850823733465,,,,,,
sft_esm3_mlp_combined_qwen3_8b_it_0306_010408,5190.0,0.5380189706111025,0.4115,1.4386,,0.5464156866073608,0.0001850250865282,,,,,,
sft_esm3_mlp_combined_qwen3_8b_it_0306_010408,5200.0,0.5390556160265382,0.3859,1.5776,,0.5011977553367615,0.000184967698825,,,,,,
sft_esm3_mlp_combined_qwen3_8b_it_0306_010408,5210.0,0.5400922614419738,0.4627,1.5211,,0.6372057199478149,0.0001849102103049,,,,,,
sft_esm3_mlp_combined_qwen3_8b_it_0306_010408,5220.0,0.5411289068574094,0.4066,1.4667,,0.4789704084396362,0.0001848526210363,,,,,,
sft_esm3_mlp_combined_qwen3_8b_it_0306_010408,5230.0,0.542165552272845,0.4059,1.5461,,0.5470263957977295,0.0001847949310875,,,,,,
sft_esm3_mlp_combined_qwen3_8b_it_0306_010408,5240.0,0.5432021976882807,0.376,1.4231,,0.627012312412262,0.0001847371405268,,,,,,
sft_esm3_mlp_combined_qwen3_8b_it_0306_010408,5250.0,0.5442388431037164,0.4152,1.4907,,0.4993865191936493,0.0001846792494228,,,,,,
sft_esm3_mlp_combined_qwen3_8b_it_0306_010408,5250.0,0.5442388431037164,0.4552,,0.390189915895462,,,,,,,,
sft_esm3_mlp_combined_qwen3_8b_it_0306_010408,5260.0,0.545275488519152,0.4166,1.538,,0.6175150275230408,0.0001846212578444,,,,,,
sft_esm3_mlp_combined_qwen3_8b_it_0306_010408,5270.0,0.5463121339345877,0.4058,1.4353,,0.574861466884613,0.0001845631658602,,,,,,
sft_esm3_mlp_combined_qwen3_8b_it_0306_010408,5280.0,0.5473487793500234,0.42,1.5462,,0.5108598470687866,0.0001845049735391,,,,,,
sft_esm3_mlp_combined_qwen3_8b_it_0306_010408,5290.0,0.5483854247654589,0.3873,1.4997,,0.6648775339126587,0.0001844466809503,,,,,,
sft_esm3_mlp_combined_qwen3_8b_it_0306_010408,5300.0,0.5494220701808946,0.417,1.4524,,0.5135678052902222,0.0001843882881629,,,,,,
sft_esm3_mlp_combined_qwen3_8b_it_0306_010408,5310.0,0.5504587155963303,0.3818,1.563,,0.4910040199756622,0.0001843297952462,,,,,,
sft_esm3_mlp_combined_qwen3_8b_it_0306_010408,5320.0,0.5514953610117659,0.4015,1.4013,,0.5985267758369446,0.0001842712022696,,,,,,
sft_esm3_mlp_combined_qwen3_8b_it_0306_010408,5330.0,0.5525320064272016,0.4693,1.5313,,0.5283083915710449,0.0001842125093026,,,,,,
sft_esm3_mlp_combined_qwen3_8b_it_0306_010408,5340.0,0.5535686518426373,0.4597,1.5391,,0.6674370169639587,0.0001841537164148,,,,,,
sft_esm3_mlp_combined_qwen3_8b_it_0306_010408,5350.0,0.5546052972580728,0.4034,1.4168,,0.587155282497406,0.0001840948236761,,,,,,
sft_esm3_mlp_combined_qwen3_8b_it_0306_010408,5360.0,0.5556419426735085,0.4272,1.5362,,0.481129378080368,0.0001840358311562,,,,,,
sft_esm3_mlp_combined_qwen3_8b_it_0306_010408,5370.0,0.5566785880889442,0.4621,1.5276,,0.6428830623626709,0.0001839767389252,,,,,,
sft_esm3_mlp_combined_qwen3_8b_it_0306_010408,5380.0,0.5577152335043798,0.3548,1.5135,,0.4568445980548858,0.0001839175470532,,,,,,
sft_esm3_mlp_combined_qwen3_8b_it_0306_010408,5390.0,0.5587518789198155,0.454,1.5325,,0.5017808675765991,0.0001838582556105,,,,,,
sft_esm3_mlp_combined_qwen3_8b_it_0306_010408,5400.0,0.5597885243352512,0.3497,1.4253,,0.5933493375778198,0.0001837988646673,,,,,,
sft_esm3_mlp_combined_qwen3_8b_it_0306_010408,5410.0,0.5608251697506867,0.3909,1.4655,,0.4810568392276764,0.0001837393742942,,,,,,
sft_esm3_mlp_combined_qwen3_8b_it_0306_010408,5420.0,0.5618618151661224,0.5152,1.5154,,0.5798661112785339,0.0001836797845617,,,,,,
sft_esm3_mlp_combined_qwen3_8b_it_0306_010408,5430.0,0.5628984605815581,0.351,1.4193,,0.5332244634628296,0.0001836200955406,,,,,,
sft_esm3_mlp_combined_qwen3_8b_it_0306_010408,5440.0,0.5639351059969937,0.4076,1.4666,,0.5304902195930481,0.0001835603073016,,,,,,
sft_esm3_mlp_combined_qwen3_8b_it_0306_010408,5450.0,0.5649717514124294,0.4184,1.5106,,0.6130317449569702,0.0001835004199158,,,,,,
sft_esm3_mlp_combined_qwen3_8b_it_0306_010408,5460.0,0.5660083968278651,0.421,1.4991,,0.4815614223480224,0.0001834404334541,,,,,,
sft_esm3_mlp_combined_qwen3_8b_it_0306_010408,5470.0,0.5670450422433007,0.446,1.5577,,0.6436881422996521,0.0001833803479878,,,,,,
sft_esm3_mlp_combined_qwen3_8b_it_0306_010408,5480.0,0.5680816876587363,0.3499,1.3979,,0.4754655361175537,0.0001833201635881,,,,,,
sft_esm3_mlp_combined_qwen3_8b_it_0306_010408,5490.0,0.569118333074172,0.4083,1.5524,,0.5108122229576111,0.0001832598803264,,,,,,
sft_esm3_mlp_combined_qwen3_8b_it_0306_010408,5500.0,0.5701549784896076,0.3863,1.4925,,0.6572183966636658,0.0001831994982743,,,,,,
sft_esm3_mlp_combined_qwen3_8b_it_0306_010408,5500.0,0.5701549784896076,0.4584,,0.3873242437839508,,,,,,,,
sft_esm3_mlp_combined_qwen3_8b_it_0306_010408,5510.0,0.5711916239050433,0.4226,1.4266,,0.5177978873252869,0.0001831390175034,,,,,,
sft_esm3_mlp_combined_qwen3_8b_it_0306_010408,5520.0,0.5722282693204789,0.4324,1.5541,,0.5130497217178345,0.0001830784380856,,,,,,
sft_esm3_mlp_combined_qwen3_8b_it_0306_010408,5530.0,0.5732649147359146,0.3505,1.4585,,0.5932374000549316,0.0001830177600925,,,,,,
sft_esm3_mlp_combined_qwen3_8b_it_0306_010408,5540.0,0.5743015601513503,0.4534,1.541,,0.4801289141178131,0.0001829569835964,,,,,,
sft_esm3_mlp_combined_qwen3_8b_it_0306_010408,5550.0,0.5753382055667858,0.4245,1.515,,0.6279893517494202,0.0001828961086692,,,,,,
sft_esm3_mlp_combined_qwen3_8b_it_0306_010408,5560.0,0.5763748509822215,0.3862,1.4383,,0.5814895629882812,0.0001828351353832,,,,,,
sft_esm3_mlp_combined_qwen3_8b_it_0306_010408,5570.0,0.5774114963976572,0.4126,1.5407,,0.5109565258026123,0.0001827740638108,,,,,,
sft_esm3_mlp_combined_qwen3_8b_it_0306_010408,5580.0,0.5784481418130928,0.3483,1.4471,,0.6501891016960144,0.0001827128940243,,,,,,
sft_esm3_mlp_combined_qwen3_8b_it_0306_010408,5590.0,0.5794847872285285,0.4299,1.4913,,0.6027421355247498,0.0001826516260965,,,,,,
sft_esm3_mlp_combined_qwen3_8b_it_0306_010408,5600.0,0.5805214326439642,0.4028,1.5357,,0.5428863167762756,0.0001825902600999,,,,,,
sft_esm3_mlp_combined_qwen3_8b_it_0306_010408,5610.0,0.5815580780593997,0.4117,1.4221,,0.5702452659606934,0.0001825287961075,,,,,,
sft_esm3_mlp_combined_qwen3_8b_it_0306_010408,5620.0,0.5825947234748354,0.3973,1.4997,,0.5144875645637512,0.000182467234192,,,,,,
sft_esm3_mlp_combined_qwen3_8b_it_0306_010408,5630.0,0.5836313688902711,0.4209,1.5341,,0.6024963855743408,0.0001824055744267,,,,,,
sft_esm3_mlp_combined_qwen3_8b_it_0306_010408,5640.0,0.5846680143057067,0.4144,1.4317,,0.5092599987983704,0.0001823438168846,,,,,,
sft_esm3_mlp_combined_qwen3_8b_it_0306_010408,5650.0,0.5857046597211424,0.3722,1.5605,,0.5330538749694824,0.000182281961639,,,,,,
sft_esm3_mlp_combined_qwen3_8b_it_0306_010408,5660.0,0.5867413051365781,0.3572,1.4319,,0.5396391749382019,0.0001822200087633,,,,,,
sft_esm3_mlp_combined_qwen3_8b_it_0306_010408,5670.0,0.5877779505520137,0.4395,1.4661,,0.4930161535739898,0.000182157958331,,,,,,
sft_esm3_mlp_combined_qwen3_8b_it_0306_010408,5680.0,0.5888145959674493,0.355,1.5183,,0.5858680605888367,0.0001820958104157,,,,,,
sft_esm3_mlp_combined_qwen3_8b_it_0306_010408,5690.0,0.589851241382885,0.3964,1.4323,,0.6038278341293335,0.0001820335650913,,,,,,
sft_esm3_mlp_combined_qwen3_8b_it_0306_010408,5700.0,0.5908878867983206,0.4394,1.5597,,0.4774221181869507,0.0001819712224314,,,,,,
sft_esm3_mlp_combined_qwen3_8b_it_0306_010408,5710.0,0.5919245322137563,0.4433,1.496,,0.6621390581130981,0.0001819087825102,,,,,,
sft_esm3_mlp_combined_qwen3_8b_it_0306_010408,5720.0,0.592961177629192,0.4214,1.4394,,0.5625699758529663,0.0001818462454017,,,,,,
sft_esm3_mlp_combined_qwen3_8b_it_0306_010408,5730.0,0.5939978230446276,0.4046,1.5617,,0.5347899198532104,0.00018178361118,,,,,,
sft_esm3_mlp_combined_qwen3_8b_it_0306_010408,5740.0,0.5950344684600632,0.3873,1.4243,,0.6026853322982788,0.0001817208799196,,,,,,
sft_esm3_mlp_combined_qwen3_8b_it_0306_010408,5750.0,0.5960711138754989,0.407,1.4852,,0.5336219668388367,0.0001816580516948,,,,,,
sft_esm3_mlp_combined_qwen3_8b_it_0306_010408,5750.0,0.5960711138754989,0.4536,,0.3880477249622345,,,,,,,,
sft_esm3_mlp_combined_qwen3_8b_it_0306_010408,5760.0,0.5971077592909345,0.3991,1.5098,,0.5704396963119507,0.0001815951265803,,,,,,
sft_esm3_mlp_combined_qwen3_8b_it_0306_010408,5770.0,0.5981444047063702,0.4012,1.4248,,0.6350104212760925,0.0001815321046505,,,,,,
sft_esm3_mlp_combined_qwen3_8b_it_0306_010408,5780.0,0.5991810501218059,0.4281,1.5342,,0.5122162699699402,0.0001814689859804,,,,,,
sft_esm3_mlp_combined_qwen3_8b_it_0306_010408,5790.0,0.6002176955372415,0.3736,1.4749,,0.6349571943283081,0.0001814057706449,,,,,,
sft_esm3_mlp_combined_qwen3_8b_it_0306_010408,5800.0,0.6012543409526772,0.4676,1.4518,,0.5462356209754944,0.0001813424587188,,,,,,
sft_esm3_mlp_combined_qwen3_8b_it_0306_010408,5810.0,0.6022909863681127,0.4011,1.5539,,0.4995466470718384,0.0001812790502775,,,,,,
sft_esm3_mlp_combined_qwen3_8b_it_0306_010408,5820.0,0.6033276317835484,0.3823,1.412,,0.4849245846271515,0.000181215545396,,,,,,
sft_esm3_mlp_combined_qwen3_8b_it_0306_010408,5830.0,0.6043642771989841,0.4053,1.4754,,0.5042667388916016,0.0001811519441497,,,,,,
sft_esm3_mlp_combined_qwen3_8b_it_0306_010408,5840.0,0.6054009226144197,0.4187,1.5734,,0.5441162586212158,0.0001810882466142,,,,,,
sft_esm3_mlp_combined_qwen3_8b_it_0306_010408,5850.0,0.6064375680298554,0.4269,1.4044,,0.552968442440033,0.0001810244528649,,,,,,
sft_esm3_mlp_combined_qwen3_8b_it_0306_010408,5860.0,0.6074742134452911,0.4415,1.5692,,0.5134543180465698,0.0001809605629777,,,,,,
sft_esm3_mlp_combined_qwen3_8b_it_0306_010408,5870.0,0.6085108588607266,0.4097,1.4342,,0.5600976347923279,0.0001808965770282,,,,,,
sft_esm3_mlp_combined_qwen3_8b_it_0306_010408,5880.0,0.6095475042761623,0.4187,1.4578,,0.5246951580047607,0.0001808324950924,,,,,,
sft_esm3_mlp_combined_qwen3_8b_it_0306_010408,5890.0,0.610584149691598,0.4617,1.5008,,0.5434414744377136,0.0001807683172464,,,,,,
sft_esm3_mlp_combined_qwen3_8b_it_0306_010408,5900.0,0.6116207951070336,0.3954,1.4095,,0.5853005647659302,0.0001807040435662,,,,,,
sft_esm3_mlp_combined_qwen3_8b_it_0306_010408,5910.0,0.6126574405224693,0.3577,1.5026,,0.510931134223938,0.0001806396741282,,,,,,
sft_esm3_mlp_combined_qwen3_8b_it_0306_010408,5920.0,0.613694085937905,0.4477,1.4466,,0.6200836896896362,0.0001805752090088,,,,,,
sft_esm3_mlp_combined_qwen3_8b_it_0306_010408,5930.0,0.6147307313533406,0.3735,1.4441,,0.5242909789085388,0.0001805106482843,,,,,,
sft_esm3_mlp_combined_qwen3_8b_it_0306_010408,5940.0,0.6157673767687762,0.442,1.5575,,0.4769168496131897,0.0001804459920315,,,,,,
sft_esm3_mlp_combined_qwen3_8b_it_0306_010408,5950.0,0.6168040221842119,0.3829,1.3989,,0.6094135046005249,0.000180381240327,,,,,,
sft_esm3_mlp_combined_qwen3_8b_it_0306_010408,5960.0,0.6178406675996475,0.4187,1.49,,0.5401615500450134,0.0001803163932477,,,,,,
sft_esm3_mlp_combined_qwen3_8b_it_0306_010408,5970.0,0.6188773130150832,0.4314,1.5043,,0.5819069743156433,0.0001802514508705,,,,,,
sft_esm3_mlp_combined_qwen3_8b_it_0306_010408,5980.0,0.6199139584305189,0.3738,1.4014,,0.5790914297103882,0.0001801864132725,,,,,,
sft_esm3_mlp_combined_qwen3_8b_it_0306_010408,5990.0,0.6209506038459545,0.3978,1.4939,,0.4866946637630462,0.0001801212805308,,,,,,
sft_esm3_mlp_combined_qwen3_8b_it_0306_010408,6000.0,0.6219872492613902,0.4036,1.4479,,0.6533015966415405,0.0001800560527227,,,,,,
sft_esm3_mlp_combined_qwen3_8b_it_0306_010408,6000.0,0.6219872492613902,0.4711,,0.3831011354923248,,,,,,,,
sft_esm3_mlp_combined_qwen3_8b_it_0306_010408,6010.0,0.6230238946768258,0.416,1.4621,,0.5272810459136963,0.0001799907299257,,,,,,
sft_esm3_mlp_combined_qwen3_8b_it_0306_010408,6020.0,0.6240605400922614,0.4774,1.4919,,0.5300768613815308,0.0001799253122171,,,,,,
sft_esm3_mlp_combined_qwen3_8b_it_0306_010408,6030.0,0.6250971855076971,0.4461,1.4775,,0.5350263118743896,0.0001798597996747,,,,,,
sft_esm3_mlp_combined_qwen3_8b_it_0306_010408,6040.0,0.6261338309231328,0.4098,1.5107,,0.4620247185230255,0.0001797941923762,,,,,,
sft_esm3_mlp_combined_qwen3_8b_it_0306_010408,6050.0,0.6271704763385684,0.4321,1.5118,,0.6072582602500916,0.0001797284903994,,,,,,
sft_esm3_mlp_combined_qwen3_8b_it_0306_010408,6060.0,0.6282071217540041,0.3854,1.4194,,0.5128024220466614,0.0001796626938223,,,,,,
sft_esm3_mlp_combined_qwen3_8b_it_0306_010408,6070.0,0.6292437671694396,0.4686,1.496,,0.4979768991470337,0.0001795968027229,,,,,,
sft_esm3_mlp_combined_qwen3_8b_it_0306_010408,6080.0,0.6302804125848753,0.3661,1.4625,,0.6472129225730896,0.0001795308171795,,,,,,
sft_esm3_mlp_combined_qwen3_8b_it_0306_010408,6090.0,0.631317058000311,0.3477,1.5146,,0.5488554835319519,0.0001794647372703,,,,,,
sft_esm3_mlp_combined_qwen3_8b_it_0306_010408,6100.0,0.6323537034157466,0.4074,1.4916,,0.5517231225967407,0.0001793985630737,,,,,,
sft_esm3_mlp_combined_qwen3_8b_it_0306_010408,6110.0,0.6333903488311823,0.3854,1.3685,,0.5823243260383606,0.0001793322946683,,,,,,
sft_esm3_mlp_combined_qwen3_8b_it_0306_010408,6120.0,0.634426994246618,0.3826,1.4691,,0.4855203330516815,0.0001792659321326,,,,,,
sft_esm3_mlp_combined_qwen3_8b_it_0306_010408,6130.0,0.6354636396620535,0.4546,1.5152,,0.5565938353538513,0.0001791994755455,,,,,,
sft_esm3_mlp_combined_qwen3_8b_it_0306_010408,6140.0,0.6365002850774892,0.3682,1.4132,,0.5856984257698059,0.0001791329249857,,,,,,
sft_esm3_mlp_combined_qwen3_8b_it_0306_010408,6150.0,0.6375369304929249,0.3923,1.4915,,0.5221431255340576,0.0001790662805323,,,,,,
sft_esm3_mlp_combined_qwen3_8b_it_0306_010408,6160.0,0.6385735759083605,0.4189,1.4251,,0.5459516644477844,0.0001789995422642,,,,,,
sft_esm3_mlp_combined_qwen3_8b_it_0306_010408,6170.0,0.6396102213237962,0.4125,1.5098,,0.5234940052032471,0.0001789327102608,,,,,,
sft_esm3_mlp_combined_qwen3_8b_it_0306_010408,6180.0,0.6406468667392319,0.4481,1.5172,,0.5471693277359009,0.0001788657846013,,,,,,
sft_esm3_mlp_combined_qwen3_8b_it_0306_010408,6190.0,0.6416835121546675,0.3286,1.4072,,0.5147290825843811,0.000178798765365,,,,,,
sft_esm3_mlp_combined_qwen3_8b_it_0306_010408,6200.0,0.6427201575701031,0.419,1.5266,,0.51288902759552,0.0001787316526316,,,,,,
sft_esm3_mlp_combined_qwen3_8b_it_0306_010408,6210.0,0.6437568029855388,0.4052,1.444,,0.6607027649879456,0.0001786644464807,,,,,,
sft_esm3_mlp_combined_qwen3_8b_it_0306_010408,6220.0,0.6447934484009744,0.3923,1.4479,,0.5119706988334656,0.0001785971469919,,,,,,
sft_esm3_mlp_combined_qwen3_8b_it_0306_010408,6230.0,0.6458300938164101,0.4329,1.4678,,0.4544199705123901,0.0001785297542452,,,,,,
sft_esm3_mlp_combined_qwen3_8b_it_0306_010408,6240.0,0.6468667392318458,0.366,1.4064,,0.5591163039207458,0.0001784622683206,,,,,,
sft_esm3_mlp_combined_qwen3_8b_it_0306_010408,6250.0,0.6479033846472814,0.3546,1.4492,,0.4983706176280975,0.000178394689298,,,,,,
sft_esm3_mlp_combined_qwen3_8b_it_0306_010408,6250.0,0.6479033846472814,0.4724,,0.3820732533931732,,,,,,,,
sft_esm3_mlp_combined_qwen3_8b_it_0306_010408,6260.0,0.648940030062717,0.4452,1.4742,,0.5370898842811584,0.0001783270172577,,,,,,
sft_esm3_mlp_combined_qwen3_8b_it_0306_010408,6270.0,0.6499766754781527,0.3428,1.4112,,0.5257253646850586,0.0001782592522799,,,,,,
sft_esm3_mlp_combined_qwen3_8b_it_0306_010408,6280.0,0.6510133208935883,0.3804,1.4571,,0.4514904022216797,0.0001781913944451,,,,,,
sft_esm3_mlp_combined_qwen3_8b_it_0306_010408,6290.0,0.652049966309024,0.4118,1.4452,,0.7319955825805664,0.0001781234438339,,,,,,
sft_esm3_mlp_combined_qwen3_8b_it_0306_010408,6300.0,0.6530866117244597,0.3755,1.4837,,0.4654780626296997,0.0001780554005267,,,,,,
sft_esm3_mlp_combined_qwen3_8b_it_0306_010408,6310.0,0.6541232571398953,0.3967,1.4439,,0.5547196865081787,0.0001779872646044,,,,,,
sft_esm3_mlp_combined_qwen3_8b_it_0306_010408,6320.0,0.655159902555331,0.3956,1.4274,,0.632162868976593,0.0001779190361478,,,,,,
sft_esm3_mlp_combined_qwen3_8b_it_0306_010408,6330.0,0.6561965479707667,0.3822,1.4772,,0.5286613702774048,0.0001778507152378,,,,,,
sft_esm3_mlp_combined_qwen3_8b_it_0306_010408,6340.0,0.6572331933862022,0.439,1.5308,,0.6229611039161682,0.0001777823019555,,,,,,
sft_esm3_mlp_combined_qwen3_8b_it_0306_010408,6350.0,0.6582698388016379,0.3071,1.4139,,0.5613670349121094,0.0001777137963822,,,,,,
sft_esm3_mlp_combined_qwen3_8b_it_0306_010408,6360.0,0.6593064842170735,0.4661,1.4745,,0.4835030436515808,0.000177645198599,,,,,,
sft_esm3_mlp_combined_qwen3_8b_it_0306_010408,6370.0,0.6603431296325092,0.3612,1.4458,,0.7305859923362732,0.0001775765086874,,,,,,
sft_esm3_mlp_combined_qwen3_8b_it_0306_010408,6380.0,0.6613797750479449,0.3683,1.4383,,0.5587407946586609,0.0001775077267288,,,,,,
sft_esm3_mlp_combined_qwen3_8b_it_0306_010408,6390.0,0.6624164204633805,0.4612,1.5152,,0.50620037317276,0.000177438852805,,,,,,
sft_esm3_mlp_combined_qwen3_8b_it_0306_010408,6400.0,0.6634530658788161,0.368,1.4488,,0.5523916482925415,0.0001773698869975,,,,,,
sft_esm3_mlp_combined_qwen3_8b_it_0306_010408,6410.0,0.6644897112942518,0.3594,1.4576,,0.4756073355674743,0.0001773008293883,,,,,,
sft_esm3_mlp_combined_qwen3_8b_it_0306_010408,6420.0,0.6655263567096874,0.3851,1.4933,,0.5888247489929199,0.0001772316800592,,,,,,
sft_esm3_mlp_combined_qwen3_8b_it_0306_010408,6430.0,0.6665630021251231,0.3697,1.372,,0.5492026805877686,0.0001771624390924,,,,,,
sft_esm3_mlp_combined_qwen3_8b_it_0306_010408,6440.0,0.6675996475405588,0.4048,1.495,,0.5090485215187073,0.0001770931065699,,,,,,
sft_esm3_mlp_combined_qwen3_8b_it_0306_010408,6450.0,0.6686362929559944,0.3627,1.474,,0.6836345791816711,0.0001770236825741,,,,,,
sft_esm3_mlp_combined_qwen3_8b_it_0306_010408,6460.0,0.66967293837143,0.4119,1.4171,,0.4933173954486847,0.0001769541671873,,,,,,
sft_esm3_mlp_combined_qwen3_8b_it_0306_010408,6470.0,0.6707095837868657,0.3875,1.5572,,0.5404702425003052,0.000176884560492,,,,,,
sft_esm3_mlp_combined_qwen3_8b_it_0306_010408,6480.0,0.6717462292023013,0.3814,1.4535,,0.6282719373703003,0.0001768148625708,,,,,,
sft_esm3_mlp_combined_qwen3_8b_it_0306_010408,6490.0,0.672782874617737,0.404,1.4598,,0.5283654928207397,0.0001767450735064,,,,,,
sft_esm3_mlp_combined_qwen3_8b_it_0306_010408,6500.0,0.6738195200331727,0.3915,1.5079,,0.6256105899810791,0.0001766751933816,,,,,,
sft_esm3_mlp_combined_qwen3_8b_it_0306_010408,6500.0,0.6738195200331727,0.4245,,0.3794348239898681,,,,,,,,
sft_esm3_mlp_combined_qwen3_8b_it_0306_010408,6510.0,0.6748561654486083,0.3914,1.4045,,0.5599173307418823,0.0001766052222793,,,,,,
sft_esm3_mlp_combined_qwen3_8b_it_0306_010408,6520.0,0.675892810864044,0.4464,1.5325,,0.4924605786800384,0.0001765351602825,,,,,,
sft_esm3_mlp_combined_qwen3_8b_it_0306_010408,6530.0,0.6769294562794796,0.36,1.4138,,0.5695907473564148,0.0001764650074744,,,,,,
sft_esm3_mlp_combined_qwen3_8b_it_0306_010408,6540.0,0.6779661016949152,0.4224,1.4519,,0.4950980842113495,0.0001763947639381,,,,,,
sft_esm3_mlp_combined_qwen3_8b_it_0306_010408,6550.0,0.6790027471103509,0.4029,1.5398,,0.5765064358711243,0.0001763244297572,,,,,,
sft_esm3_mlp_combined_qwen3_8b_it_0306_010408,6560.0,0.6800393925257866,0.3748,1.3861,,0.5637131333351135,0.0001762540050149,,,,,,
sft_esm3_mlp_combined_qwen3_8b_it_0306_010408,6570.0,0.6810760379412222,0.3886,1.4989,,0.470878392457962,0.0001761834897949,,,,,,
sft_esm3_mlp_combined_qwen3_8b_it_0306_010408,6580.0,0.6821126833566579,0.4376,1.4579,,0.6129555702209473,0.0001761128841808,,,,,,
sft_esm3_mlp_combined_qwen3_8b_it_0306_010408,6590.0,0.6831493287720936,0.3829,1.3794,,0.5090144872665405,0.0001760421882565,,,,,,
sft_esm3_mlp_combined_qwen3_8b_it_0306_010408,6600.0,0.6841859741875291,0.367,1.5286,,0.5033524036407471,0.0001759714021057,,,,,,
sft_esm3_mlp_combined_qwen3_8b_it_0306_010408,6610.0,0.6852226196029648,0.3805,1.4282,,0.6105337142944336,0.0001759005258125,,,,,,
sft_esm3_mlp_combined_qwen3_8b_it_0306_010408,6620.0,0.6862592650184005,0.3616,1.4855,,0.5181137919425964,0.0001758295594609,,,,,,
sft_esm3_mlp_combined_qwen3_8b_it_0306_010408,6630.0,0.6872959104338361,0.3515,1.5223,,0.5356408357620239,0.0001757585031353,,,,,,
sft_esm3_mlp_combined_qwen3_8b_it_0306_010408,6640.0,0.6883325558492718,0.4043,1.3896,,0.5350277423858643,0.0001756873569198,,,,,,
sft_esm3_mlp_combined_qwen3_8b_it_0306_010408,6650.0,0.6893692012647074,0.3859,1.5378,,0.4995739459991455,0.000175616120899,,,,,,
sft_esm3_mlp_combined_qwen3_8b_it_0306_010408,6660.0,0.690405846680143,0.484,1.4911,,0.6608572006225586,0.0001755447951573,,,,,,
sft_esm3_mlp_combined_qwen3_8b_it_0306_010408,6670.0,0.6914424920955787,0.3405,1.3827,,0.5395162105560303,0.0001754733797793,,,,,,
sft_esm3_mlp_combined_qwen3_8b_it_0306_010408,6680.0,0.6924791375110143,0.4397,1.4976,,0.4930663108825683,0.0001754018748499,,,,,,
sft_esm3_mlp_combined_qwen3_8b_it_0306_010408,6690.0,0.69351578292645,0.3597,1.4284,,0.5871477723121643,0.0001753302804538,,,,,,
sft_esm3_mlp_combined_qwen3_8b_it_0306_010408,6700.0,0.6945524283418857,0.3945,1.4466,,0.4918365776538849,0.000175258596676,,,,,,
sft_esm3_mlp_combined_qwen3_8b_it_0306_010408,6710.0,0.6955890737573213,0.4267,1.5324,,0.5928035974502563,0.0001751868236015,,,,,,
sft_esm3_mlp_combined_qwen3_8b_it_0306_010408,6720.0,0.696625719172757,0.3418,1.3744,,0.5259472131729126,0.0001751149613155,,,,,,
sft_esm3_mlp_combined_qwen3_8b_it_0306_010408,6730.0,0.6976623645881926,0.4389,1.4818,,0.5749549865722656,0.0001750430099033,,,,,,
sft_esm3_mlp_combined_qwen3_8b_it_0306_010408,6740.0,0.6986990100036282,0.4375,1.5016,,0.7368844151496887,0.0001749709694503,,,,,,
sft_esm3_mlp_combined_qwen3_8b_it_0306_010408,6750.0,0.6997356554190639,0.3876,1.3781,,0.5283634662628174,0.0001748988400418,,,,,,
sft_esm3_mlp_combined_qwen3_8b_it_0306_010408,6750.0,0.6997356554190639,0.4567,,0.3774954974651336,,,,,,,,
sft_esm3_mlp_combined_qwen3_8b_it_0306_010408,6760.0,0.7007723008344996,0.4081,1.4887,,0.479179173707962,0.0001748266217636,,,,,,
sft_esm3_mlp_combined_qwen3_8b_it_0306_010408,6770.0,0.7018089462499352,0.3693,1.4541,,0.6337282061576843,0.0001747543147013,,,,,,
sft_esm3_mlp_combined_qwen3_8b_it_0306_010408,6780.0,0.7028455916653709,0.4044,1.459,,0.5437795519828796,0.0001746819189407,,,,,,
sft_esm3_mlp_combined_qwen3_8b_it_0306_010408,6790.0,0.7038822370808065,0.4086,1.519,,0.6563374996185303,0.0001746094345676,,,,,,
sft_esm3_mlp_combined_qwen3_8b_it_0306_010408,6800.0,0.7049188824962421,0.3596,1.4147,,0.5650702714920044,0.0001745368616682,,,,,,
sft_esm3_mlp_combined_qwen3_8b_it_0306_010408,6810.0,0.7059555279116778,0.4565,1.4559,,0.4869285821914673,0.0001744642003284,,,,,,
sft_esm3_mlp_combined_qwen3_8b_it_0306_010408,6820.0,0.7069921733271135,0.3692,1.4709,,0.5903561115264893,0.0001743914506346,,,,,,
sft_esm3_mlp_combined_qwen3_8b_it_0306_010408,6830.0,0.7080288187425491,0.3677,1.3981,,0.5056526064872742,0.000174318612673,,,,,,
sft_esm3_mlp_combined_qwen3_8b_it_0306_010408,6840.0,0.7090654641579848,0.4514,1.5241,,0.5104149580001831,0.0001742456865301,,,,,,
sft_esm3_mlp_combined_qwen3_8b_it_0306_010408,6850.0,0.7101021095734205,0.3191,1.413,,0.5996108651161194,0.0001741726722924,,,,,,
sft_esm3_mlp_combined_qwen3_8b_it_0306_010408,6860.0,0.711138754988856,0.3699,1.4511,,0.5614352226257324,0.0001740995700465,,,,,,
sft_esm3_mlp_combined_qwen3_8b_it_0306_010408,6870.0,0.7121754004042917,0.4435,1.5355,,0.6157987117767334,0.0001740263798792,,,,,,
sft_esm3_mlp_combined_qwen3_8b_it_0306_010408,6880.0,0.7132120458197274,0.369,1.354,,0.4518046975135803,0.0001739531018773,,,,,,
sft_esm3_mlp_combined_qwen3_8b_it_0306_010408,6890.0,0.714248691235163,0.4093,1.4497,,0.4911819994449615,0.0001738797361277,,,,,,
sft_esm3_mlp_combined_qwen3_8b_it_0306_010408,6900.0,0.7152853366505987,0.3394,1.4498,,0.5757914781570435,0.0001738062827176,,,,,,
sft_esm3_mlp_combined_qwen3_8b_it_0306_010408,6910.0,0.7163219820660344,0.341,1.4426,,0.5463186502456665,0.000173732741734,,,,,,
sft_esm3_mlp_combined_qwen3_8b_it_0306_010408,6920.0,0.71735862748147,0.4154,1.5197,,0.5549689531326294,0.0001736591132642,,,,,,
sft_esm3_mlp_combined_qwen3_8b_it_0306_010408,6930.0,0.7183952728969056,0.3471,1.3733,,0.6468015313148499,0.0001735853973956,,,,,,
sft_esm3_mlp_combined_qwen3_8b_it_0306_010408,6940.0,0.7194319183123412,0.38,1.46,,0.5879062414169312,0.0001735115942157,,,,,,
sft_esm3_mlp_combined_qwen3_8b_it_0306_010408,6950.0,0.7204685637277769,0.4352,1.5068,,0.5934736132621765,0.000173437703812,,,,,,
sft_esm3_mlp_combined_qwen3_8b_it_0306_010408,6960.0,0.7215052091432126,0.3663,1.3958,,0.5518680810928345,0.0001733637262721,,,,,,
sft_esm3_mlp_combined_qwen3_8b_it_0306_010408,6970.0,0.7225418545586482,0.3924,1.5114,,0.5103850960731506,0.000173289661684,,,,,,
sft_esm3_mlp_combined_qwen3_8b_it_0306_010408,6980.0,0.7235784999740839,0.4338,1.4665,,0.6041204929351807,0.0001732155101354,,,,,,
sft_esm3_mlp_combined_qwen3_8b_it_0306_010408,6990.0,0.7246151453895195,0.3647,1.4636,,0.4861042499542236,0.0001731412717143,,,,,,
sft_esm3_mlp_combined_qwen3_8b_it_0306_010408,7000.0,0.7256517908049551,0.4425,1.5352,,0.5298511385917664,0.0001730669465088,,,,,,
sft_esm3_mlp_combined_qwen3_8b_it_0306_010408,7000.0,0.7256517908049551,0.4663,,0.3744463920593261,,,,,,,,
sft_esm3_mlp_combined_qwen3_8b_it_0306_010408,7010.0,0.7266884362203908,0.386,1.414,,0.633687436580658,0.0001729925346071,,,,,,
sft_esm3_mlp_combined_qwen3_8b_it_0306_010408,7020.0,0.7277250816358265,0.391,1.4999,,0.5389833450317383,0.0001729180360976,,,,,,
sft_esm3_mlp_combined_qwen3_8b_it_0306_010408,7030.0,0.7287617270512621,0.4593,1.457,,0.6062605381011963,0.0001728434510685,,,,,,
sft_esm3_mlp_combined_qwen3_8b_it_0306_010408,7040.0,0.7297983724666978,0.3581,1.388,,0.5586423873901367,0.0001727687796084,,,,,,
sft_esm3_mlp_combined_qwen3_8b_it_0306_010408,7050.0,0.7308350178821335,0.4726,1.5303,,0.5391196012496948,0.0001726940218059,,,,,,
sft_esm3_mlp_combined_qwen3_8b_it_0306_010408,7060.0,0.731871663297569,0.4342,1.4202,,0.5874900817871094,0.0001726191777497,,,,,,
sft_esm3_mlp_combined_qwen3_8b_it_0306_010408,7070.0,0.7329083087130047,0.3933,1.4434,,0.4925625324249267,0.0001725442475286,,,,,,
sft_esm3_mlp_combined_qwen3_8b_it_0306_010408,7080.0,0.7339449541284404,0.4383,1.4975,,0.5638055205345154,0.0001724692312315,,,,,,
sft_esm3_mlp_combined_qwen3_8b_it_0306_010408,7090.0,0.734981599543876,0.3408,1.4029,,0.5321687459945679,0.0001723941289475,,,,,,
sft_esm3_mlp_combined_qwen3_8b_it_0306_010408,7100.0,0.7360182449593117,0.3877,1.4896,,0.5314649939537048,0.0001723189407655,,,,,,
sft_esm3_mlp_combined_qwen3_8b_it_0306_010408,7110.0,0.7370548903747474,0.4148,1.4719,,0.6513801217079163,0.0001722436667749,,,,,,
sft_esm3_mlp_combined_qwen3_8b_it_0306_010408,7120.0,0.7380915357901829,0.3588,1.3987,,0.4864900112152099,0.0001721683070649,,,,,,
sft_esm3_mlp_combined_qwen3_8b_it_0306_010408,7130.0,0.7391281812056186,0.4096,1.4567,,0.4826923310756683,0.000172092861725,,,,,,
sft_esm3_mlp_combined_qwen3_8b_it_0306_010408,7140.0,0.7401648266210543,0.4029,1.4114,,0.5633978843688965,0.0001720173308447,,,,,,
sft_esm3_mlp_combined_qwen3_8b_it_0306_010408,7150.0,0.7412014720364899,0.37,1.4647,,0.4750905334949493,0.0001719417145136,,,,,,
sft_esm3_mlp_combined_qwen3_8b_it_0306_010408,7160.0,0.7422381174519256,0.4429,1.4773,,0.5349145531654358,0.0001718660128214,,,,,,
sft_esm3_mlp_combined_qwen3_8b_it_0306_010408,7170.0,0.7432747628673613,0.3508,1.4141,,0.5371698141098022,0.000171790225858,,,,,,
sft_esm3_mlp_combined_qwen3_8b_it_0306_010408,7180.0,0.7443114082827968,0.379,1.4903,,0.5154187679290771,0.0001717143537133,,,,,,
sft_esm3_mlp_combined_qwen3_8b_it_0306_010408,7190.0,0.7453480536982325,0.4341,1.4695,,0.5794472098350525,0.0001716383964772,,,,,,
sft_esm3_mlp_combined_qwen3_8b_it_0306_010408,7200.0,0.7463846991136681,0.3687,1.4154,,0.5602428913116455,0.00017156235424,,,,,,
sft_esm3_mlp_combined_qwen3_8b_it_0306_010408,7210.0,0.7474213445291038,0.401,1.4554,,0.5000751614570618,0.0001714862270918,,,,,,
sft_esm3_mlp_combined_qwen3_8b_it_0306_010408,7220.0,0.7484579899445395,0.3917,1.4049,,0.5840665698051453,0.000171410015123,,,,,,
sft_esm3_mlp_combined_qwen3_8b_it_0306_010408,7230.0,0.7494946353599751,0.3837,1.4863,,0.5157343745231628,0.0001713337184241,,,,,,
sft_esm3_mlp_combined_qwen3_8b_it_0306_010408,7240.0,0.7505312807754108,0.4258,1.4396,,0.5614994764328003,0.0001712573370854,,,,,,
sft_esm3_mlp_combined_qwen3_8b_it_0306_010408,7250.0,0.7515679261908464,0.3581,1.4029,,0.5761623382568359,0.0001711808711977,,,,,,
sft_esm3_mlp_combined_qwen3_8b_it_0306_010408,7250.0,0.7515679261908464,0.461,,0.3754917681217193,,,,,,,,
sft_esm3_mlp_combined_qwen3_8b_it_0306_010408,7260.0,0.752604571606282,0.3813,1.4647,,0.4705945253372192,0.0001711043208517,,,,,,
sft_esm3_mlp_combined_qwen3_8b_it_0306_010408,7270.0,0.7536412170217177,0.4217,1.4642,,0.6116552352905273,0.0001710276861382,,,,,,
sft_esm3_mlp_combined_qwen3_8b_it_0306_010408,7280.0,0.7546778624371534,0.3512,1.3657,,0.4501636922359466,0.0001709509671482,,,,,,
sft_esm3_mlp_combined_qwen3_8b_it_0306_010408,7290.0,0.755714507852589,0.4266,1.4494,,0.486566960811615,0.0001708741639727,,,,,,
sft_esm3_mlp_combined_qwen3_8b_it_0306_010408,7300.0,0.7567511532680247,0.3492,1.4403,,0.6399690508842468,0.0001707972767028,,,,,,
sft_esm3_mlp_combined_qwen3_8b_it_0306_010408,7310.0,0.7577877986834604,0.4003,1.4129,,0.4620009064674377,0.0001707203054297,,,,,,
sft_esm3_mlp_combined_qwen3_8b_it_0306_010408,7320.0,0.7588244440988959,0.4755,1.5716,,0.5590789914131165,0.0001706432502447,,,,,,
sft_esm3_mlp_combined_qwen3_8b_it_0306_010408,7330.0,0.7598610895143316,0.3408,1.3871,,0.5662947297096252,0.0001705661112394,,,,,,
sft_esm3_mlp_combined_qwen3_8b_it_0306_010408,7340.0,0.7608977349297673,0.4149,1.4598,,0.5340346097946167,0.0001704888885052,,,,,,
sft_esm3_mlp_combined_qwen3_8b_it_0306_010408,7350.0,0.7619343803452029,0.3627,1.4566,,0.6313505172729492,0.0001704115821338,,,,,,
sft_esm3_mlp_combined_qwen3_8b_it_0306_010408,7360.0,0.7629710257606386,0.3945,1.4348,,0.4303062260150909,0.0001703341922168,,,,,,
sft_esm3_mlp_combined_qwen3_8b_it_0306_010408,7370.0,0.7640076711760743,0.4645,1.4954,,0.503337562084198,0.0001702567188461,,,,,,
sft_esm3_mlp_combined_qwen3_8b_it_0306_010408,7380.0,0.7650443165915098,0.3555,1.4344,,0.6003665924072266,0.0001701791621137,,,,,,
sft_esm3_mlp_combined_qwen3_8b_it_0306_010408,7390.0,0.7660809620069455,0.4346,1.4165,,0.5329621434211731,0.0001701015221115,,,,,,
sft_esm3_mlp_combined_qwen3_8b_it_0306_010408,7400.0,0.7671176074223812,0.4312,1.5249,,0.6042088270187378,0.0001700237989317,,,,,,
sft_esm3_mlp_combined_qwen3_8b_it_0306_010408,7410.0,0.7681542528378168,0.3592,1.3848,,0.5474156141281128,0.0001699459926665,,,,,,
sft_esm3_mlp_combined_qwen3_8b_it_0306_010408,7420.0,0.7691908982532525,0.4397,1.4828,,0.4401315748691559,0.0001698681034082,,,,,,
sft_esm3_mlp_combined_qwen3_8b_it_0306_010408,7430.0,0.7702275436686882,0.3789,1.4604,,0.6506692171096802,0.0001697901312492,,,,,,
sft_esm3_mlp_combined_qwen3_8b_it_0306_010408,7440.0,0.7712641890841238,0.4116,1.3711,,0.5087814927101135,0.0001697120762821,,,,,,
sft_esm3_mlp_combined_qwen3_8b_it_0306_010408,7450.0,0.7723008344995594,0.3998,1.4626,,0.5028235912322998,0.0001696339385994,,,,,,
sft_esm3_mlp_combined_qwen3_8b_it_0306_010408,7460.0,0.7733374799149951,0.3646,1.4259,,0.616633415222168,0.0001695557182939,,,,,,
sft_esm3_mlp_combined_qwen3_8b_it_0306_010408,7470.0,0.7743741253304307,0.4463,1.4377,,0.4409044086933136,0.0001694774154584,,,,,,
sft_esm3_mlp_combined_qwen3_8b_it_0306_010408,7480.0,0.7754107707458664,0.3784,1.5223,,0.6154346466064453,0.0001693990301858,,,,,,
sft_esm3_mlp_combined_qwen3_8b_it_0306_010408,7490.0,0.776447416161302,0.3228,1.3808,,0.556540846824646,0.0001693205625691,,,,,,
sft_esm3_mlp_combined_qwen3_8b_it_0306_010408,7500.0,0.7774840615767377,0.4402,1.464,,0.4944770038127899,0.0001692420127015,,,,,,
sft_esm3_mlp_combined_qwen3_8b_it_0306_010408,7500.0,0.7774840615767377,0.4599,,0.3763193488121032,,,,,,,,
sft_esm3_mlp_combined_qwen3_8b_it_0306_010408,7510.0,0.7785207069921734,0.3758,1.4865,,0.6268556118011475,0.000169163380676,,,,,,
sft_esm3_mlp_combined_qwen3_8b_it_0306_010408,7520.0,0.7795573524076089,0.3365,1.3932,,0.4903012812137604,0.000169084666586,,,,,,
sft_esm3_mlp_combined_qwen3_8b_it_0306_010408,7530.0,0.7805939978230446,0.4469,1.4964,,0.4937763810157776,0.0001690058705249,,,,,,
sft_esm3_mlp_combined_qwen3_8b_it_0306_010408,7540.0,0.7816306432384803,0.3665,1.3604,,0.5126203298568726,0.0001689269925863,,,,,,
sft_esm3_mlp_combined_qwen3_8b_it_0306_010408,7550.0,0.7826672886539159,0.4202,1.4858,,0.5023120641708374,0.0001688480328636,,,,,,
sft_esm3_mlp_combined_qwen3_8b_it_0306_010408,7560.0,0.7837039340693516,0.3555,1.4997,,0.7812842726707458,0.0001687689914506,,,,,,
sft_esm3_mlp_combined_qwen3_8b_it_0306_010408,7570.0,0.7847405794847873,0.3645,1.38,,0.4905698299407959,0.000168689868441,,,,,,
sft_esm3_mlp_combined_qwen3_8b_it_0306_010408,7580.0,0.7857772249002228,0.3914,1.518,,0.4957917630672455,0.0001686106639288,,,,,,
sft_esm3_mlp_combined_qwen3_8b_it_0306_010408,7590.0,0.7868138703156585,0.3543,1.3665,,0.6736475825309753,0.000168531378008,,,,,,
sft_esm3_mlp_combined_qwen3_8b_it_0306_010408,7600.0,0.7878505157310942,0.435,1.4496,,0.4905580282211303,0.0001684520107725,,,,,,
sft_esm3_mlp_combined_qwen3_8b_it_0306_010408,7610.0,0.7888871611465298,0.3962,1.4748,,0.5274975299835205,0.0001683725623166,,,,,,
sft_esm3_mlp_combined_qwen3_8b_it_0306_010408,7620.0,0.7899238065619655,0.403,1.368,,0.5913428664207458,0.0001682930327345,,,,,,
sft_esm3_mlp_combined_qwen3_8b_it_0306_010408,7630.0,0.7909604519774012,0.3798,1.5185,,0.4692490100860595,0.0001682134221206,,,,,,
sft_esm3_mlp_combined_qwen3_8b_it_0306_010408,7640.0,0.7919970973928367,0.4216,1.4405,,0.5975407361984253,0.0001681337305694,,,,,,
sft_esm3_mlp_combined_qwen3_8b_it_0306_010408,7650.0,0.7930337428082724,0.349,1.3894,,0.5216546058654785,0.0001680539581755,,,,,,
sft_esm3_mlp_combined_qwen3_8b_it_0306_010408,7660.0,0.7940703882237081,0.4337,1.534,,0.5450637936592102,0.0001679741050333,,,,,,
sft_esm3_mlp_combined_qwen3_8b_it_0306_010408,7670.0,0.7951070336391437,0.3871,1.3884,,0.5374116897583008,0.0001678941712379,,,,,,
sft_esm3_mlp_combined_qwen3_8b_it_0306_010408,7680.0,0.7961436790545794,0.3809,1.4365,,0.499702125787735,0.0001678141568838,,,,,,
sft_esm3_mlp_combined_qwen3_8b_it_0306_010408,7690.0,0.7971803244700151,0.4274,1.4735,,0.5430838465690613,0.0001677340620662,,,,,,
sft_esm3_mlp_combined_qwen3_8b_it_0306_010408,7700.0,0.7982169698854507,0.4126,1.3548,,0.5226513147354126,0.00016765388688,,,,,,
sft_esm3_mlp_combined_qwen3_8b_it_0306_010408,7710.0,0.7992536153008863,0.3642,1.4869,,0.5128280520439148,0.0001675736314204,,,,,,
sft_esm3_mlp_combined_qwen3_8b_it_0306_010408,7720.0,0.800290260716322,0.4297,1.4331,,0.5635079145431519,0.0001674932957826,,,,,,
sft_esm3_mlp_combined_qwen3_8b_it_0306_010408,7730.0,0.8013269061317576,0.3926,1.3694,,0.5018700957298279,0.0001674128800619,,,,,,
sft_esm3_mlp_combined_qwen3_8b_it_0306_010408,7740.0,0.8023635515471933,0.4117,1.5086,,0.5358562469482422,0.0001673323843537,,,,,,
sft_esm3_mlp_combined_qwen3_8b_it_0306_010408,7750.0,0.803400196962629,0.4062,1.4035,,0.649713397026062,0.0001672518087536,,,,,,
sft_esm3_mlp_combined_qwen3_8b_it_0306_010408,7750.0,0.803400196962629,0.443,,0.3740678429603576,,,,,,,,
sft_esm3_mlp_combined_qwen3_8b_it_0306_010408,7760.0,0.8044368423780646,0.3833,1.489,,0.5253614187240601,0.0001671711533571,,,,,,
sft_esm3_mlp_combined_qwen3_8b_it_0306_010408,7770.0,0.8054734877935003,0.459,1.4329,,0.5411052703857422,0.00016709041826,,,,,,
sft_esm3_mlp_combined_qwen3_8b_it_0306_010408,7780.0,0.8065101332089358,0.3682,1.3792,,0.6053614616394043,0.000167009603558,,,,,,
sft_esm3_mlp_combined_qwen3_8b_it_0306_010408,7790.0,0.8075467786243715,0.3898,1.4713,,0.4824062585830688,0.000166928709347,,,,,,
sft_esm3_mlp_combined_qwen3_8b_it_0306_010408,7800.0,0.8085834240398072,0.3818,1.4353,,0.6459616422653198,0.000166847735723,,,,,,
sft_esm3_mlp_combined_qwen3_8b_it_0306_010408,7810.0,0.8096200694552428,0.4312,1.4239,,0.4802175164222717,0.0001667666827822,,,,,,
sft_esm3_mlp_combined_qwen3_8b_it_0306_010408,7820.0,0.8106567148706785,0.4391,1.4731,,0.5352953672409058,0.0001666855506206,,,,,,
sft_esm3_mlp_combined_qwen3_8b_it_0306_010408,7830.0,0.8116933602861142,0.4033,1.3905,,0.487005203962326,0.0001666043393345,,,,,,
sft_esm3_mlp_combined_qwen3_8b_it_0306_010408,7840.0,0.8127300057015497,0.4017,1.4609,,0.4818341732025146,0.0001665230490204,,,,,,
sft_esm3_mlp_combined_qwen3_8b_it_0306_010408,7850.0,0.8137666511169854,0.3939,1.475,,0.5634968280792236,0.0001664416797745,,,,,,
sft_esm3_mlp_combined_qwen3_8b_it_0306_010408,7860.0,0.8148032965324211,0.3855,1.3471,,0.5801621675491333,0.0001663602316936,,,,,,
sft_esm3_mlp_combined_qwen3_8b_it_0306_010408,7870.0,0.8158399419478567,0.4137,1.4823,,0.4967456459999084,0.0001662787048742,,,,,,
sft_esm3_mlp_combined_qwen3_8b_it_0306_010408,7880.0,0.8168765873632924,0.3434,1.4055,,0.5172331929206848,0.000166197099413,,,,,,
sft_esm3_mlp_combined_qwen3_8b_it_0306_010408,7890.0,0.8179132327787281,0.4267,1.3962,,0.4888051748275757,0.000166115415407,,,,,,
sft_esm3_mlp_combined_qwen3_8b_it_0306_010408,7900.0,0.8189498781941636,0.3923,1.5314,,0.5117422938346863,0.0001660336529529,,,,,,
sft_esm3_mlp_combined_qwen3_8b_it_0306_010408,7910.0,0.8199865236095993,0.3723,1.3444,,0.5646607279777527,0.0001659518121479,,,,,,
sft_esm3_mlp_combined_qwen3_8b_it_0306_010408,7920.0,0.821023169025035,0.4087,1.4522,,0.4725367724895477,0.000165869893089,,,,,,
sft_esm3_mlp_combined_qwen3_8b_it_0306_010408,7930.0,0.8220598144404706,0.3532,1.5101,,0.6621338129043579,0.0001657878958735,,,,,,
sft_esm3_mlp_combined_qwen3_8b_it_0306_010408,7940.0,0.8230964598559063,0.3615,1.3624,,0.5598440170288086,0.0001657058205986,,,,,,
sft_esm3_mlp_combined_qwen3_8b_it_0306_010408,7950.0,0.824133105271342,0.4027,1.4549,,0.4968725144863128,0.0001656236673616,,,,,,
sft_esm3_mlp_combined_qwen3_8b_it_0306_010408,7960.0,0.8251697506867776,0.3939,1.4319,,0.7177188396453857,0.0001655414362602,,,,,,
sft_esm3_mlp_combined_qwen3_8b_it_0306_010408,7970.0,0.8262063961022132,0.4607,1.4365,,0.445286363363266,0.0001654591273919,,,,,,
sft_esm3_mlp_combined_qwen3_8b_it_0306_010408,7980.0,0.8272430415176489,0.3976,1.5309,,0.6861628890037537,0.0001653767408542,,,,,,
sft_esm3_mlp_combined_qwen3_8b_it_0306_010408,7990.0,0.8282796869330845,0.3545,1.3547,,0.5132462978363037,0.000165294276745,,,,,,
sft_esm3_mlp_combined_qwen3_8b_it_0306_010408,8000.0,0.8293163323485202,0.397,1.4578,,0.4582755863666534,0.0001652117351622,,,,,,
sft_esm3_mlp_combined_qwen3_8b_it_0306_010408,8000.0,0.8293163323485202,0.4227,,0.3698214590549469,,,,,,,,
sft_esm3_mlp_combined_qwen3_8b_it_0306_010408,8010.0,0.8303529777639559,0.3577,1.4355,,0.5603209733963013,0.0001651291162036,,,,,,
sft_esm3_mlp_combined_qwen3_8b_it_0306_010408,8020.0,0.8313896231793915,0.4138,1.3941,,0.5399854183197021,0.0001650464199673,,,,,,
sft_esm3_mlp_combined_qwen3_8b_it_0306_010408,8030.0,0.8324262685948272,0.3922,1.4978,,0.5681164860725403,0.0001649636465513,,,,,,
sft_esm3_mlp_combined_qwen3_8b_it_0306_010408,8040.0,0.8334629140102627,0.3528,1.3617,,0.6096344590187073,0.0001648807960541,,,,,,
sft_esm3_mlp_combined_qwen3_8b_it_0306_010408,8050.0,0.8344995594256984,0.3835,1.421,,0.5214381814002991,0.0001647978685737,,,,,,
sft_esm3_mlp_combined_qwen3_8b_it_0306_010408,8060.0,0.8355362048411341,0.4261,1.4889,,0.61624675989151,0.0001647148642087,,,,,,
sft_esm3_mlp_combined_qwen3_8b_it_0306_010408,8070.0,0.8365728502565697,0.3508,1.34,,0.5247325897216797,0.0001646317830575,,,,,,
sft_esm3_mlp_combined_qwen3_8b_it_0306_010408,8080.0,0.8376094956720054,0.3838,1.4977,,0.4852705001831054,0.0001645486252186,,,,,,
sft_esm3_mlp_combined_qwen3_8b_it_0306_010408,8090.0,0.8386461410874411,0.3537,1.4063,,0.6118981242179871,0.0001644653907909,,,,,,
sft_esm3_mlp_combined_qwen3_8b_it_0306_010408,8100.0,0.8396827865028766,0.4156,1.4157,,0.5250023603439331,0.0001643820798729,,,,,,
sft_esm3_mlp_combined_qwen3_8b_it_0306_010408,8110.0,0.8407194319183123,0.3921,1.4646,,0.4942906200885772,0.0001642986925636,,,,,,
sft_esm3_mlp_combined_qwen3_8b_it_0306_010408,8120.0,0.841756077333748,0.3977,1.3615,,0.5503540635108948,0.0001642152289619,,,,,,
sft_esm3_mlp_combined_qwen3_8b_it_0306_010408,8130.0,0.8427927227491836,0.4186,1.4883,,0.510670006275177,0.0001641316891669,,,,,,
sft_esm3_mlp_combined_qwen3_8b_it_0306_010408,8140.0,0.8438293681646193,0.4012,1.4361,,0.5873093605041504,0.0001640480732776,,,,,,
sft_esm3_mlp_combined_qwen3_8b_it_0306_010408,8150.0,0.844866013580055,0.3514,1.3823,,0.5872306227684021,0.0001639643813933,,,,,,
sft_esm3_mlp_combined_qwen3_8b_it_0306_010408,8160.0,0.8459026589954906,0.3564,1.474,,0.4698600172996521,0.0001638806136133,,,,,,
sft_esm3_mlp_combined_qwen3_8b_it_0306_010408,8170.0,0.8469393044109262,0.373,1.4018,,0.5520006418228149,0.000163796770037,,,,,,
sft_esm3_mlp_combined_qwen3_8b_it_0306_010408,8180.0,0.8479759498263619,0.383,1.4393,,0.5332967638969421,0.0001637128507638,,,,,,
sft_esm3_mlp_combined_qwen3_8b_it_0306_010408,8190.0,0.8490125952417975,0.3865,1.4791,,0.5605089068412781,0.0001636288558934,,,,,,
sft_esm3_mlp_combined_qwen3_8b_it_0306_010408,8200.0,0.8500492406572332,0.4037,1.3864,,0.5135719776153564,0.0001635447855253,,,,,,
sft_esm3_mlp_combined_qwen3_8b_it_0306_010408,8210.0,0.8510858860726689,0.3471,1.381,,0.4719642698764801,0.0001634606397594,,,,,,
sft_esm3_mlp_combined_qwen3_8b_it_0306_010408,8220.0,0.8521225314881045,0.4535,1.451,,0.6147364974021912,0.0001633764186955,,,,,,
sft_esm3_mlp_combined_qwen3_8b_it_0306_010408,8230.0,0.8531591769035402,0.3373,1.3907,,0.5616240501403809,0.0001632921224335,,,,,,
sft_esm3_mlp_combined_qwen3_8b_it_0306_010408,8240.0,0.8541958223189758,0.3948,1.4688,,0.4889703392982483,0.0001632077510734,,,,,,
sft_esm3_mlp_combined_qwen3_8b_it_0306_010408,8250.0,0.8552324677344114,0.3852,1.4225,,0.577873170375824,0.0001631233047154,,,,,,
sft_esm3_mlp_combined_qwen3_8b_it_0306_010408,8250.0,0.8552324677344114,0.4718,,0.3689373433589935,,,,,,,,
sft_esm3_mlp_combined_qwen3_8b_it_0306_010408,8260.0,0.8562691131498471,0.3621,1.4238,,0.4877794086933136,0.0001630387834596,,,,,,
sft_esm3_mlp_combined_qwen3_8b_it_0306_010408,8270.0,0.8573057585652828,0.4816,1.4749,,0.5342898368835449,0.0001629541874064,,,,,,
sft_esm3_mlp_combined_qwen3_8b_it_0306_010408,8280.0,0.8583424039807184,0.3059,1.3688,,0.5299500823020935,0.000162869516656,,,,,,
sft_esm3_mlp_combined_qwen3_8b_it_0306_010408,8290.0,0.8593790493961541,0.4127,1.4471,,0.4702077507972717,0.0001627847713091,,,,,,
sft_esm3_mlp_combined_qwen3_8b_it_0306_010408,8300.0,0.8604156948115897,0.3913,1.4562,,0.8662824034690857,0.000162699951466,,,,,,
sft_esm3_mlp_combined_qwen3_8b_it_0306_010408,8310.0,0.8614523402270253,0.3607,1.3086,,0.5381438136100769,0.0001626150572276,,,,,,
sft_esm3_mlp_combined_qwen3_8b_it_0306_010408,8320.0,0.862488985642461,0.4142,1.4403,,0.4944965243339538,0.0001625300886944,,,,,,
sft_esm3_mlp_combined_qwen3_8b_it_0306_010408,8330.0,0.8635256310578966,0.3339,1.4201,,0.6371970176696777,0.0001624450459673,,,,,,
sft_esm3_mlp_combined_qwen3_8b_it_0306_010408,8340.0,0.8645622764733323,0.3691,1.3544,,0.4792869389057159,0.0001623599291473,,,,,,
sft_esm3_mlp_combined_qwen3_8b_it_0306_010408,8350.0,0.865598921888768,0.38,1.5033,,0.7269300222396851,0.0001622747383353,,,,,,
sft_esm3_mlp_combined_qwen3_8b_it_0306_010408,8360.0,0.8666355673042035,0.3869,1.3669,,0.5309680104255676,0.0001621894736323,,,,,,
sft_esm3_mlp_combined_qwen3_8b_it_0306_010408,8370.0,0.8676722127196392,0.3793,1.4711,,0.502368688583374,0.0001621041351397,,,,,,
sft_esm3_mlp_combined_qwen3_8b_it_0306_010408,8380.0,0.8687088581350749,0.3771,1.4617,,0.5793246030807495,0.0001620187229585,,,,,,
sft_esm3_mlp_combined_qwen3_8b_it_0306_010408,8390.0,0.8697455035505105,0.4502,1.4141,,0.5786358118057251,0.0001619332371902,,,,,,
sft_esm3_mlp_combined_qwen3_8b_it_0306_010408,8400.0,0.8707821489659462,0.3562,1.4615,,0.4901428818702698,0.0001618476779363,,,,,,
sft_esm3_mlp_combined_qwen3_8b_it_0306_010408,8410.0,0.8718187943813819,0.3612,1.3934,,0.5800570845603943,0.0001617620452981,,,,,,
sft_esm3_mlp_combined_qwen3_8b_it_0306_010408,8420.0,0.8728554397968175,0.4206,1.4422,,0.5365428328514099,0.0001616763393773,,,,,,
sft_esm3_mlp_combined_qwen3_8b_it_0306_010408,8430.0,0.8738920852122531,0.413,1.4227,,0.547231137752533,0.0001615905602757,,,,,,
sft_esm3_mlp_combined_qwen3_8b_it_0306_010408,8440.0,0.8749287306276888,0.3744,1.3799,,0.4976747035980224,0.000161504708095,,,,,,
sft_esm3_mlp_combined_qwen3_8b_it_0306_010408,8450.0,0.8759653760431244,0.3908,1.4384,,0.4848510921001434,0.000161418782937,,,,,,
sft_esm3_mlp_combined_qwen3_8b_it_0306_010408,8460.0,0.8770020214585601,0.4157,1.4723,,0.6579750180244446,0.0001613327849037,,,,,,
sft_esm3_mlp_combined_qwen3_8b_it_0306_010408,8470.0,0.8780386668739958,0.3574,1.3851,,0.4896173775196075,0.0001612467140972,,,,,,
sft_esm3_mlp_combined_qwen3_8b_it_0306_010408,8480.0,0.8790753122894314,0.3973,1.4037,,0.5185695886611938,0.0001611605706196,,,,,,
sft_esm3_mlp_combined_qwen3_8b_it_0306_010408,8490.0,0.880111957704867,0.407,1.3894,,0.5418364405632019,0.000161074354573,,,,,,
sft_esm3_mlp_combined_qwen3_8b_it_0306_010408,8500.0,0.8811486031203027,0.38,1.4411,,0.4825778603553772,0.0001609880660598,,,,,,
sft_esm3_mlp_combined_qwen3_8b_it_0306_010408,8500.0,0.8811486031203027,0.3967,,0.3667535483837127,,,,,,,,
sft_esm3_mlp_combined_qwen3_8b_it_0306_010408,8510.0,0.8821852485357383,0.4565,1.4299,,0.4767536222934723,0.0001609017051825,,,,,,
sft_esm3_mlp_combined_qwen3_8b_it_0306_010408,8520.0,0.883221893951174,0.3307,1.3656,,0.5129531025886536,0.0001608152720433,,,,,,
sft_esm3_mlp_combined_qwen3_8b_it_0306_010408,8530.0,0.8842585393666097,0.3925,1.3885,,0.4769660830497741,0.000160728766745,,,,,,
sft_esm3_mlp_combined_qwen3_8b_it_0306_010408,8540.0,0.8852951847820453,0.4115,1.4623,,0.6378250122070312,0.00016064218939,,,,,,
sft_esm3_mlp_combined_qwen3_8b_it_0306_010408,8550.0,0.886331830197481,0.3482,1.3608,,0.5431951880455017,0.0001605555400813,,,,,,
sft_esm3_mlp_combined_qwen3_8b_it_0306_010408,8560.0,0.8873684756129167,0.437,1.405,,0.4906053245067596,0.0001604688189215,,,,,,
sft_esm3_mlp_combined_qwen3_8b_it_0306_010408,8570.0,0.8884051210283522,0.3349,1.4027,,0.5965069532394409,0.0001603820260136,,,,,,
sft_esm3_mlp_combined_qwen3_8b_it_0306_010408,8580.0,0.8894417664437879,0.3544,1.412,,0.4830168783664703,0.0001602951614606,,,,,,
sft_esm3_mlp_combined_qwen3_8b_it_0306_010408,8590.0,0.8904784118592236,0.4268,1.4142,,0.5701310634613037,0.0001602082253655,,,,,,
sft_esm3_mlp_combined_qwen3_8b_it_0306_010408,8600.0,0.8915150572746592,0.3406,1.3892,,0.6060790419578552,0.0001601212178314,,,,,,
sft_esm3_mlp_combined_qwen3_8b_it_0306_010408,8610.0,0.8925517026900949,0.3515,1.4034,,0.496575266122818,0.0001600341389617,,,,,,
sft_esm3_mlp_combined_qwen3_8b_it_0306_010408,8620.0,0.8935883481055305,0.4036,1.4501,,0.6327059268951416,0.0001599469888596,,,,,,
sft_esm3_mlp_combined_qwen3_8b_it_0306_010408,8630.0,0.8946249935209661,0.3797,1.3936,,0.5112607479095459,0.0001598597676286,,,,,,
sft_esm3_mlp_combined_qwen3_8b_it_0306_010408,8640.0,0.8956616389364018,0.3922,1.4305,,0.5274771451950073,0.0001597724753721,,,,,,
sft_esm3_mlp_combined_qwen3_8b_it_0306_010408,8650.0,0.8966982843518374,0.3439,1.3655,,0.5621106028556824,0.0001596851121937,,,,,,
sft_esm3_mlp_combined_qwen3_8b_it_0306_010408,8660.0,0.8977349297672731,0.3735,1.3702,,0.4874393045902252,0.000159597678197,,,,,,
sft_esm3_mlp_combined_qwen3_8b_it_0306_010408,8670.0,0.8987715751827088,0.4582,1.4821,,0.5819738507270813,0.0001595101734859,,,,,,
sft_esm3_mlp_combined_qwen3_8b_it_0306_010408,8680.0,0.8998082205981444,0.3509,1.3195,,0.5474310517311096,0.0001594225981641,,,,,,
sft_esm3_mlp_combined_qwen3_8b_it_0306_010408,8690.0,0.90084486601358,0.4435,1.5132,,0.4986992478370666,0.0001593349523356,,,,,,
sft_esm3_mlp_combined_qwen3_8b_it_0306_010408,8700.0,0.9018815114290156,0.3608,1.4137,,0.5745388865470886,0.0001592472361043,,,,,,
sft_esm3_mlp_combined_qwen3_8b_it_0306_010408,8710.0,0.9029181568444512,0.3806,1.3665,,0.5209788680076599,0.0001591594495743,,,,,,
sft_esm3_mlp_combined_qwen3_8b_it_0306_010408,8720.0,0.903954802259887,0.3741,1.4984,,0.6352609395980835,0.0001590715928498,,,,,,
sft_esm3_mlp_combined_qwen3_8b_it_0306_010408,8730.0,0.9049914476753228,0.4008,1.3504,,0.6492180228233337,0.000158983666035,,,,,,
sft_esm3_mlp_combined_qwen3_8b_it_0306_010408,8740.0,0.9060280930907584,0.3354,1.4447,,0.479160875082016,0.0001588956692343,,,,,,
sft_esm3_mlp_combined_qwen3_8b_it_0306_010408,8750.0,0.907064738506194,0.4203,1.4589,,0.527452290058136,0.000158807602552,,,,,,
sft_esm3_mlp_combined_qwen3_8b_it_0306_010408,8750.0,0.907064738506194,0.4492,,0.3666496574878692,,,,,,,,
sft_esm3_mlp_combined_qwen3_8b_it_0306_010408,8760.0,0.9081013839216296,0.3715,1.3544,,0.5321736335754395,0.0001587194660927,,,,,,
sft_esm3_mlp_combined_qwen3_8b_it_0306_010408,8770.0,0.9091380293370652,0.3825,1.4626,,0.4864020645618438,0.000158631259961,,,,,,
sft_esm3_mlp_combined_qwen3_8b_it_0306_010408,8780.0,0.9101746747525008,0.3831,1.372,,0.5109809637069702,0.0001585429842614,,,,,,
sft_esm3_mlp_combined_qwen3_8b_it_0306_010408,8790.0,0.9112113201679366,0.3751,1.4085,,0.5248576402664185,0.0001584546390988,,,,,,
sft_esm3_mlp_combined_qwen3_8b_it_0306_010408,8800.0,0.9122479655833722,0.4294,1.4818,,0.5630447864532471,0.0001583662245779,,,,,,
sft_esm3_mlp_combined_qwen3_8b_it_0306_010408,8810.0,0.913284610998808,0.378,1.3781,,0.5231462717056274,0.0001582777408037,,,,,,
sft_esm3_mlp_combined_qwen3_8b_it_0306_010408,8820.0,0.9143212564142436,0.3797,1.4288,,0.5036198496818542,0.0001581891878812,,,,,,
sft_esm3_mlp_combined_qwen3_8b_it_0306_010408,8830.0,0.9153579018296792,0.4355,1.4317,,0.5909041166305542,0.0001581005659154,,,,,,
sft_esm3_mlp_combined_qwen3_8b_it_0306_010408,8840.0,0.9163945472451148,0.3521,1.3627,,0.522193968296051,0.0001580118750114,,,,,,
sft_esm3_mlp_combined_qwen3_8b_it_0306_010408,8850.0,0.9174311926605504,0.4201,1.4874,,0.4945914447307586,0.0001579231152746,,,,,,
sft_esm3_mlp_combined_qwen3_8b_it_0306_010408,8860.0,0.918467838075986,0.3556,1.3454,,0.5817164182662964,0.0001578342868102,,,,,,
sft_esm3_mlp_combined_qwen3_8b_it_0306_010408,8870.0,0.9195044834914218,0.3582,1.3962,,0.5022561550140381,0.0001577453897237,,,,,,
sft_esm3_mlp_combined_qwen3_8b_it_0306_010408,8880.0,0.9205411289068576,0.4226,1.4661,,0.5500971078872681,0.0001576564241204,,,,,,
sft_esm3_mlp_combined_qwen3_8b_it_0306_010408,8890.0,0.921577774322293,0.3464,1.3437,,0.4746758937835693,0.000157567390106,,,,,,
sft_esm3_mlp_combined_qwen3_8b_it_0306_010408,8900.0,0.9226144197377288,0.4445,1.4172,,0.5329518914222717,0.0001574782877862,,,,,,
sft_esm3_mlp_combined_qwen3_8b_it_0306_010408,8910.0,0.9236510651531644,0.3615,1.4643,,0.6573742628097534,0.0001573891172665,,,,,,
sft_esm3_mlp_combined_qwen3_8b_it_0306_010408,8920.0,0.9246877105686,0.3608,1.3786,,0.4938403069972992,0.0001572998786529,,,,,,
sft_esm3_mlp_combined_qwen3_8b_it_0306_010408,8930.0,0.9257243559840356,0.4049,1.4879,,0.5832659006118774,0.0001572105720512,,,,,,
sft_esm3_mlp_combined_qwen3_8b_it_0306_010408,8940.0,0.9267610013994712,0.3741,1.3775,,0.5852645635604858,0.0001571211975674,,,,,,
sft_esm3_mlp_combined_qwen3_8b_it_0306_010408,8950.0,0.927797646814907,0.3941,1.4129,,0.487497866153717,0.0001570317553075,,,,,,
sft_esm3_mlp_combined_qwen3_8b_it_0306_010408,8960.0,0.9288342922303426,0.3903,1.4477,,0.6096034049987793,0.0001569422453777,,,,,,
sft_esm3_mlp_combined_qwen3_8b_it_0306_010408,8970.0,0.9298709376457782,0.3777,1.3602,,0.4968791007995605,0.0001568526678842,,,,,,
sft_esm3_mlp_combined_qwen3_8b_it_0306_010408,8980.0,0.930907583061214,0.3598,1.4346,,0.5144413709640503,0.0001567630229332,,,,,,
sft_esm3_mlp_combined_qwen3_8b_it_0306_010408,8990.0,0.9319442284766496,0.3561,1.3722,,0.6503515839576721,0.0001566733106311,,,,,,
sft_esm3_mlp_combined_qwen3_8b_it_0306_010408,9000.0,0.9329808738920852,0.4326,1.4226,,0.4966868460178375,0.0001565835310844,,,,,,
sft_esm3_mlp_combined_qwen3_8b_it_0306_010408,9000.0,0.9329808738920852,0.4812,,0.3665424883365631,,,,,,,,
sft_esm3_mlp_combined_qwen3_8b_it_0306_010408,9010.0,0.9340175193075207,0.3731,1.4506,,0.5658605098724365,0.0001564936843995,,,,,,
sft_esm3_mlp_combined_qwen3_8b_it_0306_010408,9020.0,0.9350541647229564,0.3747,1.3436,,0.5830928683280945,0.0001564037706832,,,,,,
sft_esm3_mlp_combined_qwen3_8b_it_0306_010408,9030.0,0.936090810138392,0.4006,1.4189,,0.4511009454727173,0.000156313790042,,,,,,
sft_esm3_mlp_combined_qwen3_8b_it_0306_010408,9040.0,0.9371274555538278,0.3875,1.4225,,0.5721933245658875,0.0001562237425828,,,,,,
sft_esm3_mlp_combined_qwen3_8b_it_0306_010408,9050.0,0.9381641009692636,0.4139,1.3646,,0.5472761988639832,0.0001561336284124,,,,,,
sft_esm3_mlp_combined_qwen3_8b_it_0306_010408,9060.0,0.9392007463846992,0.4112,1.4677,,0.536677360534668,0.0001560434476377,,,,,,
sft_esm3_mlp_combined_qwen3_8b_it_0306_010408,9070.0,0.9402373918001348,0.38,1.3638,,0.5885011553764343,0.0001559532003657,,,,,,
sft_esm3_mlp_combined_qwen3_8b_it_0306_010408,9080.0,0.9412740372155703,0.3297,1.4579,,0.4817845225334167,0.0001558628867035,,,,,,
sft_esm3_mlp_combined_qwen3_8b_it_0306_010408,9090.0,0.942310682631006,0.4244,1.4422,,0.5945930480957031,0.0001557725067582,,,,,,
sft_esm3_mlp_combined_qwen3_8b_it_0306_010408,9100.0,0.9433473280464416,0.3308,1.3774,,0.5471246242523193,0.0001556820606372,,,,,,
sft_esm3_mlp_combined_qwen3_8b_it_0306_010408,9110.0,0.9443839734618774,0.3898,1.4256,,0.4950030744075775,0.0001555915484476,,,,,,
sft_esm3_mlp_combined_qwen3_8b_it_0306_010408,9120.0,0.945420618877313,0.4511,1.48,,0.7613968253135681,0.000155500970297,,,,,,
sft_esm3_mlp_combined_qwen3_8b_it_0306_010408,9130.0,0.9464572642927488,0.359,1.355,,0.4815798103809356,0.0001554103262927,,,,,,
sft_esm3_mlp_combined_qwen3_8b_it_0306_010408,9140.0,0.9474939097081844,0.4352,1.4379,,0.4910790622234344,0.0001553196165424,,,,,,
sft_esm3_mlp_combined_qwen3_8b_it_0306_010408,9150.0,0.94853055512362,0.342,1.3975,,0.5663734674453735,0.0001552288411536,,,,,,
sft_esm3_mlp_combined_qwen3_8b_it_0306_010408,9160.0,0.9495672005390556,0.3493,1.3992,,0.504804253578186,0.0001551380002342,,,,,,
sft_esm3_mlp_combined_qwen3_8b_it_0306_010408,9170.0,0.9506038459544912,0.4082,1.4028,,0.5252874493598938,0.0001550470938917,,,,,,
sft_esm3_mlp_combined_qwen3_8b_it_0306_010408,9180.0,0.9516404913699268,0.3191,1.3652,,0.5259062051773071,0.0001549561222342,,,,,,
sft_esm3_mlp_combined_qwen3_8b_it_0306_010408,9190.0,0.9526771367853626,0.3636,1.3918,,0.4990751147270202,0.0001548650853695,,,,,,
sft_esm3_mlp_combined_qwen3_8b_it_0306_010408,9200.0,0.9537137822007982,0.3602,1.4028,,0.622488260269165,0.0001547739834058,,,,,,
sft_esm3_mlp_combined_qwen3_8b_it_0306_010408,9210.0,0.954750427616234,0.3389,1.3647,,0.5155215263366699,0.000154682816451,,,,,,
sft_esm3_mlp_combined_qwen3_8b_it_0306_010408,9220.0,0.9557870730316697,0.3866,1.4023,,0.5153220891952515,0.0001545915846133,,,,,,
sft_esm3_mlp_combined_qwen3_8b_it_0306_010408,9230.0,0.9568237184471052,0.328,1.373,,0.6084146499633789,0.000154500288001,,,,,,
sft_esm3_mlp_combined_qwen3_8b_it_0306_010408,9240.0,0.9578603638625408,0.3857,1.3783,,0.5223315954208374,0.0001544089267225,,,,,,
sft_esm3_mlp_combined_qwen3_8b_it_0306_010408,9250.0,0.9588970092779764,0.4301,1.4562,,0.6024261116981506,0.0001543175008861,,,,,,
sft_esm3_mlp_combined_qwen3_8b_it_0306_010408,9250.0,0.9588970092779764,0.437,,0.3615455627441406,,,,,,,,
sft_esm3_mlp_combined_qwen3_8b_it_0306_010408,9260.0,0.959933654693412,0.3232,1.3377,,0.5474380850791931,0.0001542260106003,,,,,,
sft_esm3_mlp_combined_qwen3_8b_it_0306_010408,9270.0,0.9609703001088478,0.4621,1.3937,,0.479925662279129,0.0001541344559736,,,,,,
sft_esm3_mlp_combined_qwen3_8b_it_0306_010408,9280.0,0.9620069455242836,0.3397,1.4424,,0.5768872499465942,0.0001540428371147,,,,,,
sft_esm3_mlp_combined_qwen3_8b_it_0306_010408,9290.0,0.963043590939719,0.4067,1.3914,,0.5055859684944153,0.0001539511541324,,,,,,
sft_esm3_mlp_combined_qwen3_8b_it_0306_010408,9300.0,0.9640802363551548,0.3818,1.4892,,0.5408231616020203,0.0001538594071353,,,,,,
sft_esm3_mlp_combined_qwen3_8b_it_0306_010408,9310.0,0.9651168817705904,0.3629,1.32,,0.5601935386657715,0.0001537675962324,,,,,,
sft_esm3_mlp_combined_qwen3_8b_it_0306_010408,9320.0,0.966153527186026,0.427,1.4259,,0.5884125232696533,0.0001536757215325,,,,,,
sft_esm3_mlp_combined_qwen3_8b_it_0306_010408,9330.0,0.9671901726014616,0.3525,1.4758,,0.6198443174362183,0.0001535837831448,,,,,,
sft_esm3_mlp_combined_qwen3_8b_it_0306_010408,9340.0,0.9682268180168974,0.3908,1.3355,,0.5001580119132996,0.0001534917811782,,,,,,
sft_esm3_mlp_combined_qwen3_8b_it_0306_010408,9350.0,0.9692634634323328,0.3823,1.466,,0.5113019347190857,0.000153399715742,,,,,,
sft_esm3_mlp_combined_qwen3_8b_it_0306_010408,9360.0,0.9703001088477686,0.3436,1.3589,,0.6005565524101257,0.0001533075869453,,,,,,
sft_esm3_mlp_combined_qwen3_8b_it_0306_010408,9370.0,0.9713367542632044,0.4046,1.3541,,0.4662708938121795,0.0001532153948976,,,,,,
sft_esm3_mlp_combined_qwen3_8b_it_0306_010408,9380.0,0.97237339967864,0.3438,1.4796,,0.6438950896263123,0.0001531231397081,,,,,,
sft_esm3_mlp_combined_qwen3_8b_it_0306_010408,9390.0,0.9734100450940756,0.3515,1.3299,,0.5397226810455322,0.0001530308214864,,,,,,
sft_esm3_mlp_combined_qwen3_8b_it_0306_010408,9400.0,0.9744466905095112,0.4222,1.4226,,0.4979234039783478,0.000152938440342,,,,,,
sft_esm3_mlp_combined_qwen3_8b_it_0306_010408,9410.0,0.9754833359249468,0.3354,1.4213,,0.60671067237854,0.0001528459963845,,,,,,
sft_esm3_mlp_combined_qwen3_8b_it_0306_010408,9420.0,0.9765199813403824,0.3533,1.3054,,0.5398302674293518,0.0001527534897236,,,,,,
sft_esm3_mlp_combined_qwen3_8b_it_0306_010408,9430.0,1.000518322707718,0.4143,1.5234,,0.5545405149459839,0.000152660920469,,,,,,
sft_esm3_mlp_combined_qwen3_8b_it_0306_010408,9440.0,1.0015549681231537,0.3866,1.4188,,0.4963899552822113,0.0001525682887306,,,,,,
sft_esm3_mlp_combined_qwen3_8b_it_0306_010408,9450.0,1.002591613538589,0.3858,1.4886,,0.6299039125442505,0.0001524755946183,,,,,,
sft_esm3_mlp_combined_qwen3_8b_it_0306_010408,9460.0,1.0036282589540249,0.3704,1.3326,,0.5381507873535156,0.0001523828382421,,,,,,
sft_esm3_mlp_combined_qwen3_8b_it_0306_010408,9470.0,1.0046649043694604,0.3836,1.4582,,0.5920282602310181,0.000152290019712,,,,,,
sft_esm3_mlp_combined_qwen3_8b_it_0306_010408,9480.0,1.005701549784896,0.3473,1.3616,,0.5766695737838745,0.0001521971391383,,,,,,
sft_esm3_mlp_combined_qwen3_8b_it_0306_010408,9490.0,1.0067381952003318,0.3699,1.3909,,0.4788638949394226,0.0001521041966309,,,,,,
sft_esm3_mlp_combined_qwen3_8b_it_0306_010408,9500.0,1.0077748406157674,0.3435,1.4678,,0.5707094669342041,0.0001520111923004,,,,,,
sft_esm3_mlp_combined_qwen3_8b_it_0306_010408,9500.0,1.0077748406157674,0.4337,,0.3631979525089264,,,,,,,,
sft_esm3_mlp_combined_qwen3_8b_it_0306_010408,9510.0,1.008811486031203,0.3657,1.3075,,0.5158290266990662,0.0001519181262569,,,,,,
sft_esm3_mlp_combined_qwen3_8b_it_0306_010408,9520.0,1.0098481314466388,0.4228,1.3998,,0.5109771490097046,0.000151824998611,,,,,,
sft_esm3_mlp_combined_qwen3_8b_it_0306_010408,9530.0,1.0108847768620743,0.3462,1.4382,,0.6339354515075684,0.0001517318094731,,,,,,
sft_esm3_mlp_combined_qwen3_8b_it_0306_010408,9540.0,1.01192142227751,0.3888,1.3491,,0.5341429114341736,0.0001516385589539,,,,,,
sft_esm3_mlp_combined_qwen3_8b_it_0306_010408,9550.0,1.0129580676929455,0.3516,1.4648,,0.505412220954895,0.0001515452471639,,,,,,
sft_esm3_mlp_combined_qwen3_8b_it_0306_010408,9560.0,1.0139947131083813,0.3884,1.3402,,0.5730087161064148,0.0001514518742138,,,,,,
sft_esm3_mlp_combined_qwen3_8b_it_0306_010408,9570.0,1.0150313585238169,0.3996,1.3972,,0.4770971834659576,0.0001513584402145,,,,,,
sft_esm3_mlp_combined_qwen3_8b_it_0306_010408,9580.0,1.016068003939253,0.3941,1.4275,,0.6215500235557556,0.0001512649452769,,,,,,
sft_esm3_mlp_combined_qwen3_8b_it_0306_010408,9590.0,1.0171046493546885,0.3579,1.3442,,0.5337575078010559,0.0001511713895117,,,,,,
sft_esm3_mlp_combined_qwen3_8b_it_0306_010408,9600.0,1.0181412947701238,0.3876,1.3575,,0.4628185033798218,0.0001510777730302,,,,,,
sft_esm3_mlp_combined_qwen3_8b_it_0306_010408,9610.0,1.0191779401855596,0.4213,1.4353,,0.7935667634010315,0.0001509840959433,,,,,,
sft_esm3_mlp_combined_qwen3_8b_it_0306_010408,9620.0,1.0202145856009952,0.33,1.3539,,0.5047571659088135,0.0001508903583622,,,,,,
sft_esm3_mlp_combined_qwen3_8b_it_0306_010408,9630.0,1.0212512310164308,0.4391,1.4257,,0.4951567649841308,0.000150796560398,,,,,,
sft_esm3_mlp_combined_qwen3_8b_it_0306_010408,9640.0,1.0222878764318666,0.3277,1.3943,,0.5399130582809448,0.0001507027021623,,,,,,
sft_esm3_mlp_combined_qwen3_8b_it_0306_010408,9650.0,1.0233245218473022,0.3987,1.4014,,0.4854413866996765,0.0001506087837661,,,,,,
sft_esm3_mlp_combined_qwen3_8b_it_0306_010408,9660.0,1.0243611672627375,0.3808,1.421,,0.6560012698173523,0.0001505148053211,,,,,,
sft_esm3_mlp_combined_qwen3_8b_it_0306_010408,9670.0,1.0253978126781735,0.3347,1.3603,,0.4990846812725067,0.0001504207669387,,,,,,
sft_esm3_mlp_combined_qwen3_8b_it_0306_010408,9680.0,1.0264344580936091,0.4165,1.4296,,0.5210683345794678,0.0001503266687305,,,,,,
sft_esm3_mlp_combined_qwen3_8b_it_0306_010408,9690.0,1.0274711035090447,0.3149,1.4029,,0.5580021142959595,0.0001502325108082,,,,,,
sft_esm3_mlp_combined_qwen3_8b_it_0306_010408,9700.0,1.0285077489244805,0.3486,1.4014,,0.5314435958862305,0.0001501382932834,,,,,,
sft_esm3_mlp_combined_qwen3_8b_it_0306_010408,9710.0,1.029544394339916,0.3934,1.4422,,0.5129622220993042,0.000150044016268,,,,,,
sft_esm3_mlp_combined_qwen3_8b_it_0306_010408,9720.0,1.0305810397553516,0.3246,1.3661,,0.5260253548622131,0.0001499496798738,,,,,,
sft_esm3_mlp_combined_qwen3_8b_it_0306_010408,9730.0,1.0316176851707874,0.4078,1.4033,,0.4845746457576751,0.0001498552842128,,,,,,
sft_esm3_mlp_combined_qwen3_8b_it_0306_010408,9740.0,1.032654330586223,0.3505,1.4631,,0.6180046796798706,0.0001497608293969,,,,,,
sft_esm3_mlp_combined_qwen3_8b_it_0306_010408,9750.0,1.0336909760016586,0.3659,1.321,,0.4811771512031555,0.0001496663155383,,,,,,
sft_esm3_mlp_combined_qwen3_8b_it_0306_010408,9750.0,1.0336909760016586,0.4378,,0.360674113035202,,,,,,,,
sft_esm3_mlp_thinking_qwen3_8b_it_0309_115011,10.0,0.0010366454154356,2.6295,11.5946,,4.966612815856934,1.8e-05,,,,,,
sft_esm3_mlp_thinking_qwen3_8b_it_0309_115011,20.0,0.0020732908308713,1.8411,7.8605,,1.9355137348175049,3.8e-05,,,,,,
sft_esm3_mlp_thinking_qwen3_8b_it_0309_115011,30.0,0.0031099362463069,1.6679,6.3996,,2.139371395111084,5.8e-05,,,,,,
sft_esm3_mlp_thinking_qwen3_8b_it_0309_115011,40.0,0.0041465816617426,1.5642,5.7288,,1.370601773262024,7.800000000000001e-05,,,,,,
sft_esm3_mlp_thinking_qwen3_8b_it_0309_115011,50.0,0.0051832270771782,1.3491,5.1316,,1.1848726272583008,9.8e-05,,,,,,
sft_esm3_mlp_thinking_qwen3_8b_it_0309_115011,60.0,0.0062198724926139,1.3099,4.928,,1.2597469091415403,0.000118,,,,,,
sft_esm3_mlp_thinking_qwen3_8b_it_0309_115011,70.0,0.0072565179080495,1.3004,4.6509,,1.6564794778823853,0.000138,,,,,,
sft_esm3_mlp_thinking_qwen3_8b_it_0309_115011,80.0,0.0082931633234852,1.1911,4.3504,,1.8595935106277464,0.000158,,,,,,
sft_esm3_mlp_thinking_qwen3_8b_it_0309_115011,90.0,0.0093298087389208,1.1986,4.2773,,1.1554720401763916,0.000178,,,,,,
sft_esm3_mlp_thinking_qwen3_8b_it_0309_115011,100.0,0.0103664541543565,1.1849,4.0657,,2.3487679958343506,0.000198,,,,,,
sft_esm3_mlp_thinking_qwen3_8b_it_0309_115011,110.0,0.0114030995697921,1.0711,3.8439,,1.6249364614486694,0.0001999999519454,,,,,,
sft_esm3_mlp_thinking_qwen3_8b_it_0309_115011,120.0,0.0124397449852278,1.0281,3.8491,,1.4116296768188477,0.0001999997858312,,,,,,
sft_esm3_mlp_thinking_qwen3_8b_it_0309_115011,130.0,0.0134763904006634,1.0558,3.527,,1.6062469482421875,0.000199999501064,,,,,,
sft_esm3_mlp_thinking_qwen3_8b_it_0309_115011,140.0,0.0145130358160991,1.0166,3.5858,,1.6598185300827026,0.0001999990976444,,,,,,
sft_esm3_mlp_thinking_qwen3_8b_it_0309_115011,150.0,0.0155496812315347,0.9589,3.4265,,1.5985668897628784,0.0001999985755728,,,,,,
sft_esm3_mlp_thinking_qwen3_8b_it_0309_115011,160.0,0.0165863266469704,0.9475,3.2414,,1.6490046977996826,0.0001999979348497,,,,,,
sft_esm3_mlp_thinking_qwen3_8b_it_0309_115011,170.0,0.017622972062406,0.9771,3.2927,,1.6970088481903076,0.000199997175476,,,,,,
sft_esm3_mlp_thinking_qwen3_8b_it_0309_115011,180.0,0.0186596174778417,1.0517,3.2818,,1.9622541666030884,0.0001999962974526,,,,,,
sft_esm3_mlp_thinking_qwen3_8b_it_0309_115011,190.0,0.0196962628932773,0.8372,3.0705,,1.785292625427246,0.0001999953007804,,,,,,
sft_esm3_mlp_thinking_qwen3_8b_it_0309_115011,200.0,0.020732908308713,0.9406,3.1368,,2.032398462295532,0.0001999941854608,,,,,,
sft_esm3_mlp_thinking_qwen3_8b_it_0309_115011,210.0,0.0217695537241486,0.9325,3.0429,,1.7103289365768433,0.0001999929514949,,,,,,
sft_esm3_mlp_thinking_qwen3_8b_it_0309_115011,220.0,0.0228061991395843,0.8304,2.9751,,1.763675332069397,0.0001999915988843,,,,,,
sft_esm3_mlp_thinking_qwen3_8b_it_0309_115011,230.0,0.0238428445550199,0.9379,3.0292,,1.7421860694885254,0.0001999901276306,,,,,,
sft_esm3_mlp_thinking_qwen3_8b_it_0309_115011,240.0,0.0248794899704556,0.7413,2.8083,,1.9089879989624023,0.0001999885377355,,,,,,
sft_esm3_mlp_thinking_qwen3_8b_it_0309_115011,250.0,0.0259161353858912,0.8638,2.9524,,1.8586214780807493,0.0001999868292009,,,,,,
sft_esm3_mlp_thinking_qwen3_8b_it_0309_115011,250.0,0.0259161353858912,0.9815,,0.7283903956413269,,,,,,,,
sft_esm3_mlp_thinking_qwen3_8b_it_0309_115011,260.0,0.0269527808013269,0.8663,2.9221,,1.5092830657958984,0.0001999850020288,,,,,,
sft_esm3_mlp_thinking_qwen3_8b_it_0309_115011,270.0,0.0279894262167625,0.7565,2.7655,,1.8638235330581665,0.0001999830562215,,,,,,
sft_esm3_mlp_thinking_qwen3_8b_it_0309_115011,280.0,0.0290260716321982,0.8513,2.7641,,1.5871076583862305,0.0001999809917811,,,,,,
sft_esm3_mlp_thinking_qwen3_8b_it_0309_115011,290.0,0.0300627170476338,0.7146,2.664,,1.86000657081604,0.0001999788087102,,,,,,
sft_esm3_mlp_thinking_qwen3_8b_it_0309_115011,300.0,0.0310993624630695,0.8581,2.8242,,1.8971779346466064,0.0001999765070114,,,,,,
sft_esm3_mlp_thinking_qwen3_8b_it_0309_115011,310.0,0.0321360078785051,0.8947,2.7821,,1.708448052406311,0.0001999740866873,,,,,,
sft_esm3_mlp_thinking_qwen3_8b_it_0309_115011,320.0,0.0331726532939408,0.7167,2.5662,,1.7718291282653809,0.0001999715477409,,,,,,
sft_esm3_mlp_thinking_qwen3_8b_it_0309_115011,330.0,0.0342092987093764,0.857,2.6811,,1.9089165925979612,0.0001999688901751,,,,,,
sft_esm3_mlp_thinking_qwen3_8b_it_0309_115011,340.0,0.0352459441248121,0.7864,2.7118,,1.3868979215621948,0.0001999661139932,,,,,,
sft_esm3_mlp_thinking_qwen3_8b_it_0309_115011,350.0,0.0362825895402477,0.7817,2.5662,,1.5989271402359009,0.0001999632191983,,,,,,
sft_esm3_mlp_thinking_qwen3_8b_it_0309_115011,360.0,0.0373192349556834,0.8386,2.7032,,1.5566775798797607,0.0001999602057941,,,,,,
sft_esm3_mlp_thinking_qwen3_8b_it_0309_115011,370.0,0.038355880371119,0.6503,2.5456,,1.7936657667160034,0.0001999570737839,,,,,,
sft_esm3_mlp_thinking_qwen3_8b_it_0309_115011,380.0,0.0393925257865547,0.8122,2.6202,,2.055783271789551,0.0001999538231716,,,,,,
sft_esm3_mlp_thinking_qwen3_8b_it_0309_115011,390.0,0.0404291712019903,0.8242,2.5365,,1.8732026815414429,0.0001999504539609,,,,,,
sft_esm3_mlp_thinking_qwen3_8b_it_0309_115011,400.0,0.041465816617426,0.6989,2.5279,,1.641407132148743,0.000199946966156,,,,,,
sft_esm3_mlp_thinking_qwen3_8b_it_0309_115011,410.0,0.0425024620328616,0.7877,2.5968,,1.4338245391845703,0.0001999433597609,,,,,,
sft_esm3_mlp_thinking_qwen3_8b_it_0309_115011,420.0,0.0435391074482973,0.8212,2.4318,,1.8031156063079836,0.0001999396347799,,,,,,
sft_esm3_mlp_thinking_qwen3_8b_it_0309_115011,430.0,0.0445757528637329,0.7372,2.567,,1.8317577838897705,0.0001999357912174,,,,,,
sft_esm3_mlp_thinking_qwen3_8b_it_0309_115011,440.0,0.0456123982791686,0.8424,2.4681,,1.313263773918152,0.0001999318290781,,,,,,
sft_esm3_mlp_thinking_qwen3_8b_it_0309_115011,450.0,0.0466490436946042,0.6749,2.4162,,1.778378129005432,0.0001999277483665,,,,,,
sft_esm3_mlp_thinking_qwen3_8b_it_0309_115011,460.0,0.0476856891100399,0.8253,2.4692,,1.7178584337234497,0.0001999235490875,,,,,,
sft_esm3_mlp_thinking_qwen3_8b_it_0309_115011,470.0,0.0487223345254755,0.7705,2.4149,,1.3842302560806274,0.0001999192312462,,,,,,
sft_esm3_mlp_thinking_qwen3_8b_it_0309_115011,480.0,0.0497589799409112,0.6694,2.4291,,1.5998705625534058,0.0001999147948476,,,,,,
sft_esm3_mlp_thinking_qwen3_8b_it_0309_115011,490.0,0.0507956253563468,0.8001,2.4671,,1.39662766456604,0.000199910239897,,,,,,
sft_esm3_mlp_thinking_qwen3_8b_it_0309_115011,500.0,0.0518322707717825,0.6338,2.2668,,1.641344428062439,0.0001999055663998,,,,,,
sft_esm3_mlp_thinking_qwen3_8b_it_0309_115011,500.0,0.0518322707717825,0.8302,,0.6131405234336853,,,,,,,,
sft_text_combined_qwen3_8b_it_0307_190324,10.0,0.0010366454154356,4.0729,17.1964,,7.169853210449219,1.8e-05,,,,,,
sft_text_combined_qwen3_8b_it_0307_190324,20.0,0.0020732908308713,3.7479,16.6517,,6.18733024597168,3.8e-05,,,,,,
sft_text_combined_qwen3_8b_it_0307_190324,30.0,0.0031099362463069,3.3791,13.305,,4.102871894836426,5.8e-05,,,,,,
sft_text_combined_qwen3_8b_it_0307_190324,40.0,0.0041465816617426,2.9037,11.3551,,1.6477311849594116,7.800000000000001e-05,,,,,,
sft_text_combined_qwen3_8b_it_0307_190324,50.0,0.0051832270771782,2.7213,10.274,,1.1027538776397705,9.8e-05,,,,,,
sft_text_combined_qwen3_8b_it_0307_190324,60.0,0.0062198724926139,2.7255,10.574,,0.7458454370498657,0.000118,,,,,,
sft_text_combined_qwen3_8b_it_0307_190324,70.0,0.0072565179080495,2.6351,9.97,,1.0829143524169922,0.000138,,,,,,
sft_text_combined_qwen3_8b_it_0307_190324,80.0,0.0082931633234852,2.5764,9.6621,,1.0350470542907717,0.000158,,,,,,
sft_text_combined_qwen3_8b_it_0307_190324,90.0,0.0093298087389208,2.5944,9.9484,,0.620111346244812,0.000178,,,,,,
sft_text_combined_qwen3_8b_it_0307_190324,100.0,0.0103664541543565,2.4467,9.3881,,1.76832115650177,0.000198,,,,,,
sft_text_combined_qwen3_8b_it_0307_190324,110.0,0.0114030995697921,2.4382,9.492,,1.0051252841949463,0.0001999995614484,,,,,,
sft_text_combined_qwen3_8b_it_0307_190324,120.0,0.0124397449852278,2.4686,9.5065,,0.7698554396629333,0.0001999980454729,,,,,,
sft_text_combined_qwen3_8b_it_0307_190324,130.0,0.0134763904006634,2.4428,8.9783,,1.3647401332855225,0.0001999954466754,,,,,,
sft_text_combined_qwen3_8b_it_0307_190324,140.0,0.0145130358160991,2.4572,9.5026,,0.9544012546539308,0.0001999917650842,,,,,,
sft_text_combined_qwen3_8b_it_0307_190324,150.0,0.0155496812315347,2.4162,9.1818,,1.166762113571167,0.0001999870007392,,,,,,
sft_text_combined_qwen3_8b_it_0307_190324,160.0,0.0165863266469704,2.3682,9.0186,,1.5427048206329346,0.0001999811536919,,,,,,
sft_text_combined_qwen3_8b_it_0307_190324,170.0,0.017622972062406,2.3795,9.2984,,0.9876048564910888,0.0001999742240056,,,,,,
sft_text_combined_qwen3_8b_it_0307_190324,180.0,0.0186596174778417,2.346,9.0741,,1.2824398279190063,0.0001999662117554,,,,,,
sft_text_combined_qwen3_8b_it_0307_190324,190.0,0.0196962628932773,2.3562,8.9028,,1.4058070182800293,0.000199957117028,,,,,,
sft_text_combined_qwen3_8b_it_0307_190324,200.0,0.020732908308713,2.3561,9.0769,,1.007620930671692,0.000199946939922,,,,,,
sft_text_combined_qwen3_8b_it_0307_190324,210.0,0.0217695537241486,2.3136,8.7485,,1.2424463033676147,0.0001999356805474,,,,,,
sft_text_combined_qwen3_8b_it_0307_190324,220.0,0.0228061991395843,2.3057,9.0555,,1.0822560787200928,0.0001999233390264,,,,,,
sft_text_combined_qwen3_8b_it_0307_190324,230.0,0.0238428445550199,2.2802,8.9989,,1.4379175901412964,0.0001999099154923,,,,,,
sft_text_combined_qwen3_8b_it_0307_190324,240.0,0.0248794899704556,2.2815,8.7625,,1.3558471202850342,0.0001998954100908,,,,,,
sft_text_combined_qwen3_8b_it_0307_190324,250.0,0.0259161353858912,2.2793,9.0018,,1.1371023654937744,0.0001998798229787,,,,,,
sft_text_combined_qwen3_8b_it_0307_190324,250.0,0.0259161353858912,2.0772,,1.85293710231781,,,,,,,,
sft_text_combined_qwen3_8b_it_0307_190324,260.0,0.0269527808013269,2.3106,8.8045,,1.8021085262298584,0.0001998631543249,,,,,,
sft_text_combined_qwen3_8b_it_0307_190324,270.0,0.0279894262167625,2.4029,8.9295,,1.0205776691436768,0.0001998454043099,,,,,,
sft_text_combined_qwen3_8b_it_0307_190324,280.0,0.0290260716321982,2.3171,8.8666,,1.1330748796463013,0.0001998265731259,,,,,,
sft_text_combined_qwen3_8b_it_0307_190324,290.0,0.0300627170476338,2.2748,8.4808,,1.847750544548035,0.0001998066609769,,,,,,
sft_text_combined_qwen3_8b_it_0307_190324,300.0,0.0310993624630695,2.3603,9.0374,,1.2746777534484863,0.0001997856680783,,,,,,
sft_text_combined_qwen3_8b_it_0307_190324,310.0,0.0321360078785051,2.3418,8.7083,,1.566805720329285,0.0001997635946576,,,,,,
sft_text_combined_qwen3_8b_it_0307_190324,320.0,0.0331726532939408,2.3051,8.717,,1.2839436531066897,0.0001997404409537,,,,,,
sft_text_combined_qwen3_8b_it_0307_190324,330.0,0.0342092987093764,2.2885,8.7722,,1.0076192617416382,0.0001997162072174,,,,,,
sft_text_combined_qwen3_8b_it_0307_190324,340.0,0.0352459441248121,2.2818,8.5178,,1.2223724126815796,0.0001996908937111,,,,,,
sft_text_combined_qwen3_8b_it_0307_190324,350.0,0.0362825895402477,2.3418,8.8626,,1.105662822723389,0.0001996645007089,,,,,,
sft_text_combined_qwen3_8b_it_0307_190324,360.0,0.0373192349556834,2.2059,8.6508,,1.6387593746185305,0.0001996370284966,,,,,,
sft_text_combined_qwen3_8b_it_0307_190324,370.0,0.038355880371119,2.2324,8.4994,,1.2008614540100098,0.0001996084773717,,,,,,
sft_text_combined_qwen3_8b_it_0307_190324,380.0,0.0393925257865547,2.2961,8.6819,,1.3639768362045288,0.0001995788476433,,,,,,
sft_text_combined_qwen3_8b_it_0307_190324,390.0,0.0404291712019903,2.2828,8.4056,,1.1609957218170166,0.0001995481396323,,,,,,
sft_text_combined_qwen3_8b_it_0307_190324,400.0,0.041465816617426,2.2465,8.7241,,1.25165593624115,0.0001995163536711,,,,,,
sft_text_combined_qwen3_8b_it_0307_190324,410.0,0.0425024620328616,2.2437,8.5556,,1.1360477209091189,0.0001994834901041,,,,,,
sft_text_combined_qwen3_8b_it_0307_190324,420.0,0.0435391074482973,2.2322,8.401,,1.4484821557998655,0.0001994495492871,,,,,,
sft_text_combined_qwen3_8b_it_0307_190324,430.0,0.0445757528637329,2.2423,8.6836,,1.1895751953125,0.0001994145315875,,,,,,
sft_text_combined_qwen3_8b_it_0307_190324,440.0,0.0456123982791686,2.1526,8.493,,1.211780667304993,0.0001993784373846,,,,,,
sft_text_combined_qwen3_8b_it_0307_190324,450.0,0.0466490436946042,2.211,8.4951,,1.438618779182434,0.0001993412670692,,,,,,
sft_text_combined_qwen3_8b_it_0307_190324,460.0,0.0476856891100399,2.3031,8.6689,,1.0634413957595823,0.0001993030210438,,,,,,
sft_text_combined_qwen3_8b_it_0307_190324,470.0,0.0487223345254755,2.1452,8.1978,,1.1742722988128662,0.0001992636997225,,,,,,
sft_text_combined_qwen3_8b_it_0307_190324,480.0,0.0497589799409112,2.2604,8.6987,,1.5168960094451904,0.0001992233035312,,,,,,
sft_text_combined_qwen3_8b_it_0307_190324,490.0,0.0507956253563468,2.1503,8.4855,,1.1797083616256714,0.0001991818329073,,,,,,
sft_text_combined_qwen3_8b_it_0307_190324,500.0,0.0518322707717825,2.1775,8.3883,,1.7765285968780518,0.0001991392882998,,,,,,
sft_text_combined_qwen3_8b_it_0307_190324,500.0,0.0518322707717825,1.9575,,1.7633960247039795,,,,,,,,
sft_text_combined_qwen3_8b_it_0307_190324,510.0,0.0528689161872181,2.2198,8.6218,,1.152798771858215,0.0001990956701694,,,,,,
sft_text_combined_qwen3_8b_it_0307_190324,520.0,0.0539055616026538,2.2356,8.2612,,1.2067979574203491,0.0001990509789884,,,,,,
sft_text_combined_qwen3_8b_it_0307_190324,530.0,0.0549422070180894,2.1631,8.5014,,1.2544238567352295,0.0001990052152408,,,,,,
sft_text_combined_qwen3_8b_it_0307_190324,540.0,0.0559788524335251,2.2144,8.4694,,1.1474765539169312,0.0001989583794221,,,,,,
sft_text_combined_qwen3_8b_it_0307_190324,550.0,0.0570154978489607,2.1163,8.2497,,1.653949737548828,0.0001989104720396,,,,,,
sft_text_combined_qwen3_8b_it_0307_190324,560.0,0.0580521432643964,2.2357,8.6775,,1.3955659866333008,0.0001988614936118,,,,,,
sft_text_combined_qwen3_8b_it_0307_190324,570.0,0.059088788679832,2.2169,8.3543,,1.554640769958496,0.0001988114446692,,,,,,
sft_text_combined_qwen3_8b_it_0307_190324,580.0,0.0601254340952677,2.1564,8.3836,,1.6393170356750488,0.0001987603257539,,,,,,
sft_text_combined_qwen3_8b_it_0307_190324,590.0,0.0611620795107033,2.3684,8.6176,,1.050593376159668,0.0001987081374191,,,,,,
sft_text_combined_qwen3_8b_it_0307_190324,600.0,0.062198724926139,2.1925,8.3055,,1.4498716592788696,0.0001986548802302,,,,,,
sft_text_combined_qwen3_8b_it_0307_190324,610.0,0.0632353703415746,2.2096,8.4917,,1.1971149444580078,0.0001986005547638,,,,,,
sft_text_combined_qwen3_8b_it_0307_190324,620.0,0.0642720157570103,2.2292,8.4739,,2.3925704956054688,0.0001985451616082,,,,,,
sft_text_combined_qwen3_8b_it_0307_190324,630.0,0.0653086611724459,2.159,8.1557,,1.642911434173584,0.0001984887013631,,,,,,
sft_text_combined_qwen3_8b_it_0307_190324,640.0,0.0663453065878816,2.2992,8.5492,,1.2410845756530762,0.00019843117464,,,,,,
sft_text_combined_qwen3_8b_it_0307_190324,650.0,0.0673819520033172,2.1455,8.201,,1.2294259071350098,0.0001983725820618,,,,,,
sft_text_combined_qwen3_8b_it_0307_190324,660.0,0.0684185974187529,2.1602,8.4951,,1.997286558151245,0.0001983129242629,,,,,,
sft_text_combined_qwen3_8b_it_0307_190324,670.0,0.0694552428341885,2.1662,8.4942,,1.2133995294570925,0.0001982522018893,,,,,,
sft_text_combined_qwen3_8b_it_0307_190324,680.0,0.0704918882496242,2.0636,7.9692,,1.5572608709335327,0.0001981904155987,,,,,,
sft_text_combined_qwen3_8b_it_0307_190324,690.0,0.0715285336650598,2.1988,8.4392,,1.4008268117904663,0.0001981275660599,,,,,,
sft_text_combined_qwen3_8b_it_0307_190324,700.0,0.0725651790804955,2.1618,8.223,,1.31675124168396,0.0001980636539536,,,,,,
sft_text_combined_qwen3_8b_it_0307_190324,710.0,0.0736018244959311,2.0847,8.1262,,1.9297070503234863,0.0001979986799719,,,,,,
sft_text_combined_qwen3_8b_it_0307_190324,720.0,0.0746384699113668,2.3187,8.5735,,1.1212780475616455,0.0001979326448183,,,,,,
sft_text_combined_qwen3_8b_it_0307_190324,730.0,0.0756751153268024,2.1601,8.0992,,1.1776535511016846,0.0001978655492079,,,,,,
sft_text_combined_qwen3_8b_it_0307_190324,740.0,0.0767117607422381,2.1415,8.3337,,1.346962809562683,0.0001977973938672,,,,,,
sft_text_combined_qwen3_8b_it_0307_190324,750.0,0.0777484061576737,2.1442,8.344,,1.223327398300171,0.0001977281795342,,,,,,
sft_text_combined_qwen3_8b_it_0307_190324,750.0,0.0777484061576737,1.9298,,1.718669056892395,,,,,,,,
sft_text_combined_qwen3_8b_it_0307_190324,760.0,0.0787850515731094,2.1088,7.8894,,2.1169676780700684,0.0001976579069584,,,,,,
sft_text_combined_qwen3_8b_it_0307_190324,770.0,0.079821696988545,2.2393,8.4727,,1.5935362577438354,0.0001975865769008,,,,,,
sft_text_combined_qwen3_8b_it_0307_190324,780.0,0.0808583424039807,2.2024,8.1237,,1.2248367071151731,0.0001975141901338,,,,,,
sft_text_combined_qwen3_8b_it_0307_190324,790.0,0.0818949878194163,2.193,8.2475,,2.2108638286590576,0.0001974407474411,,,,,,
sft_text_combined_qwen3_8b_it_0307_190324,800.0,0.082931633234852,2.175,8.3837,,1.401107668876648,0.000197366249618,,,,,,
sft_text_combined_qwen3_8b_it_0307_190324,810.0,0.0839682786502876,2.1571,7.9186,,1.4550541639328003,0.0001972906974713,,,,,,
sft_text_combined_qwen3_8b_it_0307_190324,820.0,0.0850049240657233,2.2211,8.4664,,1.6110572814941406,0.0001972140918191,,,,,,
sft_text_combined_qwen3_8b_it_0307_190324,830.0,0.0860415694811589,2.2579,8.0925,,1.4147286415100098,0.0001971364334909,,,,,,
sft_text_combined_qwen3_8b_it_0307_190324,840.0,0.0870782148965946,2.0704,8.0975,,1.8844836950302124,0.0001970577233275,,,,,,
sft_text_combined_qwen3_8b_it_0307_190324,850.0,0.0881148603120302,2.2357,8.4348,,1.2117499113082886,0.0001969779621813,,,,,,
sft_text_combined_qwen3_8b_it_0307_190324,860.0,0.0891515057274659,2.1864,8.0235,,1.4694106578826904,0.0001968971509161,,,,,,
sft_text_combined_qwen3_8b_it_0307_190324,870.0,0.0901881511429015,2.1475,8.1209,,1.7991714477539062,0.0001968152904067,,,,,,
sft_text_combined_qwen3_8b_it_0307_190324,880.0,0.0912247965583372,2.1098,8.2047,,1.1367385387420654,0.0001967323815398,,,,,,
sft_text_combined_qwen3_8b_it_0307_190324,890.0,0.0922614419737728,2.1023,7.8774,,2.024309635162353,0.000196648425213,,,,,,
sft_text_combined_qwen3_8b_it_0307_190324,900.0,0.0932980873892085,2.0938,8.5118,,1.4223670959472656,0.0001965634223354,,,,,,
sft_text_combined_qwen3_8b_it_0307_190324,910.0,0.0943347328046441,2.1335,8.1169,,1.2415783405303955,0.0001964773738275,,,,,,
sft_text_combined_qwen3_8b_it_0307_190324,920.0,0.0953713782200798,2.0697,8.0895,,2.028483867645264,0.0001963902806212,,,,,,
sft_text_combined_qwen3_8b_it_0307_190324,930.0,0.0964080236355154,2.1523,8.2586,,1.2240564823150637,0.0001963021436593,,,,,,
sft_text_combined_qwen3_8b_it_0307_190324,940.0,0.0974446690509511,2.1921,7.9123,,1.2652270793914795,0.0001962129638965,,,,,,
sft_text_combined_qwen3_8b_it_0307_190324,950.0,0.0984813144663867,2.1394,8.2298,,1.662875056266785,0.0001961227422982,,,,,,
sft_text_combined_qwen3_8b_it_0307_190324,960.0,0.0995179598818224,2.2616,8.1124,,1.161049723625183,0.0001960314798415,,,,,,
sft_text_combined_qwen3_8b_it_0307_190324,970.0,0.100554605297258,2.1658,7.9785,,2.926975727081299,0.0001959391775146,,,,,,
sft_text_combined_qwen3_8b_it_0307_190324,980.0,0.1015912507126937,2.0679,8.2471,,1.290885329246521,0.0001958458363171,,,,,,
sft_text_combined_qwen3_8b_it_0307_190324,990.0,0.1026278961281293,2.1185,7.9796,,1.73765766620636,0.0001957514572595,,,,,,
sft_text_combined_qwen3_8b_it_0307_190324,1000.0,0.103664541543565,2.2098,8.1424,,1.7617825269699097,0.000195656041364,,,,,,
sft_text_combined_qwen3_8b_it_0307_190324,1000.0,0.103664541543565,1.8782,,1.6713472604751587,,,,,,,,
sft_text_combined_qwen3_8b_it_0307_190324,1010.0,0.1047011869590006,2.1797,8.1071,,1.4239003658294678,0.0001955595896637,,,,,,
sft_text_combined_qwen3_8b_it_0307_190324,1020.0,0.1057378323744363,2.1645,7.8479,,1.4365804195404053,0.000195462103203,,,,,,
sft_text_combined_qwen3_8b_it_0307_190324,1030.0,0.1067744777898719,2.1541,8.211,,1.9470622539520264,0.0001953635830376,,,,,,
sft_text_combined_qwen3_8b_it_0307_190324,1040.0,0.1078111232053076,2.1478,8.0019,,1.1655118465423584,0.0001952640302342,,,,,,
sft_text_combined_qwen3_8b_it_0307_190324,1050.0,0.1088477686207432,2.1449,7.9065,,2.110968589782715,0.000195163445871,,,,,,
sft_text_combined_qwen3_8b_it_0307_190324,1060.0,0.1098844140361789,2.1556,8.1235,,1.243492841720581,0.000195061831037,,,,,,
sft_text_combined_qwen3_8b_it_0307_190324,1070.0,0.1109210594516145,2.0923,7.9131,,2.072361469268799,0.0001949591868325,,,,,,
sft_text_combined_qwen3_8b_it_0307_190324,1080.0,0.1119577048670502,2.134,8.1784,,1.790873646736145,0.0001948555143692,,,,,,
sft_text_combined_qwen3_8b_it_0307_190324,1090.0,0.1129943502824858,2.1269,8.049,,1.8716269731521609,0.0001947508147695,,,,,,
sft_text_combined_qwen3_8b_it_0307_190324,1100.0,0.1140309956979215,2.0289,7.7688,,2.124462604522705,0.0001946450891672,,,,,,
sft_text_combined_qwen3_8b_it_0307_190324,1110.0,0.1150676411133571,2.0995,8.2141,,1.7613006830215454,0.0001945383387071,,,,,,
sft_text_combined_qwen3_8b_it_0307_190324,1120.0,0.1161042865287928,2.1458,7.956,,1.1794339418411257,0.0001944305645453,,,,,,
sft_text_combined_qwen3_8b_it_0307_190324,1130.0,0.1171409319442284,2.0514,7.882,,2.6509227752685547,0.0001943217678486,,,,,,
sft_text_combined_qwen3_8b_it_0307_190324,1140.0,0.1181775773596641,2.084,8.061,,1.4617974758148191,0.0001942119497952,,,,,,
sft_text_combined_qwen3_8b_it_0307_190324,1150.0,0.1192142227750997,2.0615,7.9638,,1.4283939599990845,0.0001941011115743,,,,,,
sft_text_combined_qwen3_8b_it_0307_190324,1160.0,0.1202508681905354,2.1771,8.2133,,1.9822012186050413,0.0001939892543861,,,,,,
sft_text_combined_qwen3_8b_it_0307_190324,1170.0,0.121287513605971,2.1988,7.9276,,2.002692699432373,0.0001938763794418,,,,,,
sft_text_combined_qwen3_8b_it_0307_190324,1180.0,0.1223241590214067,2.0525,7.7354,,1.92503821849823,0.0001937624879636,,,,,,
sft_text_combined_qwen3_8b_it_0307_190324,1190.0,0.1233608044368423,2.142,8.2053,,1.5769352912902832,0.0001936475811848,,,,,,
sft_text_combined_qwen3_8b_it_0307_190324,1200.0,0.124397449852278,2.1168,7.9381,,1.7321466207504272,0.0001935316603498,,,,,,
sft_text_combined_qwen3_8b_it_0307_190324,1210.0,0.1254340952677136,2.0805,7.851,,2.109225988388061,0.0001934147267137,,,,,,
sft_text_combined_qwen3_8b_it_0307_190324,1220.0,0.1264707406831493,2.1102,8.1086,,1.5255978107452393,0.0001932967815427,,,,,,
sft_text_combined_qwen3_8b_it_0307_190324,1230.0,0.1275073860985849,2.1261,7.8416,,1.874374270439148,0.000193177826114,,,,,,
sft_text_combined_qwen3_8b_it_0307_190324,1240.0,0.1285440315140206,2.0713,8.025,,1.866580605506897,0.0001930578617157,,,,,,
sft_text_combined_qwen3_8b_it_0307_190324,1250.0,0.1295806769294562,2.0937,7.8124,,1.7334264516830444,0.0001929368896468,,,,,,
sft_text_combined_qwen3_8b_it_0307_190324,1250.0,0.1295806769294562,1.8711,,1.6309316158294678,,,,,,,,
sft_text_combined_qwen3_8b_it_0307_190324,1260.0,0.1306173223448919,2.012,7.6321,,2.565756320953369,0.0001928149112173,,,,,,
sft_text_combined_qwen3_8b_it_0307_190324,1270.0,0.1316539677603276,2.1046,8.2058,,1.5168046951293943,0.000192691927748,,,,,,
sft_text_combined_qwen3_8b_it_0307_190324,1280.0,0.1326906131757632,2.177,7.8607,,1.5186165571212769,0.0001925679405706,,,,,,
sft_text_combined_qwen3_8b_it_0307_190324,1290.0,0.1337272585911988,1.9595,7.7245,,2.07321572303772,0.0001924429510277,,,,,,
sft_text_combined_qwen3_8b_it_0307_190324,1300.0,0.1347639040066345,2.1941,8.1269,,1.2393474578857422,0.0001923169604727,,,,,,
sft_text_combined_qwen3_8b_it_0307_190324,1310.0,0.1358005494220701,1.9661,7.6834,,1.4328498840332031,0.00019218997027,,,,,,
sft_text_combined_qwen3_8b_it_0307_190324,1320.0,0.1368371948375058,2.0705,8.0779,,1.644538164138794,0.0001920619817945,,,,,,
sft_text_combined_qwen3_8b_it_0307_190324,1330.0,0.1378738402529414,2.154,7.9017,,1.7214999198913574,0.0001919329964324,,,,,,
sft_text_combined_qwen3_8b_it_0307_190324,1340.0,0.1389104856683771,2.0041,7.6934,,2.0620713233947754,0.0001918030155801,,,,,,
sft_text_combined_qwen3_8b_it_0307_190324,1350.0,0.1399471310838128,2.1289,8.103,,1.4870080947875977,0.0001916720406454,,,,,,
sft_text_combined_qwen3_8b_it_0307_190324,1360.0,0.1409837764992484,2.091,7.6823,,2.596298933029175,0.0001915400730463,,,,,,
sft_text_combined_qwen3_8b_it_0307_190324,1370.0,0.1420204219146841,2.0522,7.9375,,2.2393202781677246,0.0001914071142119,,,,,,
sft_text_combined_qwen3_8b_it_0307_190324,1380.0,0.1430570673301197,2.0255,7.8966,,1.947359919548035,0.0001912731655819,,,,,,
sft_text_combined_qwen3_8b_it_0307_190324,1390.0,0.1440937127455553,2.008,7.5856,,1.785930871963501,0.0001911382286068,,,,,,
sft_text_combined_qwen3_8b_it_0307_190324,1400.0,0.145130358160991,2.0991,7.9247,,1.655924677848816,0.0001910023047477,,,,,,
sft_text_combined_qwen3_8b_it_0307_190324,1410.0,0.1461670035764266,1.9634,7.7511,,1.494815468788147,0.0001908653954766,,,,,,
sft_text_combined_qwen3_8b_it_0307_190324,1420.0,0.1472036489918623,1.9976,7.6667,,2.189906597137451,0.0001907275022758,,,,,,
sft_text_combined_qwen3_8b_it_0307_190324,1430.0,0.148240294407298,2.0232,7.867,,1.585734248161316,0.0001905886266385,,,,,,
sft_text_combined_qwen3_8b_it_0307_190324,1440.0,0.1492769398227336,2.0416,7.5492,,1.4976873397827148,0.0001904487700687,,,,,,
sft_text_combined_qwen3_8b_it_0307_190324,1450.0,0.1503135852381693,2.1581,8.0005,,1.862475872039795,0.0001903079340806,,,,,,
sft_text_combined_qwen3_8b_it_0307_190324,1460.0,0.1513502306536049,2.0119,7.9308,,1.5488334894180298,0.0001901661201994,,,,,,
sft_text_combined_qwen3_8b_it_0307_190324,1470.0,0.1523868760690405,2.0113,7.4983,,2.028022289276123,0.0001900233299606,,,,,,
sft_text_combined_qwen3_8b_it_0307_190324,1480.0,0.1534235214844762,2.1508,8.0103,,1.8041776418685915,0.0001898795649104,,,,,,
sft_text_combined_qwen3_8b_it_0307_190324,1490.0,0.1544601668999118,2.0789,7.6832,,1.7603402137756348,0.0001897348266056,,,,,,
sft_text_combined_qwen3_8b_it_0307_190324,1500.0,0.1554968123153475,1.9956,7.6823,,1.9897160530090328,0.0001895891166135,,,,,,
sft_text_combined_qwen3_8b_it_0307_190324,1500.0,0.1554968123153475,1.7802,,1.5936216115951538,,,,,,,,
sft_text_combined_qwen3_8b_it_0307_190324,1510.0,0.1565334577307832,2.072,7.8467,,1.6850945949554443,0.0001894424365119,,,,,,
sft_text_combined_qwen3_8b_it_0307_190324,1520.0,0.1575701031462188,2.0104,7.4961,,1.7363251447677612,0.0001892947878891,,,,,,
sft_text_combined_qwen3_8b_it_0307_190324,1530.0,0.1586067485616545,2.1365,7.9016,,1.937761664390564,0.0001891461723439,,,,,,
sft_text_combined_qwen3_8b_it_0307_190324,1540.0,0.1596433939770901,2.0406,7.9208,,1.3997641801834106,0.0001889965914856,,,,,,
sft_text_combined_qwen3_8b_it_0307_190324,1550.0,0.1606800393925258,1.9786,7.4152,,2.204261541366577,0.0001888460469339,,,,,,
sft_text_combined_qwen3_8b_it_0307_190324,1560.0,0.1617166848079614,2.074,7.9814,,1.5040645599365234,0.0001886945403189,,,,,,
sft_text_combined_qwen3_8b_it_0307_190324,1570.0,0.162753330223397,2.0817,7.5094,,1.5438950061798096,0.0001885420732814,,,,,,
sft_text_combined_qwen3_8b_it_0307_190324,1580.0,0.1637899756388327,2.0885,7.6422,,2.4026381969451904,0.0001883886474721,,,,,,
sft_text_combined_qwen3_8b_it_0307_190324,1590.0,0.1648266210542683,2.0525,7.8778,,1.6284011602401731,0.0001882342645525,,,,,,
sft_text_combined_qwen3_8b_it_0307_190324,1600.0,0.165863266469704,2.0125,7.3343,,1.6616533994674685,0.0001880789261943,,,,,,
sft_text_combined_qwen3_8b_it_0307_190324,1610.0,0.1668999118851397,2.0029,7.9254,,1.9583499431610107,0.0001879226340796,,,,,,
sft_text_combined_qwen3_8b_it_0307_190324,1620.0,0.1679365573005753,1.9998,7.6446,,1.6140022277832031,0.0001877653899008,,,,,,
sft_text_combined_qwen3_8b_it_0307_190324,1630.0,0.168973202716011,1.9495,7.4012,,2.544414758682251,0.0001876071953606,,,,,,
sft_text_combined_qwen3_8b_it_0307_190324,1640.0,0.1700098481314466,2.1176,7.9413,,1.6571224927902222,0.0001874480521719,,,,,,
sft_text_combined_qwen3_8b_it_0307_190324,1650.0,0.1710464935468822,1.9431,7.502,,2.370258092880249,0.0001872879620581,,,,,,
sft_text_combined_qwen3_8b_it_0307_190324,1660.0,0.1720831389623179,2.0083,7.5067,,2.154885768890381,0.0001871269267527,,,,,,
sft_text_combined_qwen3_8b_it_0307_190324,1670.0,0.1731197843777535,2.0275,7.689,,1.5385396480560305,0.0001869649479994,,,,,,
sft_text_combined_qwen3_8b_it_0307_190324,1680.0,0.1741564297931892,1.9467,7.3612,,1.9723851680755613,0.0001868020275523,,,,,,
sft_text_combined_qwen3_8b_it_0307_190324,1690.0,0.1751930752086249,1.9511,7.7619,,2.0261855125427246,0.0001866381671754,,,,,,
sft_text_combined_qwen3_8b_it_0307_190324,1700.0,0.1762297206240605,2.0594,7.6945,,1.4750187397003174,0.0001864733686432,,,,,,
sft_text_combined_qwen3_8b_it_0307_190324,1710.0,0.1772663660394962,2.0194,7.3709,,2.4119715690612797,0.0001863076337401,,,,,,
sft_text_combined_qwen3_8b_it_0307_190324,1720.0,0.1783030114549318,2.0575,7.8606,,1.8647207021713257,0.0001861409642608,,,,,,
sft_text_combined_qwen3_8b_it_0307_190324,1730.0,0.1793396568703675,2.0251,7.4931,,1.1678651571273804,0.0001859733620101,,,,,,
sft_text_combined_qwen3_8b_it_0307_190324,1740.0,0.1803763022858031,2.0688,7.7255,,2.2184903621673584,0.0001858048288028,,,,,,
sft_text_combined_qwen3_8b_it_0307_190324,1750.0,0.1814129477012387,2.1457,7.7063,,1.7582424879074097,0.0001856353664639,,,,,,
sft_text_combined_qwen3_8b_it_0307_190324,1750.0,0.1814129477012387,1.7538,,1.5521990060806274,,,,,,,,
sft_text_combined_qwen3_8b_it_0307_190324,1760.0,0.1824495931166744,1.9588,7.3843,,2.221994638442993,0.0001854649768284,,,,,,
sft_text_combined_qwen3_8b_it_0307_190324,1770.0,0.1834862385321101,1.9521,7.8298,,2.1796517372131348,0.0001852936617414,,,,,,
sft_text_combined_qwen3_8b_it_0307_190324,1780.0,0.1845228839475457,2.0352,7.5433,,1.7952384948730469,0.0001851214230578,,,,,,
sft_text_combined_qwen3_8b_it_0307_190324,1790.0,0.1855595293629814,1.9596,7.3181,,2.2072551250457764,0.0001849482626429,,,,,,
sft_text_combined_qwen3_8b_it_0307_190324,1800.0,0.186596174778417,2.0576,7.715,,1.6094017028808594,0.0001847741823716,,,,,,
sft_text_combined_qwen3_8b_it_0307_190324,1810.0,0.1876328201938527,1.9696,7.3723,,1.6288208961486816,0.000184599184129,,,,,,
sft_text_combined_qwen3_8b_it_0307_190324,1820.0,0.1886694656092883,2.0612,7.7856,,2.0403599739074707,0.00018442326981,,,,,,
sft_text_combined_qwen3_8b_it_0307_190324,1830.0,0.1897061110247239,2.0339,7.5658,,1.6858091354370115,0.0001842464413195,,,,,,
sft_text_combined_qwen3_8b_it_0307_190324,1840.0,0.1907427564401596,1.9516,7.3934,,2.278790235519409,0.0001840687005723,,,,,,
sft_text_combined_qwen3_8b_it_0307_190324,1850.0,0.1917794018555953,1.9979,7.7224,,1.9181843996047971,0.0001838900494931,,,,,,
sft_text_combined_qwen3_8b_it_0307_190324,1860.0,0.1928160472710309,1.9508,7.3223,,1.4239075183868408,0.0001837104900162,,,,,,
sft_text_combined_qwen3_8b_it_0307_190324,1870.0,0.1938526926864666,1.9873,7.6291,,2.2865753173828125,0.0001835300240862,,,,,,
sft_text_combined_qwen3_8b_it_0307_190324,1880.0,0.1948893381019022,2.01,7.6196,,1.8144012689590452,0.0001833486536571,,,,,,
sft_text_combined_qwen3_8b_it_0307_190324,1890.0,0.1959259835173379,1.8347,7.1899,,2.305306196212769,0.0001831663806929,,,,,,
sft_text_combined_qwen3_8b_it_0307_190324,1900.0,0.1969626289327735,2.0158,7.6617,,2.243743658065796,0.0001829832071673,,,,,,
sft_text_combined_qwen3_8b_it_0307_190324,1910.0,0.1979992743482092,2.1017,7.4408,,1.9844070672988887,0.0001827991350639,,,,,,
sft_text_combined_qwen3_8b_it_0307_190324,1920.0,0.1990359197636448,1.9861,7.2173,,2.407841444015503,0.0001826141663758,,,,,,
sft_text_combined_qwen3_8b_it_0307_190324,1930.0,0.2000725651790805,1.9949,7.8054,,1.9546524286270144,0.0001824283031059,,,,,,
sft_text_combined_qwen3_8b_it_0307_190324,1940.0,0.2011092105945161,2.0888,7.3939,,1.8208366632461548,0.0001822415472669,,,,,,
sft_text_combined_qwen3_8b_it_0307_190324,1950.0,0.2021458560099518,1.9464,7.5486,,2.3102948665618896,0.0001820539008811,,,,,,
sft_text_combined_qwen3_8b_it_0307_190324,1960.0,0.2031825014253874,1.9912,7.6301,,1.663408637046814,0.0001818653659802,,,,,,
sft_text_combined_qwen3_8b_it_0307_190324,1970.0,0.2042191468408231,1.9085,7.3337,,1.4921205043792725,0.000181675944606,,,,,,
sft_text_combined_qwen3_8b_it_0307_190324,1980.0,0.2052557922562587,1.9376,7.5336,,2.065881490707397,0.0001814856388095,,,,,,
sft_text_combined_qwen3_8b_it_0307_190324,1990.0,0.2062924376716944,1.9893,7.4369,,2.025841474533081,0.0001812944506514,,,,,,
sft_text_combined_qwen3_8b_it_0307_190324,2000.0,0.20732908308713,1.9035,7.1298,,2.31282901763916,0.000181102382202,,,,,,
sft_text_combined_qwen3_8b_it_0307_190324,2000.0,0.20732908308713,1.7894,,1.5125869512557983,,,,,,,,
sft_text_combined_qwen3_8b_it_0307_190324,2010.0,0.2083657285025656,1.9863,7.6046,,1.884041786193848,0.0001809094355412,,,,,,
sft_text_combined_qwen3_8b_it_0307_190324,2020.0,0.2094023739180013,1.9521,7.2276,,1.926419019699097,0.0001807156127581,,,,,,
sft_text_combined_qwen3_8b_it_0307_190324,2030.0,0.210439019333437,1.9453,7.7202,,2.1046271324157715,0.0001805209159516,,,,,,
sft_text_combined_qwen3_8b_it_0307_190324,2040.0,0.2114756647488726,1.9939,7.4472,,1.879883050918579,0.00018032534723,,,,,,
sft_text_combined_qwen3_8b_it_0307_190324,2050.0,0.2125123101643083,1.9423,7.1698,,2.0634944438934326,0.000180128908711,,,,,,
sft_text_combined_qwen3_8b_it_0307_190324,2060.0,0.2135489555797439,2.0196,7.5958,,2.375135898590088,0.0001799316025217,,,,,,
sft_text_combined_qwen3_8b_it_0307_190324,2070.0,0.2145856009951796,1.9821,7.193,,1.7356626987457275,0.0001797334307986,,,,,,
sft_text_combined_qwen3_8b_it_0307_190324,2080.0,0.2156222464106152,1.97,7.2422,,2.456799030303955,0.0001795343956876,,,,,,
sft_text_combined_qwen3_8b_it_0307_190324,2090.0,0.2166588918260509,1.9507,7.4473,,1.6224552392959597,0.0001793344993439,,,,,,
sft_text_combined_qwen3_8b_it_0307_190324,2100.0,0.2176955372414865,2.0501,7.2775,,1.957708477973938,0.0001791337439321,,,,,,
sft_text_combined_qwen3_8b_it_0307_190324,2110.0,0.2187321826569222,1.9519,7.3863,,2.4422998428344727,0.000178932131626,,,,,,
sft_text_combined_qwen3_8b_it_0307_190324,2120.0,0.2197688280723578,1.9764,7.2915,,1.9620591402053835,0.0001787296646089,,,,,,
sft_text_combined_qwen3_8b_it_0307_190324,2130.0,0.2208054734877935,1.8543,7.1001,,2.2996394634246826,0.0001785263450731,,,,,,
sft_text_combined_qwen3_8b_it_0307_190324,2140.0,0.2218421189032291,2.042,7.5127,,1.8550469875335691,0.0001783221752202,,,,,,
sft_text_combined_qwen3_8b_it_0307_190324,2150.0,0.2228787643186648,1.919,7.3546,,2.137086868286133,0.0001781171572611,,,,,,
sft_text_combined_qwen3_8b_it_0307_190324,2160.0,0.2239154097341004,1.9172,7.3833,,2.241443395614624,0.0001779112934159,,,,,,
sft_text_combined_qwen3_8b_it_0307_190324,2170.0,0.2249520551495361,2.0022,7.4803,,2.0161712169647217,0.0001777045859135,,,,,,
sft_text_combined_qwen3_8b_it_0307_190324,2180.0,0.2259887005649717,1.9111,7.2299,,1.885060429573059,0.0001774970369925,,,,,,
sft_text_combined_qwen3_8b_it_0307_190324,2190.0,0.2270253459804074,2.0202,7.5032,,2.719232082366944,0.0001772886489003,,,,,,
sft_text_combined_qwen3_8b_it_0307_190324,2200.0,0.228061991395843,1.994,7.4003,,1.7336591482162476,0.0001770794238932,,,,,,
sft_text_combined_qwen3_8b_it_0307_190324,2210.0,0.2290986368112787,1.8978,7.0039,,2.796104907989502,0.000176869364237,,,,,,
sft_text_combined_qwen3_8b_it_0307_190324,2220.0,0.2301352822267143,2.0073,7.6266,,2.1894538402557373,0.0001766584722063,,,,,,
sft_text_combined_qwen3_8b_it_0307_190324,2230.0,0.23117192764215,1.9017,7.1614,,1.7276949882507324,0.0001764467500846,,,,,,
sft_text_combined_qwen3_8b_it_0307_190324,2240.0,0.2322085730575856,1.8803,7.2908,,2.483234643936157,0.0001762342001646,,,,,,
sft_text_combined_qwen3_8b_it_0307_190324,2250.0,0.2332452184730213,1.9791,7.4648,,1.9374576807022093,0.0001760208247479,,,,,,
sft_text_combined_qwen3_8b_it_0307_190324,2250.0,0.2332452184730213,1.7594,,1.4990086555480957,,,,,,,,
sft_text_combined_qwen3_8b_it_0307_190324,2260.0,0.2342818638884569,2.0042,7.1627,,2.296198844909668,0.0001758066261449,,,,,,
sft_text_combined_qwen3_8b_it_0307_190324,2270.0,0.2353185093038926,1.994,7.4292,,2.2466790676116943,0.0001755916066752,,,,,,
sft_text_combined_qwen3_8b_it_0307_190324,2280.0,0.2363551547193282,2.0259,7.4061,,2.004810333251953,0.000175375768667,,,,,,
sft_text_combined_qwen3_8b_it_0307_190324,2290.0,0.2373918001347639,1.9309,6.9362,,2.497841119766236,0.0001751591144576,,,,,,
sft_text_combined_qwen3_8b_it_0307_190324,2300.0,0.2384284455501995,2.0213,7.5151,,2.1176412105560303,0.000174941646393,,,,,,
sft_text_combined_qwen3_8b_it_0307_190324,2310.0,0.2394650909656352,2.0126,7.1919,,2.6136934757232666,0.0001747233668279,,,,,,
sft_text_combined_qwen3_8b_it_0307_190324,2320.0,0.2405017363810708,1.9755,7.2996,,2.623213291168213,0.0001745042781261,,,,,,
sft_text_combined_qwen3_8b_it_0307_190324,2330.0,0.2415383817965065,1.9714,7.2763,,1.7637931108474731,0.0001742843826598,,,,,,
sft_text_combined_qwen3_8b_it_0307_190324,2340.0,0.2425750272119421,1.9429,6.9633,,1.8806049823760984,0.0001740636828104,,,,,,
sft_text_combined_qwen3_8b_it_0307_190324,2350.0,0.2436116726273778,1.9595,7.485,,2.2508544921875,0.0001738421809674,,,,,,
sft_text_combined_qwen3_8b_it_0307_190324,2360.0,0.2446483180428134,2.0986,7.2259,,1.6994774341583252,0.0001736198795296,,,,,,
sft_text_combined_qwen3_8b_it_0307_190324,2370.0,0.2456849634582491,1.8573,7.0459,,2.408517837524414,0.000173396780904,,,,,,
sft_text_combined_qwen3_8b_it_0307_190324,2380.0,0.2467216088736847,2.0005,7.4572,,2.0678131580352783,0.0001731728875065,,,,,,
sft_text_combined_qwen3_8b_it_0307_190324,2390.0,0.2477582542891204,1.9209,7.0771,,1.6425588130950928,0.0001729482017615,,,,,,
sft_text_combined_qwen3_8b_it_0307_190324,2400.0,0.248794899704556,1.9122,7.1145,,2.478550672531128,0.0001727227261019,,,,,,
sft_text_combined_qwen3_8b_it_0307_190324,2410.0,0.2498315451199917,1.9819,7.2573,,1.8704251050949097,0.0001724964629694,,,,,,
sft_text_combined_qwen3_8b_it_0307_190324,2420.0,0.2508681905354273,1.884,7.0486,,1.927789807319641,0.000172269414814,,,,,,
sft_text_combined_qwen3_8b_it_0307_190324,2430.0,0.251904835950863,1.9908,7.4862,,2.7166876792907715,0.0001720415840942,,,,,,
sft_text_combined_qwen3_8b_it_0307_190324,2440.0,0.2529414813662987,1.9581,7.1862,,1.722721815109253,0.0001718129732772,,,,,,
sft_text_combined_qwen3_8b_it_0307_190324,2450.0,0.2539781267817343,1.8935,7.115,,2.649181842803955,0.0001715835848384,,,,,,
sft_text_combined_qwen3_8b_it_0307_190324,2460.0,0.2550147721971699,1.9334,7.476,,2.289246797561645,0.0001713534212617,,,,,,
sft_text_combined_qwen3_8b_it_0307_190324,2470.0,0.2560514176126056,1.9349,7.0037,,1.4620671272277832,0.0001711224850395,,,,,,
sft_text_combined_qwen3_8b_it_0307_190324,2480.0,0.2570880630280412,1.9259,7.2926,,2.326743125915528,0.0001708907786724,,,,,,
sft_text_combined_qwen3_8b_it_0307_190324,2490.0,0.2581247084434769,1.9695,7.2609,,1.8809328079223635,0.0001706583046694,,,,,,
sft_text_combined_qwen3_8b_it_0307_190324,2500.0,0.2591613538589125,1.8333,6.8936,,1.947209119796753,0.0001704250655479,,,,,,
sft_text_combined_qwen3_8b_it_0307_190324,2500.0,0.2591613538589125,1.7316,,1.4650936126708984,,,,,,,,
sft_text_combined_qwen3_8b_it_0307_190324,2510.0,0.2601979992743482,1.9996,7.3619,,2.126044750213623,0.0001701910638335,,,,,,
sft_text_combined_qwen3_8b_it_0307_190324,2520.0,0.2612346446897838,1.8648,7.1911,,1.681169033050537,0.00016995630206,,,,,,
sft_text_combined_qwen3_8b_it_0307_190324,2530.0,0.2622712901052195,1.8841,7.0123,,2.5883781909942627,0.0001697207827696,,,,,,
sft_text_combined_qwen3_8b_it_0307_190324,2540.0,0.2633079355206552,1.9992,7.3901,,2.2508468627929688,0.0001694845085126,,,,,,
sft_text_combined_qwen3_8b_it_0307_190324,2550.0,0.2643445809360908,1.9106,7.1533,,1.6902161836624146,0.0001692474818473,,,,,,
sft_text_combined_qwen3_8b_it_0307_190324,2560.0,0.2653812263515264,1.9057,7.0506,,2.6991634368896484,0.0001690097053406,,,,,,
sft_text_combined_qwen3_8b_it_0307_190324,2570.0,0.2664178717669621,1.912,7.256,,2.09622859954834,0.000168771181567,,,,,,
sft_text_combined_qwen3_8b_it_0307_190324,2580.0,0.2674545171823977,1.8441,6.81,,1.988807201385498,0.0001685319131096,,,,,,
sft_text_combined_qwen3_8b_it_0307_190324,2590.0,0.2684911625978334,1.9443,7.2979,,2.46632719039917,0.000168291902559,,,,,,
sft_text_combined_qwen3_8b_it_0307_190324,2600.0,0.2695278080132691,2.0432,7.1427,,1.757106065750122,0.0001680511525144,,,,,,
sft_text_combined_qwen3_8b_it_0307_190324,2610.0,0.2705644534287047,1.8132,6.9618,,2.645703792572021,0.0001678096655825,,,,,,
sft_text_combined_qwen3_8b_it_0307_190324,2620.0,0.2716010988441403,1.8384,7.3336,,2.22189998626709,0.0001675674443785,,,,,,
sft_text_combined_qwen3_8b_it_0307_190324,2630.0,0.272637744259576,1.8913,7.1084,,1.8240879774093628,0.000167324491525,,,,,,
sft_text_combined_qwen3_8b_it_0307_190324,2640.0,0.2736743896750117,1.9011,7.0192,,2.8138277530670166,0.000167080809653,,,,,,
sft_text_combined_qwen3_8b_it_0307_190324,2650.0,0.2747110350904473,1.9345,7.2079,,2.056509256362915,0.0001668364014012,,,,,,
sft_text_combined_qwen3_8b_it_0307_190324,2660.0,0.2757476805058829,1.9176,6.8845,,1.8091328144073489,0.000166591269416,,,,,,
sft_text_combined_qwen3_8b_it_0307_190324,2670.0,0.2767843259213186,1.9778,7.2928,,2.1300649642944336,0.0001663454163518,,,,,,
sft_text_combined_qwen3_8b_it_0307_190324,2680.0,0.2778209713367542,2.0004,7.149,,1.8021491765975952,0.000166098844871,,,,,,
sft_text_combined_qwen3_8b_it_0307_190324,2690.0,0.2788576167521899,1.9894,6.9756,,2.4541494846343994,0.0001658515576434,,,,,,
sft_text_combined_qwen3_8b_it_0307_190324,2700.0,0.2798942621676256,1.9864,7.4309,,2.0570104122161865,0.0001656035573468,,,,,,
sft_text_combined_qwen3_8b_it_0307_190324,2710.0,0.2809309075830612,1.8587,6.9516,,2.1382107734680176,0.0001653548466667,,,,,,
sft_text_combined_qwen3_8b_it_0307_190324,2720.0,0.2819675529984968,1.9334,7.1413,,2.443680763244629,0.0001651054282961,,,,,,
sft_text_combined_qwen3_8b_it_0307_190324,2730.0,0.2830041984139325,1.8878,7.1636,,1.7655370235443115,0.000164855304936,,,,,,
sft_text_combined_qwen3_8b_it_0307_190324,2740.0,0.2840408438293682,1.812,6.8563,,1.923208236694336,0.0001646044792947,,,,,,
sft_text_combined_qwen3_8b_it_0307_190324,2750.0,0.2850774892448038,1.9351,7.2607,,3.0194108486175537,0.0001643529540883,,,,,,
sft_text_combined_qwen3_8b_it_0307_190324,2750.0,0.2850774892448038,1.7605,,1.4315402507781982,,,,,,,,
sft_text_combined_qwen3_8b_it_0307_190324,2760.0,0.2861141346602394,1.8987,6.9213,,2.637693166732788,0.0001641007320404,,,,,,
sft_text_combined_qwen3_8b_it_0307_190324,2770.0,0.2871507800756751,1.8322,6.8257,,2.882331371307373,0.0001638478158822,,,,,,
sft_text_combined_qwen3_8b_it_0307_190324,2780.0,0.2881874254911107,1.9245,7.2653,,2.0279996395111084,0.0001635942083524,,,,,,
sft_text_combined_qwen3_8b_it_0307_190324,2790.0,0.2892240709065464,1.9122,6.8109,,1.976275086402893,0.0001633399121971,,,,,,
sft_text_combined_qwen3_8b_it_0307_190324,2800.0,0.2902607163219821,1.9489,7.2881,,2.832811117172241,0.00016308493017,,,,,,
sft_text_combined_qwen3_8b_it_0307_190324,2810.0,0.2912973617374177,1.9107,7.1192,,1.7952957153320312,0.0001628292650321,,,,,,
sft_text_combined_qwen3_8b_it_0307_190324,2820.0,0.2923340071528533,1.958,6.7399,,2.464994192123413,0.0001625729195519,,,,,,
sft_text_combined_qwen3_8b_it_0307_190324,2830.0,0.293370652568289,1.9118,7.3984,,2.2790706157684326,0.0001623158965052,,,,,,
sft_text_combined_qwen3_8b_it_0307_190324,2840.0,0.2944072979837246,1.8987,6.9786,,2.200037240982056,0.0001620581986751,,,,,,
sft_text_combined_qwen3_8b_it_0307_190324,2850.0,0.2954439433991603,1.8832,6.9848,,2.74957013130188,0.0001617998288522,,,,,,
sft_text_combined_qwen3_8b_it_0307_190324,2860.0,0.296480588814596,1.9774,7.338,,1.8958595991134644,0.0001615407898341,,,,,,
sft_text_combined_qwen3_8b_it_0307_190324,2870.0,0.2975172342300316,1.9031,7.0778,,2.873075246810913,0.0001612810844258,,,,,,
sft_text_combined_qwen3_8b_it_0307_190324,2880.0,0.2985538796454672,1.8549,6.9948,,2.552731275558472,0.0001610207154396,,,,,,
sft_text_combined_qwen3_8b_it_0307_190324,2890.0,0.2995905250609029,1.9027,7.0612,,2.01645302772522,0.0001607596856949,,,,,,
sft_text_combined_qwen3_8b_it_0307_190324,2900.0,0.3006271704763386,1.7756,6.7685,,2.387155532836914,0.0001604979980181,,,,,,
sft_text_combined_qwen3_8b_it_0307_190324,2910.0,0.3016638158917742,1.9217,7.2961,,2.234879493713379,0.0001602356552429,,,,,,
sft_text_combined_qwen3_8b_it_0307_190324,2920.0,0.3027004613072098,1.9476,6.9398,,1.7569047212600708,0.0001599726602102,,,,,,
sft_text_combined_qwen3_8b_it_0307_190324,2930.0,0.3037371067226455,1.8467,6.9937,,2.5427088737487797,0.0001597090157676,,,,,,
sft_text_combined_qwen3_8b_it_0307_190324,2940.0,0.3047737521380811,1.9217,7.2005,,2.016408681869507,0.0001594447247702,,,,,,
sft_text_combined_qwen3_8b_it_0307_190324,2950.0,0.3058103975535168,1.8805,6.7905,,1.6854504346847534,0.0001591797900797,,,,,,
sft_text_combined_qwen3_8b_it_0307_190324,2960.0,0.3068470429689525,1.9191,7.1482,,2.6143038272857666,0.0001589142145649,,,,,,
sft_text_combined_qwen3_8b_it_0307_190324,2970.0,0.3078836883843881,1.8805,6.9587,,2.6699297428131104,0.0001586480011017,,,,,,
sft_text_combined_qwen3_8b_it_0307_190324,2980.0,0.3089203337998237,1.781,6.6503,,2.2881877422332764,0.0001583811525727,,,,,,
sft_text_combined_qwen3_8b_it_0307_190324,2990.0,0.3099569792152594,1.902,7.286,,2.3500380516052246,0.0001581136718674,,,,,,
sft_text_combined_qwen3_8b_it_0307_190324,3000.0,0.3109936246306951,1.9183,6.8107,,1.7812401056289673,0.0001578455618823,,,,,,
sft_text_combined_qwen3_8b_it_0307_190324,3000.0,0.3109936246306951,1.671,,1.4115777015686035,,,,,,,,
sft_text_combined_qwen3_8b_it_0307_190324,3010.0,0.3120302700461307,1.9237,6.9221,,2.873105049133301,0.0001575768255206,,,,,,
sft_text_combined_qwen3_8b_it_0307_190324,3020.0,0.3130669154615664,1.8771,7.2043,,1.9745010137557983,0.0001573074656922,,,,,,
sft_text_combined_qwen3_8b_it_0307_190324,3030.0,0.314103560877002,1.9411,6.6887,,1.759174346923828,0.0001570374853139,,,,,,
sft_text_combined_qwen3_8b_it_0307_190324,3040.0,0.3151402062924376,1.8588,6.9815,,2.4930899143218994,0.0001567668873091,,,,,,
sft_text_combined_qwen3_8b_it_0307_190324,3050.0,0.3161768517078733,1.793,6.8496,,1.9194101095199585,0.0001564956746081,,,,,,
sft_text_combined_qwen3_8b_it_0307_190324,3060.0,0.317213497123309,1.7978,6.6631,,2.3348631858825684,0.0001562238501476,,,,,,
sft_text_combined_qwen3_8b_it_0307_190324,3070.0,0.3182501425387446,1.8855,7.2057,,2.8123199939727783,0.000155951416871,,,,,,
sft_text_combined_qwen3_8b_it_0307_190324,3080.0,0.3192867879541802,1.8327,6.7221,,1.9743168354034424,0.0001556783777285,,,,,,
sft_text_combined_qwen3_8b_it_0307_190324,3090.0,0.3203234333696159,1.8576,6.7595,,2.577366828918457,0.0001554047356765,,,,,,
sft_text_combined_qwen3_8b_it_0307_190324,3100.0,0.3213600787850516,1.8628,7.1606,,1.96182918548584,0.0001551304936781,,,,,,
sft_text_combined_qwen3_8b_it_0307_190324,3110.0,0.3223967242004872,1.8294,6.717,,1.7501232624053955,0.0001548556547031,,,,,,
sft_text_combined_qwen3_8b_it_0307_190324,3120.0,0.3234333696159229,1.8081,7.0103,,2.8361783027648926,0.0001545802217274,,,,,,
sft_text_combined_qwen3_8b_it_0307_190324,3130.0,0.3244700150313585,1.891,7.1631,,2.064462423324585,0.0001543041977336,,,,,,
sft_text_combined_qwen3_8b_it_0307_190324,3140.0,0.3255066604467941,1.9862,6.5967,,2.09073543548584,0.0001540275857106,,,,,,
sft_text_combined_qwen3_8b_it_0307_190324,3150.0,0.3265433058622298,1.9431,7.1033,,2.455652236938477,0.0001537503886536,,,,,,
sft_text_combined_qwen3_8b_it_0307_190324,3160.0,0.3275799512776655,1.8099,6.8938,,2.055849313735962,0.0001534726095643,,,,,,
sft_text_combined_qwen3_8b_it_0307_190324,3170.0,0.3286165966931011,1.772,6.6369,,3.0836360454559326,0.0001531942514505,,,,,,
sft_text_combined_qwen3_8b_it_0307_190324,3180.0,0.3296532421085367,1.9,7.209,,2.940171003341675,0.0001529153173265,,,,,,
sft_text_combined_qwen3_8b_it_0307_190324,3190.0,0.3306898875239724,1.9085,6.7065,,2.3787496089935303,0.0001526358102127,,,,,,
sft_text_combined_qwen3_8b_it_0307_190324,3200.0,0.331726532939408,1.8632,6.9601,,2.6384036540985107,0.0001523557331356,,,,,,
sft_text_combined_qwen3_8b_it_0307_190324,3210.0,0.3327631783548437,1.7799,7.0074,,2.0734362602233887,0.0001520750891282,,,,,,
sft_text_combined_qwen3_8b_it_0307_190324,3220.0,0.3337998237702794,1.9937,6.7758,,2.182957410812378,0.0001517938812292,,,,,,
sft_text_combined_qwen3_8b_it_0307_190324,3230.0,0.334836469185715,1.9704,7.1618,,2.8742945194244385,0.0001515121124839,,,,,,
sft_text_combined_qwen3_8b_it_0307_190324,3240.0,0.3358731146011506,1.8967,6.9803,,1.8687175512313845,0.0001512297859432,,,,,,
sft_text_combined_qwen3_8b_it_0307_190324,3250.0,0.3369097600165863,1.7392,6.6686,,2.957353115081787,0.0001509469046643,,,,,,
sft_text_combined_qwen3_8b_it_0307_190324,3250.0,0.3369097600165863,1.6375,,1.3924466371536257,,,,,,,,
sft_text_combined_qwen3_8b_it_0307_190324,3260.0,0.337946405432022,1.8788,7.119,,2.37914776802063,0.0001506634717105,,,,,,
sft_text_combined_qwen3_8b_it_0307_190324,3270.0,0.3389830508474576,1.857,6.7346,,2.62954044342041,0.0001503794901507,,,,,,
sft_text_combined_qwen3_8b_it_0307_190324,3280.0,0.3400196962628933,1.8766,6.9467,,2.8825106620788574,0.0001500949630602,,,,,,
sft_text_combined_qwen3_8b_it_0307_190324,3290.0,0.3410563416783289,1.7734,6.8408,,2.021770000457764,0.0001498098935198,,,,,,
sft_text_combined_qwen3_8b_it_0307_190324,3300.0,0.3420929870937645,1.8362,6.6685,,2.056342840194702,0.0001495242846165,,,,,,
sft_text_combined_qwen3_8b_it_0307_190324,3310.0,0.3431296325092002,1.8278,7.0477,,2.3037526607513428,0.0001492381394429,,,,,,
sft_text_combined_qwen3_8b_it_0307_190324,3320.0,0.3441662779246359,1.7153,6.74,,2.1425716876983643,0.0001489514610975,,,,,,
sft_text_combined_qwen3_8b_it_0307_190324,3330.0,0.3452029233400715,1.8388,6.775,,2.705801486968994,0.0001486642526847,,,,,,
sft_text_combined_qwen3_8b_it_0307_190324,3340.0,0.3462395687555071,1.8854,6.9684,,2.101634979248047,0.0001483765173144,,,,,,
sft_text_combined_qwen3_8b_it_0307_190324,3350.0,0.3472762141709428,1.8817,6.732,,1.538630485534668,0.0001480882581023,,,,,,
sft_text_combined_qwen3_8b_it_0307_190324,3360.0,0.3483128595863785,1.7853,6.7675,,2.6911709308624268,0.0001477994781699,,,,,,
sft_text_combined_qwen3_8b_it_0307_190324,3370.0,0.3493495050018141,1.972,6.7751,,1.964956521987915,0.0001475101806441,,,,,,
sft_text_combined_qwen3_8b_it_0307_190324,3380.0,0.3503861504172498,1.7645,6.4294,,2.7874464988708496,0.0001472203686577,,,,,,
sft_text_combined_qwen3_8b_it_0307_190324,3390.0,0.3514227958326854,1.8872,7.0358,,2.389791488647461,0.0001469300453488,,,,,,
sft_text_combined_qwen3_8b_it_0307_190324,3400.0,0.352459441248121,1.8129,6.8161,,1.832692623138428,0.0001466392138612,,,,,,
sft_text_combined_qwen3_8b_it_0307_190324,3410.0,0.3534960866635567,1.8109,6.7402,,2.5235607624053955,0.0001463478773441,,,,,,
sft_text_combined_qwen3_8b_it_0307_190324,3420.0,0.3545327320789924,1.8941,6.8578,,2.1264164447784424,0.0001460560389522,,,,,,
sft_text_combined_qwen3_8b_it_0307_190324,3430.0,0.355569377494428,1.7321,6.6036,,2.1882495880126958,0.0001457637018457,,,,,,
sft_text_combined_qwen3_8b_it_0307_190324,3440.0,0.3566060229098637,1.8152,6.9431,,2.7041523456573486,0.0001454708691902,,,,,,
sft_text_combined_qwen3_8b_it_0307_190324,3450.0,0.3576426683252993,1.9779,6.9329,,2.084679126739502,0.0001451775441565,,,,,,
sft_text_combined_qwen3_8b_it_0307_190324,3460.0,0.358679313740735,1.8087,6.5288,,3.127490520477295,0.0001448837299209,,,,,,
sft_text_combined_qwen3_8b_it_0307_190324,3470.0,0.3597159591561706,1.8514,7.0342,,2.5802080631256104,0.000144589429665,,,,,,
sft_text_combined_qwen3_8b_it_0307_190324,3480.0,0.3607526045716063,1.8643,6.8073,,1.786916971206665,0.0001442946465755,,,,,,
sft_text_combined_qwen3_8b_it_0307_190324,3490.0,0.3617892499870419,1.7784,6.6225,,2.7308943271636963,0.0001439993838446,,,,,,
sft_text_combined_qwen3_8b_it_0307_190324,3500.0,0.3628258954024775,1.8797,6.9027,,2.116724729537964,0.0001437036446694,,,,,,
sft_text_combined_qwen3_8b_it_0307_190324,3500.0,0.3628258954024775,1.6071,,1.376674771308899,,,,,,,,
sft_text_combined_qwen3_8b_it_0307_190324,3510.0,0.3638625408179132,1.6837,6.5817,,1.89614999294281,0.0001434074322523,,,,,,
sft_text_combined_qwen3_8b_it_0307_190324,3520.0,0.3648991862333489,1.8397,6.9268,,2.3238730430603027,0.0001431107498008,,,,,,
sft_text_combined_qwen3_8b_it_0307_190324,3530.0,0.3659358316487845,1.7541,6.8645,,1.966618895530701,0.0001428136005276,,,,,,
sft_text_combined_qwen3_8b_it_0307_190324,3540.0,0.3669724770642202,1.7405,6.5963,,2.846708059310913,0.0001425159876503,,,,,,
sft_text_combined_qwen3_8b_it_0307_190324,3550.0,0.3680091224796558,1.9549,7.0371,,2.5852363109588623,0.0001422179143916,,,,,,
sft_text_combined_qwen3_8b_it_0307_190324,3560.0,0.3690457678950914,1.8887,6.6522,,2.6832275390625,0.0001419193839792,,,,,,
sft_text_combined_qwen3_8b_it_0307_190324,3570.0,0.3700824133105271,1.8201,6.6803,,2.7447726726531982,0.0001416203996456,,,,,,
sft_text_combined_qwen3_8b_it_0307_190324,3580.0,0.3711190587259628,1.8265,6.9292,,2.1382932662963867,0.0001413209646284,,,,,,
sft_text_combined_qwen3_8b_it_0307_190324,3590.0,0.3721557041413984,1.7369,6.4433,,2.200467348098755,0.00014102108217,,,,,,
sft_text_combined_qwen3_8b_it_0307_190324,3600.0,0.373192349556834,1.9324,7.0712,,2.5236968994140625,0.0001407207555177,,,,,,
sft_text_combined_qwen3_8b_it_0307_190324,3610.0,0.3742289949722697,1.7952,6.7154,,2.5358195304870605,0.0001404199879236,,,,,,
sft_text_combined_qwen3_8b_it_0307_190324,3620.0,0.3752656403877054,1.7037,6.5011,,3.191037178039551,0.0001401187826444,,,,,,
sft_text_combined_qwen3_8b_it_0307_190324,3630.0,0.376302285803141,1.8532,6.9497,,2.370819568634033,0.0001398171429417,,,,,,
sft_text_combined_qwen3_8b_it_0307_190324,3640.0,0.3773389312185767,1.8714,6.7386,,1.5644453763961792,0.0001395150720819,,,,,,
sft_text_combined_qwen3_8b_it_0307_190324,3650.0,0.3783755766340123,1.8577,6.7463,,2.8030002117156982,0.0001392125733359,,,,,,
sft_text_combined_qwen3_8b_it_0307_190324,3660.0,0.3794122220494479,1.8828,6.9011,,2.555431604385376,0.0001389096499793,,,,,,
sft_text_combined_qwen3_8b_it_0307_190324,3670.0,0.3804488674648836,1.7223,6.3691,,2.638418674468994,0.0001386063052923,,,,,,
sft_text_combined_qwen3_8b_it_0307_190324,3680.0,0.3814855128803193,1.8271,7.0632,,3.2220683097839355,0.0001383025425595,,,,,,
sft_text_combined_qwen3_8b_it_0307_190324,3690.0,0.3825221582957549,1.8631,6.7432,,1.8120232820510864,0.0001379983650703,,,,,,
sft_text_combined_qwen3_8b_it_0307_190324,3700.0,0.3835588037111906,1.7935,6.4234,,3.0836496353149414,0.0001376937761185,,,,,,
sft_text_combined_qwen3_8b_it_0307_190324,3710.0,0.3845954491266262,1.8638,6.9601,,2.254831552505493,0.0001373887790023,,,,,,
sft_text_combined_qwen3_8b_it_0307_190324,3720.0,0.3856320945420619,1.7901,6.4241,,1.7970292568206787,0.0001370833770243,,,,,,
sft_text_combined_qwen3_8b_it_0307_190324,3730.0,0.3866687399574975,1.805,6.7389,,2.427340269088745,0.0001367775734915,,,,,,
sft_text_combined_qwen3_8b_it_0307_190324,3740.0,0.3877053853729332,1.8808,6.8694,,2.148077249526977,0.0001364713717153,,,,,,
sft_text_combined_qwen3_8b_it_0307_190324,3750.0,0.3887420307883688,1.7296,6.3695,,2.923943519592285,0.0001361647750114,,,,,,
sft_text_combined_qwen3_8b_it_0307_190324,3750.0,0.3887420307883688,1.5212,,1.3565953969955444,,,,,,,,
sft_text_combined_qwen3_8b_it_0307_190324,3760.0,0.3897786762038044,1.858,7.0213,,2.409344434738159,0.0001358577866997,,,,,,
sft_text_combined_qwen3_8b_it_0307_190324,3770.0,0.3908153216192401,1.7889,6.5115,,1.97698175907135,0.0001355504101045,,,,,,
sft_text_combined_qwen3_8b_it_0307_190324,3780.0,0.3918519670346758,1.7978,6.6802,,2.808544158935547,0.0001352426485542,,,,,,
sft_text_combined_qwen3_8b_it_0307_190324,3790.0,0.3928886124501114,1.8274,6.7583,,2.019505739212036,0.0001349345053813,,,,,,
sft_text_combined_qwen3_8b_it_0307_190324,3800.0,0.3939252578655471,1.773,6.4947,,2.367915630340576,0.0001346259839225,,,,,,
sft_text_combined_qwen3_8b_it_0307_190324,3810.0,0.3949619032809827,1.8175,6.948,,2.576611042022705,0.0001343170875187,,,,,,
sft_text_combined_qwen3_8b_it_0307_190324,3820.0,0.3959985486964184,1.8605,6.5917,,2.0863654613494877,0.0001340078195147,,,,,,
sft_text_combined_qwen3_8b_it_0307_190324,3830.0,0.397035194111854,1.7558,6.4797,,2.774922132492065,0.0001336981832593,,,,,,
sft_text_combined_qwen3_8b_it_0307_190324,3840.0,0.3980718395272897,1.8524,6.9203,,2.3731114864349365,0.0001333881821056,,,,,,
sft_text_combined_qwen3_8b_it_0307_190324,3850.0,0.3991084849427253,1.8594,6.6409,,1.7257425785064695,0.0001330778194102,,,,,,
sft_text_combined_qwen3_8b_it_0307_190324,3860.0,0.400145130358161,1.7865,6.7347,,3.0488269329071045,0.000132767098534,,,,,,
sft_text_combined_qwen3_8b_it_0307_190324,3870.0,0.4011817757735966,2.0066,6.8328,,2.468711376190185,0.0001324560228416,,,,,,
sft_text_combined_qwen3_8b_it_0307_190324,3880.0,0.4022184211890323,1.8281,6.5271,,1.7623478174209597,0.0001321445957013,,,,,,
sft_text_combined_qwen3_8b_it_0307_190324,3890.0,0.4032550666044679,1.7281,6.8043,,3.0971829891204834,0.0001318328204855,,,,,,
sft_text_combined_qwen3_8b_it_0307_190324,3900.0,0.4042917120199036,1.8346,6.7586,,1.7714722156524658,0.0001315207005703,,,,,,
sft_text_combined_qwen3_8b_it_0307_190324,3910.0,0.4053283574353392,1.6512,6.2906,,2.811707019805908,0.0001312082393353,,,,,,
sft_text_combined_qwen3_8b_it_0307_190324,3920.0,0.4063650028507748,1.9437,6.9347,,2.359654188156128,0.0001308954401641,,,,,,
sft_text_combined_qwen3_8b_it_0307_190324,3930.0,0.4074016482662105,1.804,6.4598,,2.301286220550537,0.0001305823064438,,,,,,
sft_text_combined_qwen3_8b_it_0307_190324,3940.0,0.4084382936816462,1.7552,6.5605,,3.293735980987549,0.0001302688415651,,,,,,
sft_text_combined_qwen3_8b_it_0307_190324,3950.0,0.4094749390970818,1.8822,6.882,,2.2225611209869385,0.0001299550489224,,,,,,
sft_text_combined_qwen3_8b_it_0307_190324,3960.0,0.4105115845125175,1.8933,6.5922,,1.9240880012512207,0.0001296409319135,,,,,,
sft_text_combined_qwen3_8b_it_0307_190324,3970.0,0.4115482299279531,1.8264,6.8237,,2.775007963180542,0.0001293264939398,,,,,,
sft_text_combined_qwen3_8b_it_0307_190324,3980.0,0.4125848753433888,1.8758,6.6511,,2.021543025970459,0.0001290117384062,,,,,,
sft_text_combined_qwen3_8b_it_0307_190324,3990.0,0.4136215207588244,1.8247,6.4805,,2.993851661682129,0.0001286966687211,,,,,,
sft_text_combined_qwen3_8b_it_0307_190324,4000.0,0.4146581661742601,1.8665,7.0272,,2.361632823944092,0.000128381288296,,,,,,
sft_text_combined_qwen3_8b_it_0307_190324,4000.0,0.4146581661742601,1.6085,,1.3410738706588743,,,,,,,,
sft_text_combined_qwen3_8b_it_0307_190324,4010.0,0.4156948115896957,1.8226,6.5037,,2.089601993560791,0.0001280656005462,,,,,,
sft_text_combined_qwen3_8b_it_0307_190324,4020.0,0.4167314570051313,1.713,6.7249,,2.82412052154541,0.0001277496088899,,,,,,
sft_text_combined_qwen3_8b_it_0307_190324,4030.0,0.417768102420567,1.8656,6.6528,,2.2743124961853027,0.000127433316749,,,,,,
sft_text_combined_qwen3_8b_it_0307_190324,4040.0,0.4188047478360027,1.7652,6.3426,,2.5099501609802246,0.0001271167275483,,,,,,
sft_text_combined_qwen3_8b_it_0307_190324,4050.0,0.4198413932514383,1.8111,6.9094,,2.387042999267578,0.000126799844716,,,,,,
sft_text_combined_qwen3_8b_it_0307_190324,4060.0,0.420878038666874,1.7801,6.6635,,1.87126624584198,0.0001264826716834,,,,,,
sft_text_combined_qwen3_8b_it_0307_190324,4070.0,0.4219146840823096,1.7487,6.4934,,3.5040111541748047,0.0001261652118851,,,,,,
sft_text_combined_qwen3_8b_it_0307_190324,4080.0,0.4229513294977453,1.9512,6.7876,,2.574102640151977,0.0001258474687586,,,,,,
sft_text_combined_qwen3_8b_it_0307_190324,4090.0,0.4239879749131809,1.8802,6.5511,,2.550855159759521,0.0001255294457445,,,,,,
sft_text_combined_qwen3_8b_it_0307_190324,4100.0,0.4250246203286166,1.7847,6.5373,,2.901024103164673,0.0001252111462867,,,,,,
sft_text_combined_qwen3_8b_it_0307_190324,4110.0,0.4260612657440522,1.9369,6.7013,,2.17060923576355,0.0001248925738317,,,,,,
sft_text_combined_qwen3_8b_it_0307_190324,4120.0,0.4270979111594879,1.7536,6.3488,,2.574585199356079,0.0001245737318292,,,,,,
sft_text_combined_qwen3_8b_it_0307_190324,4130.0,0.4281345565749235,1.8391,6.816,,2.866055965423584,0.0001242546237318,,,,,,
sft_text_combined_qwen3_8b_it_0307_190324,4140.0,0.4291712019903592,1.8752,6.7287,,2.093402624130249,0.0001239352529949,,,,,,
sft_text_combined_qwen3_8b_it_0307_190324,4150.0,0.4302078474057949,1.7394,6.363,,3.0252809524536133,0.0001236156230767,,,,,,
sft_text_combined_qwen3_8b_it_0307_190324,4160.0,0.4312444928212305,1.8134,6.8598,,2.283069372177124,0.0001232957374384,,,,,,
sft_text_combined_qwen3_8b_it_0307_190324,4170.0,0.4322811382366661,1.8736,6.5881,,2.183164596557617,0.0001229755995438,,,,,,
sft_text_combined_qwen3_8b_it_0307_190324,4180.0,0.4333177836521018,1.733,6.6294,,2.794495105743408,0.0001226552128596,,,,,,
sft_text_combined_qwen3_8b_it_0307_190324,4190.0,0.4343544290675374,1.8465,6.8237,,2.117421865463257,0.000122334580855,,,,,,
sft_text_combined_qwen3_8b_it_0307_190324,4200.0,0.4353910744829731,1.7817,6.429,,2.2280166149139404,0.0001220137070019,,,,,,
sft_text_combined_qwen3_8b_it_0307_190324,4210.0,0.4364277198984087,1.8,6.7152,,2.995574474334717,0.0001216925947749,,,,,,
sft_text_combined_qwen3_8b_it_0307_190324,4220.0,0.4374643653138444,1.7717,6.4947,,1.9374903440475464,0.0001213712476512,,,,,,
sft_text_combined_qwen3_8b_it_0307_190324,4230.0,0.43850101072928,1.743,6.1912,,2.8549747467041016,0.0001210496691104,,,,,,
sft_text_combined_qwen3_8b_it_0307_190324,4240.0,0.4395376561447157,1.8555,7.0267,,2.39680290222168,0.0001207278626347,,,,,,
sft_text_combined_qwen3_8b_it_0307_190324,4250.0,0.4405743015601513,1.8685,6.5365,,2.08573579788208,0.0001204058317088,,,,,,
sft_text_combined_qwen3_8b_it_0307_190324,4250.0,0.4405743015601513,1.4817,,1.3297548294067385,,,,,,,,
sft_text_combined_qwen3_8b_it_0307_190324,4260.0,0.441610946975587,1.6579,6.4619,,3.063375473022461,0.0001200835798198,,,,,,
sft_text_combined_qwen3_8b_it_0307_190324,4270.0,0.4426475923910226,1.9153,6.8222,,2.566784143447876,0.0001197611104571,,,,,,
sft_text_combined_qwen3_8b_it_0307_190324,4280.0,0.4436842378064583,1.6399,6.4714,,2.591932535171509,0.0001194384271126,,,,,,
sft_text_combined_qwen3_8b_it_0307_190324,4290.0,0.4447208832218939,1.7911,6.5519,,3.2933669090271,0.0001191155332805,,,,,,
sft_text_combined_qwen3_8b_it_0307_190324,4300.0,0.4457575286373296,1.8386,6.4806,,2.059419631958008,0.0001187924324571,,,,,,
sft_text_combined_qwen3_8b_it_0307_190324,4310.0,0.4467941740527652,1.6769,6.4142,,2.5853848457336426,0.0001184691281412,,,,,,
sft_text_combined_qwen3_8b_it_0307_190324,4320.0,0.4478308194682009,1.8372,6.8174,,2.471992015838623,0.0001181456238337,,,,,,
sft_text_combined_qwen3_8b_it_0307_190324,4330.0,0.4488674648836365,1.756,6.5067,,1.8625925779342647,0.0001178219230375,,,,,,
sft_text_combined_qwen3_8b_it_0307_190324,4340.0,0.4499041102990722,1.7834,6.4522,,2.7062785625457764,0.0001174980292578,,,,,,
sft_text_combined_qwen3_8b_it_0307_190324,4350.0,0.4509407557145078,1.7623,6.7235,,2.4487881660461426,0.000117173946002,,,,,,
sft_text_combined_qwen3_8b_it_0307_190324,4360.0,0.4519774011299435,1.7461,6.3934,,1.6250874996185305,0.0001168496767793,,,,,,
sft_text_combined_qwen3_8b_it_0307_190324,4370.0,0.4530140465453791,1.7269,6.5857,,3.170773506164551,0.000116525225101,,,,,,
sft_text_combined_qwen3_8b_it_0307_190324,4380.0,0.4540506919608148,1.8458,6.6601,,2.6090095043182373,0.0001162005944805,,,,,,
sft_text_combined_qwen3_8b_it_0307_190324,4390.0,0.4550873373762504,1.7368,6.3688,,2.3627843856811523,0.000115875788433,,,,,,
sft_text_combined_qwen3_8b_it_0307_190324,4400.0,0.4561239827916861,1.8187,6.7238,,2.8947548866271973,0.0001155508104756,,,,,,
sft_text_combined_qwen3_8b_it_0307_190324,4410.0,0.4571606282071218,1.8018,6.3923,,1.958914875984192,0.0001152256641273,,,,,,
sft_text_combined_qwen3_8b_it_0307_190324,4420.0,0.4581972736225574,1.8138,6.5347,,2.939780712127685,0.000114900352909,,,,,,
sft_text_combined_qwen3_8b_it_0307_190324,4430.0,0.459233919037993,1.7648,6.6655,,2.421419143676758,0.0001145748803433,,,,,,
sft_text_combined_qwen3_8b_it_0307_190324,4440.0,0.4602705644534287,1.7611,6.211,,2.198591470718384,0.0001142492499545,,,,,,
sft_text_combined_qwen3_8b_it_0307_190324,4450.0,0.4613072098688643,1.7991,6.7922,,2.579850435256958,0.0001139234652686,,,,,,
sft_text_combined_qwen3_8b_it_0307_190324,4460.0,0.4623438552843,1.7761,6.5603,,1.8423957824707031,0.0001135975298135,,,,,,
sft_text_combined_qwen3_8b_it_0307_190324,4470.0,0.4633805006997356,1.7089,6.3277,,3.302572965621948,0.0001132714471185,,,,,,
sft_text_combined_qwen3_8b_it_0307_190324,4480.0,0.4644171461151713,1.8724,6.619,,2.360047578811645,0.0001129452207146,,,,,,
sft_text_combined_qwen3_8b_it_0307_190324,4490.0,0.4654537915306069,1.7308,6.3005,,2.1703662872314453,0.0001126188541342,,,,,,
sft_text_combined_qwen3_8b_it_0307_190324,4500.0,0.4664904369460426,1.7819,6.5793,,2.835197687149048,0.0001122923509114,,,,,,
sft_text_combined_qwen3_8b_it_0307_190324,4500.0,0.4664904369460426,1.638,,1.323288917541504,,,,,,,,
sft_text_combined_qwen3_8b_it_0307_190324,4510.0,0.4675270823614783,1.7688,6.5155,,2.5751001834869385,0.0001119657145818,,,,,,
sft_text_combined_qwen3_8b_it_0307_190324,4520.0,0.4685637277769139,1.6205,6.1058,,3.181260347366333,0.0001116389486823,,,,,,
sft_text_combined_qwen3_8b_it_0307_190324,4530.0,0.4696003731923495,1.8917,6.7787,,2.790550708770752,0.0001113120567512,,,,,,
sft_text_combined_qwen3_8b_it_0307_190324,4540.0,0.4706370186077852,1.796,6.4148,,2.299739360809326,0.0001109850423283,,,,,,
sft_text_combined_qwen3_8b_it_0307_190324,4550.0,0.4716736640232208,1.7501,6.3169,,3.1015334129333496,0.0001106579089547,,,,,,
sft_text_combined_qwen3_8b_it_0307_190324,4560.0,0.4727103094386565,1.7867,6.6875,,2.652284622192383,0.0001103306601726,,,,,,
sft_text_combined_qwen3_8b_it_0307_190324,4570.0,0.4737469548540922,1.7358,6.2202,,1.7102785110473633,0.0001100032995257,,,,,,
sft_text_combined_qwen3_8b_it_0307_190324,4580.0,0.4747836002695278,1.7269,6.4296,,2.516563892364502,0.0001096758305587,,,,,,
sft_text_combined_qwen3_8b_it_0307_190324,4590.0,0.4758202456849634,1.8463,6.6542,,2.157500505447388,0.0001093482568177,,,,,,
sft_text_combined_qwen3_8b_it_0307_190324,4600.0,0.4768568911003991,1.7609,6.2518,,3.013256072998047,0.0001090205818498,,,,,,
sft_text_combined_qwen3_8b_it_0307_190324,4610.0,0.4778935365158347,1.8655,6.8504,,2.4991495609283447,0.0001086928092031,,,,,,
sft_text_combined_qwen3_8b_it_0307_190324,4620.0,0.4789301819312704,1.6588,6.1884,,1.7765238285064695,0.0001083649424269,,,,,,
sft_text_combined_qwen3_8b_it_0307_190324,4630.0,0.479966827346706,1.6798,6.4318,,2.897698163986206,0.0001080369850715,,,,,,
sft_text_combined_qwen3_8b_it_0307_190324,4640.0,0.4810034727621417,1.8381,6.6616,,2.475443124771118,0.0001077089406882,,,,,,
sft_text_combined_qwen3_8b_it_0307_190324,4650.0,0.4820401181775773,1.7108,6.2395,,2.274486303329468,0.0001073808128292,,,,,,
sft_text_combined_qwen3_8b_it_0307_190324,4660.0,0.483076763593013,1.7538,6.7198,,2.8310656547546387,0.0001070526050475,,,,,,
sft_text_combined_qwen3_8b_it_0307_190324,4670.0,0.4841134090084487,1.736,6.4023,,2.297568082809448,0.0001067243208972,,,,,,
sft_text_combined_qwen3_8b_it_0307_190324,4680.0,0.4851500544238843,1.6724,6.1876,,3.4291622638702397,0.0001063959639331,,,,,,
sft_text_combined_qwen3_8b_it_0307_190324,4690.0,0.4861866998393199,1.8402,6.6497,,2.524213552474976,0.0001060675377107,,,,,,
sft_text_combined_qwen3_8b_it_0307_190324,4700.0,0.4872233452547556,1.6902,6.3155,,1.6272549629211426,0.0001057390457864,,,,,,
sft_text_combined_qwen3_8b_it_0307_190324,4710.0,0.4882599906701912,1.8433,6.5139,,3.210975408554077,0.0001054104917173,,,,,,
sft_text_combined_qwen3_8b_it_0307_190324,4720.0,0.4892966360856269,1.7403,6.4675,,2.8307301998138428,0.000105081879061,,,,,,
sft_text_combined_qwen3_8b_it_0307_190324,4730.0,0.4903332815010625,1.7481,6.1261,,2.4480793476104736,0.0001047532113759,,,,,,
sft_text_combined_qwen3_8b_it_0307_190324,4740.0,0.4913699269164982,1.7108,6.6795,,2.5910074710845947,0.000104424492221,,,,,,
sft_text_combined_qwen3_8b_it_0307_190324,4750.0,0.4924065723319338,1.7168,6.2216,,2.102475166320801,0.0001040957251559,,,,,,
sft_text_combined_qwen3_8b_it_0307_190324,4750.0,0.4924065723319338,1.5076,,1.3137859106063845,,,,,,,,
sft_text_combined_qwen3_8b_it_0307_190324,4760.0,0.4934432177473695,1.7546,6.412,,2.8544952869415283,0.0001037669137404,,,,,,
sft_text_combined_qwen3_8b_it_0307_190324,4770.0,0.4944798631628052,1.7602,6.4254,,2.2408015727996826,0.0001034380615352,,,,,,
sft_text_combined_qwen3_8b_it_0307_190324,4780.0,0.4955165085782408,1.7858,6.2365,,2.1602439880371094,0.0001031091721011,,,,,,
sft_text_combined_qwen3_8b_it_0307_190324,4790.0,0.4965531539936764,1.7442,6.5325,,2.7005927562713623,0.0001027802489997,,,,,,
sft_text_combined_qwen3_8b_it_0307_190324,4800.0,0.4975897994091121,1.7472,6.394,,1.995917558670044,0.0001024512957924,,,,,,
sft_text_combined_qwen3_8b_it_0307_190324,4810.0,0.4986264448245477,1.6239,6.0849,,2.737177610397339,0.0001021223160415,,,,,,
sft_text_combined_qwen3_8b_it_0307_190324,4820.0,0.4996630902399834,1.6972,6.682,,2.516803741455078,0.0001017933133093,,,,,,
sft_text_combined_qwen3_8b_it_0307_190324,4830.0,0.500699735655419,1.7248,6.3759,,2.0408828258514404,0.0001014642911583,,,,,,
sft_text_combined_qwen3_8b_it_0307_190324,4840.0,0.5017363810708547,1.6909,6.3412,,3.1585965156555176,0.0001011352531513,,,,,,
sft_text_combined_qwen3_8b_it_0307_190324,4850.0,0.5027730264862904,1.8805,6.5893,,2.379037618637085,0.0001008062028513,,,,,,
sft_text_combined_qwen3_8b_it_0307_190324,4860.0,0.503809671901726,1.8641,6.4085,,1.6496787071228027,0.0001004771438213,,,,,,
sft_text_combined_qwen3_8b_it_0307_190324,4870.0,0.5048463173171617,1.7457,6.5017,,2.6207258701324463,0.0001001480796247,,,,,,
sft_text_combined_qwen3_8b_it_0307_190324,4880.0,0.5058829627325974,1.7323,6.446,,1.986722707748413,9.981901382463932e-05,,,,,,
sft_text_combined_qwen3_8b_it_0307_190324,4890.0,0.5069196081480329,1.7347,6.0687,,2.451278686523437,9.94899499843279e-05,,,,,,
sft_text_combined_qwen3_8b_it_0307_190324,4900.0,0.5079562535634686,1.8697,6.7401,,2.5894994735717773,9.916089166705758e-05,,,,,,
sft_text_combined_qwen3_8b_it_0307_190324,4910.0,0.5089928989789043,1.7381,6.3711,,2.1972601413726807,9.88318424360134e-05,,,,,,
sft_text_combined_qwen3_8b_it_0307_190324,4920.0,0.5100295443943399,1.6756,6.1937,,3.0541603565216064,9.85028058542821e-05,,,,,,
sft_text_combined_qwen3_8b_it_0307_190324,4930.0,0.5110661898097756,1.7901,6.5322,,2.513986825942993,9.817378548481332e-05,,,,,,
sft_text_combined_qwen3_8b_it_0307_190324,4940.0,0.5121028352252112,1.772,6.4063,,3.4007487297058105,9.784478489038128e-05,,,,,,
sft_text_combined_qwen3_8b_it_0307_190324,4950.0,0.5131394806406469,1.7449,6.3872,,3.152795791625977,9.751580763354602e-05,,,,,,
sft_text_combined_qwen3_8b_it_0307_190324,4960.0,0.5141761260560825,1.8574,6.4383,,2.2556803226470947,9.71868572766148e-05,,,,,,
sft_text_combined_qwen3_8b_it_0307_190324,4970.0,0.5152127714715181,1.6212,6.1836,,2.1634061336517334,9.68579373816037e-05,,,,,,
sft_text_combined_qwen3_8b_it_0307_190324,4980.0,0.5162494168869538,1.8036,6.5898,,2.608930349349976,9.652905151019892e-05,,,,,,
sft_text_combined_qwen3_8b_it_0307_190324,4990.0,0.5172860623023895,1.7809,6.4011,,2.860945463180542,9.620020322371816e-05,,,,,,
sft_text_combined_qwen3_8b_it_0307_190324,5000.0,0.5183227077178251,1.6951,6.2011,,3.131659030914306,9.58713960830722e-05,,,,,,
sft_text_combined_qwen3_8b_it_0307_190324,5000.0,0.5183227077178251,1.4719,,1.2876949310302734,,,,,,,,
sft_text_combined_qwen3_8b_it_0307_190324,5010.0,0.5193593531332608,1.7225,6.5581,,3.1087870597839355,9.554263364872636e-05,,,,,,
sft_text_combined_qwen3_8b_it_0307_190324,5020.0,0.5203959985486964,1.7747,6.3479,,1.678442358970642,9.521391948066164e-05,,,,,,
sft_text_combined_qwen3_8b_it_0307_190324,5030.0,0.521432643964132,1.7269,6.4245,,2.8985037803649902,9.48852571383366e-05,,,,,,
sft_text_combined_qwen3_8b_it_0307_190324,5040.0,0.5224692893795677,1.76,6.4374,,2.4998912811279297,9.455665018064854e-05,,,,,,
sft_text_combined_qwen3_8b_it_0307_190324,5050.0,0.5235059347950034,1.7038,6.0951,,3.439804077148437,9.422810216589496e-05,,,,,,
sft_text_combined_qwen3_8b_it_0307_190324,5060.0,0.524542580210439,1.7686,6.6074,,2.899028778076172,9.389961665173524e-05,,,,,,
sft_text_combined_qwen3_8b_it_0307_190324,5070.0,0.5255792256258747,1.7979,6.3808,,2.1713292598724365,9.357119719515184e-05,,,,,,
sft_text_combined_qwen3_8b_it_0307_190324,5080.0,0.5266158710413104,1.7034,6.1092,,3.094277620315552,9.324284735241196e-05,,,,,,
sft_text_combined_qwen3_8b_it_0307_190324,5090.0,0.5276525164567459,1.8226,6.5961,,2.749849319458008,9.291457067902908e-05,,,,,,
sft_text_combined_qwen3_8b_it_0307_190324,5100.0,0.5286891618721816,1.7012,6.1245,,2.410444498062134,9.258637072972427e-05,,,,,,
sft_text_combined_qwen3_8b_it_0307_190324,5110.0,0.5297258072876173,1.6765,6.3132,,3.5078158378601074,9.22582510583878e-05,,,,,,
sft_text_combined_qwen3_8b_it_0307_190324,5120.0,0.5307624527030529,1.7534,6.5006,,3.059281587600708,9.193021521804072e-05,,,,,,
sft_text_combined_qwen3_8b_it_0307_190324,5130.0,0.5317990981184886,1.6607,6.0676,,2.57657527923584,9.160226676079632e-05,,,,,,
sft_text_combined_qwen3_8b_it_0307_190324,5140.0,0.5328357435339243,1.8143,6.6903,,3.092457771301269,9.127440923782152e-05,,,,,,
sft_text_combined_qwen3_8b_it_0307_190324,5150.0,0.5338723889493598,1.7971,6.3449,,2.2513232231140137,9.09466461992988e-05,,,,,,
sft_text_combined_qwen3_8b_it_0307_190324,5160.0,0.5349090343647955,1.7127,6.1767,,4.217235565185547,9.061898119438736e-05,,,,,,
sft_text_combined_qwen3_8b_it_0307_190324,5170.0,0.5359456797802312,1.7265,6.5978,,2.5706589221954346,9.029141777118484e-05,,,,,,
sft_text_combined_qwen3_8b_it_0307_190324,5180.0,0.5369823251956668,1.8361,6.2609,,1.5726252794265747,8.996395947668905e-05,,,,,,
sft_text_combined_qwen3_8b_it_0307_190324,5190.0,0.5380189706111025,1.6943,6.293,,2.870764970779419,8.963660985675928e-05,,,,,,
sft_text_combined_qwen3_8b_it_0307_190324,5200.0,0.5390556160265382,1.7857,6.3629,,2.228945732116699,8.930937245607811e-05,,,,,,
sft_text_combined_qwen3_8b_it_0307_190324,5210.0,0.5400922614419738,1.6925,6.0804,,2.397853374481201,8.898225081811294e-05,,,,,,
sft_text_combined_qwen3_8b_it_0307_190324,5220.0,0.5411289068574094,1.752,6.7069,,2.645078420639038,8.865524848507766e-05,,,,,,
sft_text_combined_qwen3_8b_it_0307_190324,5230.0,0.542165552272845,1.7944,6.3157,,1.989801526069641,8.832836899789425e-05,,,,,,
sft_text_combined_qwen3_8b_it_0307_190324,5240.0,0.5432021976882807,1.6458,6.2226,,2.844144582748413,8.80016158961545e-05,,,,,,
sft_text_combined_qwen3_8b_it_0307_190324,5250.0,0.5442388431037164,1.8557,6.5419,,2.316028356552124,8.76749927180816e-05,,,,,,
sft_text_combined_qwen3_8b_it_0307_190324,5250.0,0.5442388431037164,1.4657,,1.2680686712265017,,,,,,,,
sft_text_combined_qwen3_8b_it_0307_190324,5260.0,0.545275488519152,1.7406,6.1844,,2.2166106700897217,8.734850300049189e-05,,,,,,
sft_text_combined_qwen3_8b_it_0307_190324,5270.0,0.5463121339345877,1.7507,6.4168,,2.830846071243286,8.702215027875658e-05,,,,,,
sft_text_combined_qwen3_8b_it_0307_190324,5280.0,0.5473487793500234,1.716,6.3313,,2.592278003692627,8.669593808676335e-05,,,,,,
sft_text_combined_qwen3_8b_it_0307_190324,5290.0,0.5483854247654589,1.6886,5.9833,,3.014957427978516,8.636986995687824e-05,,,,,,
sft_text_combined_qwen3_8b_it_0307_190324,5300.0,0.5494220701808946,1.7233,6.6846,,2.7681827545166016,8.604394941990729e-05,,,,,,
sft_text_combined_qwen3_8b_it_0307_190324,5310.0,0.5504587155963303,1.6877,6.1804,,1.9548227787017824,8.571818000505831e-05,,,,,,
sft_text_combined_qwen3_8b_it_0307_190324,5320.0,0.5514953610117659,1.7194,6.2264,,2.9660706520080566,8.539256523990275e-05,,,,,,
sft_text_combined_qwen3_8b_it_0307_190324,5330.0,0.5525320064272016,1.8224,6.566,,2.3809564113616943,8.506710865033743e-05,,,,,,
sft_text_combined_qwen3_8b_it_0307_190324,5340.0,0.5535686518426373,1.7649,5.926,,2.0698113441467285,8.474181376054635e-05,,,,,,
sft_text_combined_qwen3_8b_it_0307_190324,5350.0,0.5546052972580728,1.7846,6.494,,2.9799835681915283,8.441668409296259e-05,,,,,,
sft_text_combined_qwen3_8b_it_0307_190324,5360.0,0.5556419426735085,1.76,6.2679,,2.192211627960205,8.409172316823012e-05,,,,,,
sft_text_combined_qwen3_8b_it_0307_190324,5370.0,0.5566785880889442,1.7666,6.1855,,3.09714150428772,8.376693450516566e-05,,,,,,
sft_text_combined_qwen3_8b_it_0307_190324,5380.0,0.5577152335043798,1.7115,6.6542,,2.6174798011779785,8.344232162072066e-05,,,,,,
sft_text_combined_qwen3_8b_it_0307_190324,5390.0,0.5587518789198155,1.7901,6.2749,,1.7223994731903076,8.311788802994316e-05,,,,,,
sft_text_combined_qwen3_8b_it_0307_190324,5400.0,0.5597885243352512,1.69,6.2744,,3.1126914024353027,8.279363724593964e-05,,,,,,
sft_text_combined_qwen3_8b_it_0307_190324,5410.0,0.5608251697506867,1.7353,6.2879,,2.318298578262329,8.24695727798372e-05,,,,,,
sft_text_combined_qwen3_8b_it_0307_190324,5420.0,0.5618618151661224,1.7282,6.1776,,2.1085987091064453,8.214569814074534e-05,,,,,,
sft_text_combined_qwen3_8b_it_0307_190324,5430.0,0.5628984605815581,1.7331,6.5012,,2.652251005172729,8.182201683571799e-05,,,,,,
sft_text_combined_qwen3_8b_it_0307_190324,5440.0,0.5639351059969937,1.7048,6.2858,,2.112746000289917,8.149853236971568e-05,,,,,,
sft_text_combined_qwen3_8b_it_0307_190324,5450.0,0.5649717514124294,1.6841,6.1374,,2.8742120265960693,8.117524824556742e-05,,,,,,
sft_text_combined_qwen3_8b_it_0307_190324,5460.0,0.5660083968278651,1.7445,6.5103,,2.291021585464477,8.08521679639328e-05,,,,,,
sft_text_combined_qwen3_8b_it_0307_190324,5470.0,0.5670450422433007,1.7021,6.0604,,1.79505455493927,8.052929502326419e-05,,,,,,
sft_text_combined_qwen3_8b_it_0307_190324,5480.0,0.5680816876587363,1.64,6.3034,,3.0377025604248047,8.020663291976874e-05,,,,,,
sft_text_combined_qwen3_8b_it_0307_190324,5490.0,0.569118333074172,1.7832,6.4842,,2.210697650909424,7.988418514737056e-05,,,,,,
sft_text_combined_qwen3_8b_it_0307_190324,5500.0,0.5701549784896076,1.6689,5.9443,,3.2722437381744385,7.95619551976729e-05,,,,,,
sft_text_combined_qwen3_8b_it_0307_190324,5500.0,0.5701549784896076,1.5275,,1.2683342695236206,,,,,,,,
sft_text_combined_qwen3_8b_it_0307_190324,5510.0,0.5711916239050433,1.7169,6.5476,,2.578305244445801,7.923994655992039e-05,,,,,,
sft_text_combined_qwen3_8b_it_0307_190324,5520.0,0.5722282693204789,1.8924,6.3548,,1.9055161476135252,7.891816272096106e-05,,,,,,
sft_text_combined_qwen3_8b_it_0307_190324,5530.0,0.5732649147359146,1.607,6.171,,2.9477858543396,7.859660716520885e-05,,,,,,
sft_text_combined_qwen3_8b_it_0307_190324,5540.0,0.5743015601513503,1.6913,6.4743,,2.3152871131896973,7.827528337460573e-05,,,,,,
sft_text_combined_qwen3_8b_it_0307_190324,5550.0,0.5753382055667858,1.7221,6.0556,,1.9130103588104248,7.795419482858392e-05,,,,,,
sft_text_combined_qwen3_8b_it_0307_190324,5560.0,0.5763748509822215,1.6594,6.5202,,2.5879085063934326,7.763334500402846e-05,,,,,,
sft_text_combined_qwen3_8b_it_0307_190324,5570.0,0.5774114963976572,1.7426,6.1882,,2.048701047897339,7.73127373752393e-05,,,,,,
sft_text_combined_qwen3_8b_it_0307_190324,5580.0,0.5784481418130928,1.5128,5.9832,,2.9634807109832764,7.699237541389383e-05,,,,,,
sft_text_combined_qwen3_8b_it_0307_190324,5590.0,0.5794847872285285,1.688,6.4776,,2.562180995941162,7.667226258900923e-05,,,,,,
sft_text_combined_qwen3_8b_it_0307_190324,5600.0,0.5805214326439642,1.7915,6.0963,,1.868897557258606,7.635240236690498e-05,,,,,,
sft_text_combined_qwen3_8b_it_0307_190324,5610.0,0.5815580780593997,1.7221,6.2341,,2.999650239944458,7.603279821116515e-05,,,,,,
sft_text_combined_qwen3_8b_it_0307_190324,5620.0,0.5825947234748354,1.7696,6.3665,,2.2327122688293457,7.571345358260115e-05,,,,,,
sft_text_combined_qwen3_8b_it_0307_190324,5630.0,0.5836313688902711,1.6315,5.8877,,2.8745925426483154,7.539437193921406e-05,,,,,,
sft_text_combined_qwen3_8b_it_0307_190324,5640.0,0.5846680143057067,1.778,6.5172,,2.6181881427764893,7.507555673615718e-05,,,,,,
sft_text_combined_qwen3_8b_it_0307_190324,5650.0,0.5857046597211424,1.7036,6.3058,,1.9774565696716309,7.475701142569878e-05,,,,,,
sft_text_combined_qwen3_8b_it_0307_190324,5660.0,0.5867413051365781,1.7266,6.2038,,3.0992085933685303,7.443873945718459e-05,,,,,,
sft_text_combined_qwen3_8b_it_0307_190324,5670.0,0.5877779505520137,1.8086,6.4514,,2.454211950302124,7.412074427700042e-05,,,,,,
sft_text_combined_qwen3_8b_it_0307_190324,5680.0,0.5888145959674493,1.6213,5.8605,,2.0013411045074463,7.380302932853496e-05,,,,,,
sft_text_combined_qwen3_8b_it_0307_190324,5690.0,0.589851241382885,1.7599,6.4179,,2.74329161643982,7.348559805214241e-05,,,,,,
sft_text_combined_qwen3_8b_it_0307_190324,5700.0,0.5908878867983206,1.7421,6.3505,,2.204655647277832,7.316845388510523e-05,,,,,,
sft_text_combined_qwen3_8b_it_0307_190324,5710.0,0.5919245322137563,1.7638,6.0569,,2.5303328037261963,7.285160026159695e-05,,,,,,
sft_text_combined_qwen3_8b_it_0307_190324,5720.0,0.592961177629192,1.7819,6.5282,,3.215315580368042,7.253504061264501e-05,,,,,,
sft_text_combined_qwen3_8b_it_0307_190324,5730.0,0.5939978230446276,1.7206,6.2705,,2.187124967575073,7.221877836609348e-05,,,,,,
sft_text_combined_qwen3_8b_it_0307_190324,5740.0,0.5950344684600632,1.6835,6.0613,,2.962421178817749,7.190281694656609e-05,,,,,,
sft_text_combined_qwen3_8b_it_0307_190324,5750.0,0.5960711138754989,1.7241,6.4937,,2.7107996940612797,7.15871597754291e-05,,,,,,
sft_text_combined_qwen3_8b_it_0307_190324,5750.0,0.5960711138754989,1.6038,,1.259758710861206,,,,,,,,
sft_text_combined_qwen3_8b_it_0307_190324,5760.0,0.5971077592909345,1.7237,5.9422,,2.5298376083374023,7.127181027075415e-05,,,,,,
sft_text_combined_qwen3_8b_it_0307_190324,5770.0,0.5981444047063702,1.7896,6.4212,,3.2587926387786865,7.095677184728145e-05,,,,,,
sft_text_combined_qwen3_8b_it_0307_190324,5780.0,0.5991810501218059,1.7703,6.337,,2.567342758178711,7.064204791638262e-05,,,,,,
sft_text_combined_qwen3_8b_it_0307_190324,5790.0,0.6002176955372415,1.6708,5.9316,,3.0023462772369385,7.032764188602382e-05,,,,,,
sft_text_combined_qwen3_8b_it_0307_190324,5800.0,0.6012543409526772,1.8207,6.5531,,2.631325483322144,7.001355716072886e-05,,,,,,
sft_text_combined_qwen3_8b_it_0307_190324,5810.0,0.6022909863681127,1.7057,6.0975,,1.9976274967193604,6.969979714154235e-05,,,,,,
sft_text_combined_qwen3_8b_it_0307_190324,5820.0,0.6033276317835484,1.7375,6.2513,,3.0660717487335205,6.938636522599275e-05,,,,,,
sft_text_combined_qwen3_8b_it_0307_190324,5830.0,0.6043642771989841,1.7825,6.2914,,2.4829819202423096,6.907326480805578e-05,,,,,,
sft_text_combined_qwen3_8b_it_0307_190324,5840.0,0.6054009226144197,1.7215,6.1211,,2.282622814178467,6.876049927811753e-05,,,,,,
sft_text_combined_qwen3_8b_it_0307_190324,5850.0,0.6064375680298554,1.7964,6.4362,,2.936049461364746,6.844807202293771e-05,,,,,,
sft_text_combined_qwen3_8b_it_0307_190324,5860.0,0.6074742134452911,1.6628,6.209,,2.372633695602417,6.813598642561315e-05,,,,,,
sft_text_combined_qwen3_8b_it_0307_190324,5870.0,0.6085108588607266,1.6864,6.0415,,2.917641878128052,6.782424586554099e-05,,,,,,
sft_text_combined_qwen3_8b_it_0307_190324,5880.0,0.6095475042761623,1.7453,6.5279,,2.508565902709961,6.751285371838216e-05,,,,,,
sft_text_combined_qwen3_8b_it_0307_190324,5890.0,0.610584149691598,1.7888,6.059,,1.7377694845199585,6.720181335602486e-05,,,,,,
sft_text_combined_qwen3_8b_it_0307_190324,5900.0,0.6116207951070336,1.6936,6.1824,,3.4484879970550537,6.689112814654805e-05,,,,,,
sft_text_combined_qwen3_8b_it_0307_190324,5910.0,0.6126574405224693,1.7356,6.3537,,2.5524845123291016,6.65808014541848e-05,,,,,,
sft_text_combined_qwen3_8b_it_0307_190324,5920.0,0.613694085937905,1.6677,5.9235,,2.3895747661590576,6.627083663928614e-05,,,,,,
sft_text_combined_qwen3_8b_it_0307_190324,5930.0,0.6147307313533406,1.8388,6.4825,,2.6967613697052,6.596123705828448e-05,,,,,,
sft_text_combined_qwen3_8b_it_0307_190324,5940.0,0.6157673767687762,1.7503,6.1045,,2.247122287750244,6.565200606365731e-05,,,,,,
sft_text_combined_qwen3_8b_it_0307_190324,5950.0,0.6168040221842119,1.6311,6.1779,,3.0025484561920166,6.534314700389095e-05,,,,,,
sft_text_combined_qwen3_8b_it_0307_190324,5960.0,0.6178406675996475,1.6682,6.2314,,2.612631320953369,6.503466322344421e-05,,,,,,
sft_text_combined_qwen3_8b_it_0307_190324,5970.0,0.6188773130150832,1.6704,5.9283,,2.418213129043579,6.472655806271222e-05,,,,,,
sft_text_combined_qwen3_8b_it_0307_190324,5980.0,0.6199139584305189,1.6035,6.3822,,2.84193754196167,6.44188348579903e-05,,,,,,
sft_text_combined_qwen3_8b_it_0307_190324,5990.0,0.6209506038459545,1.7269,6.17,,2.137430191040039,6.411149694143769e-05,,,,,,
sft_text_combined_qwen3_8b_it_0307_190324,6000.0,0.6219872492613902,1.5925,5.9559,,3.0864408016204834,6.380454764104165e-05,,,,,,
sft_text_combined_qwen3_8b_it_0307_190324,6000.0,0.6219872492613902,1.4874,,1.2589473724365234,,,,,,,,
sft_text_combined_qwen3_8b_it_0307_190324,6010.0,0.6230238946768258,1.7562,6.4275,,2.427285671234131,6.349799028058132e-05,,,,,,
sft_text_combined_qwen3_8b_it_0307_190324,6020.0,0.6240605400922614,1.7806,6.1592,,1.935563445091248,6.31918281795917e-05,,,,,,
sft_text_combined_qwen3_8b_it_0307_190324,6030.0,0.6250971855076971,1.7584,6.2509,,2.868302822113037,6.28860646533278e-05,,,,,,
sft_text_combined_qwen3_8b_it_0307_190324,6040.0,0.6261338309231328,1.6887,6.4125,,2.47717022895813,6.258070301272869e-05,,,,,,
sft_text_combined_qwen3_8b_it_0307_190324,6050.0,0.6271704763385684,1.6522,5.7933,,2.604677200317383,6.227574656438163e-05,,,,,,
sft_text_combined_qwen3_8b_it_0307_190324,6060.0,0.6282071217540041,1.8512,6.4565,,2.9463493824005127,6.197119861048623e-05,,,,,,
sft_text_combined_qwen3_8b_it_0307_190324,6070.0,0.6292437671694396,1.7381,6.2585,,2.133561372756958,6.166706244881891e-05,,,,,,
sft_text_combined_qwen3_8b_it_0307_190324,6080.0,0.6302804125848753,1.6409,5.9323,,3.081548929214477,6.136334137269684e-05,,,,,,
sft_text_combined_qwen3_8b_it_0307_190324,6090.0,0.631317058000311,1.7005,6.4282,,2.3719818592071533,6.106003867094255e-05,,,,,,
sft_text_combined_qwen3_8b_it_0307_190324,6100.0,0.6323537034157466,1.6474,6.0451,,1.536802887916565,6.075715762784827e-05,,,,,,
sft_text_combined_qwen3_8b_it_0307_190324,6110.0,0.6333903488311823,1.7185,6.3793,,3.025970697402954,6.045470152314026e-05,,,,,,
sft_text_combined_qwen3_8b_it_0307_190324,6120.0,0.634426994246618,1.7042,6.27,,2.7845988273620605,6.015267363194337e-05,,,,,,
sft_text_combined_qwen3_8b_it_0307_190324,6130.0,0.6354636396620535,1.5928,6.0991,,2.4715709686279297,5.9851077224745655e-05,,,,,,
sft_text_combined_qwen3_8b_it_0307_190324,6140.0,0.6365002850774892,1.7343,6.3748,,2.9704837799072266,5.954991556736274e-05,,,,,,
sft_text_combined_qwen3_8b_it_0307_190324,6150.0,0.6375369304929249,1.7595,6.1768,,2.670646905899048,5.924919192090268e-05,,,,,,
sft_text_combined_qwen3_8b_it_0307_190324,6160.0,0.6385735759083605,1.6777,6.1066,,3.223501920700073,5.89489095417306e-05,,,,,,
sft_text_combined_qwen3_8b_it_0307_190324,6170.0,0.6396102213237962,1.8838,6.3349,,2.642080068588257,5.864907168143326e-05,,,,,,
sft_text_combined_qwen3_8b_it_0307_190324,6180.0,0.6406468667392319,1.6873,6.0101,,1.4507560729980469,5.8349681586784056e-05,,,,,,
sft_text_combined_qwen3_8b_it_0307_190324,6190.0,0.6416835121546675,1.6662,6.228,,3.044451951980591,5.805074249970786e-05,,,,,,
sft_text_combined_qwen3_8b_it_0307_190324,6200.0,0.6427201575701031,1.7186,6.2167,,2.28802227973938,5.775225765724571e-05,,,,,,
sft_text_combined_qwen3_8b_it_0307_190324,6210.0,0.6437568029855388,1.5965,5.8786,,3.064002275466919,5.745423029151991e-05,,,,,,
sft_text_combined_qwen3_8b_it_0307_190324,6220.0,0.6447934484009744,1.7885,6.4301,,2.556149959564209,5.715666362969909e-05,,,,,,
sft_text_combined_qwen3_8b_it_0307_190324,6230.0,0.6458300938164101,1.7766,6.1241,,1.9559524059295652,5.685956089396314e-05,,,,,,
sft_text_combined_qwen3_8b_it_0307_190324,6240.0,0.6468667392318458,1.6496,6.0321,,2.870488405227661,5.656292530146826e-05,,,,,,
sft_text_combined_qwen3_8b_it_0307_190324,6250.0,0.6479033846472814,1.7137,6.3313,,2.3270866870880127,5.626676006431242e-05,,,,,,
sft_text_combined_qwen3_8b_it_0307_190324,6250.0,0.6479033846472814,1.5197,,1.2437398433685305,,,,,,,,
sft_text_combined_qwen3_8b_it_0307_190324,6260.0,0.648940030062717,1.5992,5.9655,,1.4952396154403689,5.597106838950019e-05,,,,,,
sft_text_combined_qwen3_8b_it_0307_190324,6270.0,0.6499766754781527,1.6491,6.3159,,2.944537878036499,5.56758534789083e-05,,,,,,
sft_text_combined_qwen3_8b_it_0307_190324,6280.0,0.6510133208935883,1.7507,6.1349,,2.6080267429351807,5.53811185292509e-05,,,,,,
sft_text_combined_qwen3_8b_it_0307_190324,6290.0,0.652049966309024,1.6616,5.7958,,3.43994688987732,5.508686673204482e-05,,,,,,
sft_text_combined_qwen3_8b_it_0307_190324,6300.0,0.6530866117244597,1.8038,6.5992,,2.7680013179779053,5.479310127357514e-05,,,,,,
sft_text_combined_qwen3_8b_it_0307_190324,6310.0,0.6541232571398953,1.6555,6.0537,,1.9507430791854856,5.449982533486075e-05,,,,,,
sft_text_combined_qwen3_8b_it_0307_190324,6320.0,0.655159902555331,1.6995,6.1479,,3.098466157913208,5.420704209161968e-05,,,,,,
sft_text_combined_qwen3_8b_it_0307_190324,6330.0,0.6561965479707667,1.6922,6.3405,,2.738045454025269,5.3914754714234886e-05,,,,,,
sft_text_combined_qwen3_8b_it_0307_190324,6340.0,0.6572331933862022,1.5764,6.0271,,1.919383525848389,5.362296636771993e-05,,,,,,
sft_text_combined_qwen3_8b_it_0307_190324,6350.0,0.6582698388016379,1.6355,6.3179,,2.921189785003662,5.333168021168457e-05,,,,,,
sft_text_combined_qwen3_8b_it_0307_190324,6360.0,0.6593064842170735,1.7981,6.2608,,2.187027931213379,5.304089940030063e-05,,,,,,
sft_text_combined_qwen3_8b_it_0307_190324,6370.0,0.6603431296325092,1.57,5.7872,,3.2894439697265625,5.275062708226797e-05,,,,,,
sft_text_combined_qwen3_8b_it_0307_190324,6380.0,0.6613797750479449,1.7218,6.4514,,2.812695980072021,5.246086640078012e-05,,,,,,
sft_text_combined_qwen3_8b_it_0307_190324,6390.0,0.6624164204633805,1.7189,6.1364,,1.960153102874756,5.21716204934904e-05,,,,,,
sft_text_combined_qwen3_8b_it_0307_190324,6400.0,0.6634530658788161,1.6215,6.1054,,3.142699241638184,5.188289249247808e-05,,,,,,
sft_text_combined_qwen3_8b_it_0307_190324,6410.0,0.6644897112942518,1.7089,6.3035,,2.4001896381378174,5.159468552421416e-05,,,,,,
sft_text_combined_qwen3_8b_it_0307_190324,6420.0,0.6655263567096874,1.5828,5.9186,,2.064872980117798,5.1307002709527706e-05,,,,,,
sft_text_combined_qwen3_8b_it_0307_190324,6430.0,0.6665630021251231,1.7485,6.379,,3.42223596572876,5.10198471635721e-05,,,,,,
sft_text_combined_qwen3_8b_it_0307_190324,6440.0,0.6675996475405588,1.6328,6.2587,,2.2379868030548096,5.073322199579116e-05,,,,,,
sft_text_combined_qwen3_8b_it_0307_190324,6450.0,0.6686362929559944,1.6288,5.7988,,3.503941059112549,5.04471303098855e-05,,,,,,
sft_text_combined_qwen3_8b_it_0307_190324,6460.0,0.66967293837143,1.8045,6.4093,,3.535891532897949,5.016157520377911e-05,,,,,,
sft_text_combined_qwen3_8b_it_0307_190324,6470.0,0.6707095837868657,1.6792,6.0979,,1.9345861673355105,4.987655976958554e-05,,,,,,
sft_text_combined_qwen3_8b_it_0307_190324,6480.0,0.6717462292023013,1.6056,6.1284,,3.1088967323303223,4.9592087093574535e-05,,,,,,
sft_text_combined_qwen3_8b_it_0307_190324,6490.0,0.672782874617737,1.7771,6.2539,,2.5855185985565186,4.9308160256138725e-05,,,,,,
sft_text_combined_qwen3_8b_it_0307_190324,6500.0,0.6738195200331727,1.5526,5.778,,2.265261650085449,4.902478233176008e-05,,,,,,
sft_text_combined_qwen3_8b_it_0307_190324,6500.0,0.6738195200331727,1.3771,,1.2379919290542605,,,,,,,,
sft_text_combined_qwen3_8b_it_0307_190324,6510.0,0.6748561654486083,1.7467,6.3664,,2.835746049880981,4.874195638897666e-05,,,,,,
sft_text_combined_qwen3_8b_it_0307_190324,6520.0,0.675892810864044,1.7093,6.1731,,2.201089382171631,4.84596854903496e-05,,,,,,
sft_text_combined_qwen3_8b_it_0307_190324,6530.0,0.6769294562794796,1.5143,5.7863,,3.036330461502075,4.8177972692429616e-05,,,,,,
sft_text_combined_qwen3_8b_it_0307_190324,6540.0,0.6779661016949152,1.7978,6.3938,,2.616573572158813,4.789682104572408e-05,,,,,,
sft_text_combined_qwen3_8b_it_0307_190324,6550.0,0.6790027471103509,1.7202,6.0778,,1.8344531059265137,4.7616233594664126e-05,,,,,,
sft_text_combined_qwen3_8b_it_0307_190324,6560.0,0.6800393925257866,1.6396,6.1689,,3.148681879043579,4.733621337757137e-05,,,,,,
sft_text_combined_qwen3_8b_it_0307_190324,6570.0,0.6810760379412222,1.7513,6.3174,,2.298649549484253,4.7056763426625205e-05,,,,,,
sft_text_combined_qwen3_8b_it_0307_190324,6580.0,0.6821126833566579,1.6522,5.8787,,2.332152366638184,4.677788676783005e-05,,,,,,
sft_text_combined_qwen3_8b_it_0307_190324,6590.0,0.6831493287720936,1.6709,6.3947,,2.740535020828247,4.649958642098233e-05,,,,,,
sft_text_combined_qwen3_8b_it_0307_190324,6600.0,0.6841859741875291,1.6606,6.1303,,2.019829034805298,4.6221865399638e-05,,,,,,
sft_text_combined_qwen3_8b_it_0307_190324,6610.0,0.6852226196029648,1.5906,5.9537,,2.9754185676574707,4.594472671107975e-05,,,,,,
sft_text_combined_qwen3_8b_it_0307_190324,6620.0,0.6862592650184005,1.7677,6.5154,,2.707009077072144,4.566817335628465e-05,,,,,,
sft_text_combined_qwen3_8b_it_0307_190324,6630.0,0.6872959104338361,1.5809,6.0487,,1.5995900630950928,4.5392208329891405e-05,,,,,,
sft_text_combined_qwen3_8b_it_0307_190324,6640.0,0.6883325558492718,1.6263,6.1801,,3.0393295288085938,4.5116834620168055e-05,,,,,,
sft_text_combined_qwen3_8b_it_0307_190324,6650.0,0.6893692012647074,1.8039,6.225,,2.302844762802124,4.484205520897972e-05,,,,,,
sft_text_combined_qwen3_8b_it_0307_190324,6660.0,0.690405846680143,1.7308,5.9341,,2.885083675384521,4.456787307175608e-05,,,,,,
sft_text_combined_qwen3_8b_it_0307_190324,6670.0,0.6914424920955787,1.7168,6.4956,,2.5655109882354736,4.4294291177459294e-05,,,,,,
sft_text_combined_qwen3_8b_it_0307_190324,6680.0,0.6924791375110143,1.7025,6.1061,,2.300219774246216,4.402131248855191e-05,,,,,,
sft_text_combined_qwen3_8b_it_0307_190324,6690.0,0.69351578292645,1.5961,6.1223,,3.178711175918579,4.374893996096462e-05,,,,,,
sft_text_combined_qwen3_8b_it_0307_190324,6700.0,0.6945524283418857,1.7027,6.2768,,2.539095401763916,4.3477176544064345e-05,,,,,,
sft_text_combined_qwen3_8b_it_0307_190324,6710.0,0.6955890737573213,1.6487,5.9603,,1.995151162147522,4.32060251806224e-05,,,,,,
sft_text_combined_qwen3_8b_it_0307_190324,6720.0,0.696625719172757,1.6906,6.1597,,2.788968801498413,4.29354888067824e-05,,,,,,
sft_text_combined_qwen3_8b_it_0307_190324,6730.0,0.6976623645881926,1.8562,6.2688,,2.2644760608673096,4.2665570352028605e-05,,,,,,
sft_text_combined_qwen3_8b_it_0307_190324,6740.0,0.6986990100036282,1.5956,5.7514,,3.079918146133423,4.239627273915427e-05,,,,,,
sft_text_combined_qwen3_8b_it_0307_190324,6750.0,0.6997356554190639,1.7367,6.3731,,2.6856651306152344,4.212759888422981e-05,,,,,,
sft_text_combined_qwen3_8b_it_0307_190324,6750.0,0.6997356554190639,1.4195,,1.2330445051193235,,,,,,,,
sft_text_combined_qwen3_8b_it_0307_190324,6760.0,0.7007723008344996,1.6894,6.1123,,2.155792236328125,4.185955169657134e-05,,,,,,
sft_text_combined_qwen3_8b_it_0307_190324,6770.0,0.7018089462499352,1.6356,6.0388,,2.917853832244873,4.159213407870922e-05,,,,,,
sft_text_combined_qwen3_8b_it_0307_190324,6780.0,0.7028455916653709,1.787,6.394,,2.775667428970337,4.132534892635647e-05,,,,,,
sft_text_combined_qwen3_8b_it_0307_190324,6790.0,0.7038822370808065,1.6615,5.8963,,1.7232725620269775,4.105919912837751e-05,,,,,,
sft_text_combined_qwen3_8b_it_0307_190324,6800.0,0.7049188824962421,1.6806,6.2082,,2.979478120803833,4.079368756675696e-05,,,,,,
sft_text_combined_qwen3_8b_it_0307_190324,6810.0,0.7059555279116778,1.7315,6.0926,,2.540393352508545,4.052881711656825e-05,,,,,,
sft_text_combined_qwen3_8b_it_0307_190324,6820.0,0.7069921733271135,1.5603,5.6994,,3.1417152881622314,4.026459064594257e-05,,,,,,
sft_text_combined_qwen3_8b_it_0307_190324,6830.0,0.7080288187425491,1.6514,6.4261,,2.5523149967193604,4.000101101603793e-05,,,,,,
sft_text_combined_qwen3_8b_it_0307_190324,6840.0,0.7090654641579848,1.6618,6.0545,,1.901583671569824,3.973808108100795e-05,,,,,,
sft_text_combined_qwen3_8b_it_0307_190324,6850.0,0.7101021095734205,1.6293,6.0651,,2.9702985286712646,3.947580368797111e-05,,,,,,
sft_text_combined_qwen3_8b_it_0307_190324,6860.0,0.711138754988856,1.7294,6.2133,,2.3281092643737797,3.921418167697998e-05,,,,,,
sft_text_combined_qwen3_8b_it_0307_190324,6870.0,0.7121754004042917,1.6964,5.8018,,2.3724544048309326,3.895321788099021e-05,,,,,,
sft_text_combined_qwen3_8b_it_0307_190324,6880.0,0.7132120458197274,1.6947,6.3255,,2.652434825897217,3.869291512583011e-05,,,,,,
sft_text_combined_qwen3_8b_it_0307_190324,6890.0,0.714248691235163,1.7126,6.1508,,2.230898141860962,3.843327623016998e-05,,,,,,
sft_text_combined_qwen3_8b_it_0307_190324,6900.0,0.7152853366505987,1.6645,5.8804,,2.9207956790924072,3.817430400549149e-05,,,,,,
sft_text_combined_qwen3_8b_it_0307_190324,6910.0,0.7163219820660344,1.6429,6.2701,,2.684945583343506,3.791600125605733e-05,,,,,,
sft_text_combined_qwen3_8b_it_0307_190324,6920.0,0.71735862748147,1.629,5.9519,,1.7340823411941528,3.765837077888088e-05,,,,,,
sft_text_combined_qwen3_8b_it_0307_190324,6930.0,0.7183952728969056,1.6028,6.1179,,3.065741062164306,3.74014153636958e-05,,,,,,
sft_text_combined_qwen3_8b_it_0307_190324,6940.0,0.7194319183123412,1.6991,6.3247,,2.289170026779175,3.714513779292589e-05,,,,,,
sft_text_combined_qwen3_8b_it_0307_190324,6950.0,0.7204685637277769,1.6458,6.0429,,2.3282041549682617,3.688954084165504e-05,,,,,,
sft_text_combined_qwen3_8b_it_0307_190324,6960.0,0.7215052091432126,1.7454,6.1428,,2.818225383758545,3.6634627277597e-05,,,,,,
sft_text_combined_qwen3_8b_it_0307_190324,6970.0,0.7225418545586482,1.7653,6.1155,,2.0857644081115723,3.638039986106552e-05,,,,,,
sft_text_combined_qwen3_8b_it_0307_190324,6980.0,0.7235784999740839,1.7086,5.9495,,3.2199997901916504,3.612686134494456e-05,,,,,,
sft_text_combined_qwen3_8b_it_0307_190324,6990.0,0.7246151453895195,1.7045,6.319,,2.567578077316284,3.587401447465822e-05,,,,,,
sft_text_combined_qwen3_8b_it_0307_190324,7000.0,0.7256517908049551,1.7751,6.0104,,1.6487585306167605,3.5621861988141235e-05,,,,,,
sft_text_combined_qwen3_8b_it_0307_190324,7000.0,0.7256517908049551,1.5153,,1.2338368892669678,,,,,,,,
sft_text_combined_qwen3_8b_it_0307_190324,7010.0,0.7266884362203908,1.6438,6.3093,,3.141893148422241,3.53704066158093e-05,,,,,,
sft_text_combined_qwen3_8b_it_0307_190324,7020.0,0.7277250816358265,1.7103,6.0956,,2.4489331245422363,3.511965108052937e-05,,,,,,
sft_text_combined_qwen3_8b_it_0307_190324,7030.0,0.7287617270512621,1.6754,5.7728,,3.168024063110352,3.4869598097590274e-05,,,,,,
sft_text_combined_qwen3_8b_it_0307_190324,7040.0,0.7297983724666978,1.7131,6.4332,,2.77091908454895,3.462025037467338e-05,,,,,,
sft_text_combined_qwen3_8b_it_0307_190324,7050.0,0.7308350178821335,1.8031,6.0767,,2.0200963020324707,3.437161061182312e-05,,,,,,
sft_text_combined_qwen3_8b_it_0307_190324,7060.0,0.731871663297569,1.6914,5.9814,,3.139949083328247,3.4123681501417824e-05,,,,,,
sft_text_combined_qwen3_8b_it_0307_190324,7070.0,0.7329083087130047,1.796,6.3446,,2.621171712875366,3.387646572814067e-05,,,,,,
sft_text_combined_qwen3_8b_it_0307_190324,7080.0,0.7339449541284404,1.7827,6.0332,,1.6536240577697754,3.36299659689504e-05,,,,,,
sft_text_combined_qwen3_8b_it_0307_190324,7090.0,0.734981599543876,1.7449,6.0462,,3.112591505050659,3.3384184893052485e-05,,,,,,
sft_text_combined_qwen3_8b_it_0307_190324,7100.0,0.7360182449593117,1.6543,6.1471,,2.6791388988494877,3.313912516187022e-05,,,,,,
sft_text_combined_qwen3_8b_it_0307_190324,7110.0,0.7370548903747474,1.6437,5.754,,3.149907350540161,3.289478942901584e-05,,,,,,
sft_text_combined_qwen3_8b_it_0307_190324,7120.0,0.7380915357901829,1.7673,6.3908,,2.9102654457092285,3.265118034026177e-05,,,,,,
sft_text_combined_qwen3_8b_it_0307_190324,7130.0,0.7391281812056186,1.7131,6.0287,,1.9601694345474243,3.240830053351214e-05,,,,,,
sft_text_combined_qwen3_8b_it_0307_190324,7140.0,0.7401648266210543,1.6797,5.9525,,3.06898832321167,3.2166152638773986e-05,,,,,,
sft_text_combined_qwen3_8b_it_0307_190324,7150.0,0.7412014720364899,1.7232,6.3054,,2.4377846717834477,3.192473927812889e-05,,,,,,
sft_text_combined_qwen3_8b_it_0307_190324,7160.0,0.7422381174519256,1.5962,5.8733,,1.535735845565796,3.1684063065704694e-05,,,,,,
sft_text_combined_qwen3_8b_it_0307_190324,7170.0,0.7432747628673613,1.601,6.218,,2.8065552711486816,3.144412660764696e-05,,,,,,
sft_text_combined_qwen3_8b_it_0307_190324,7180.0,0.7443114082827968,1.7829,6.1318,,2.3391008377075195,3.120493250209091e-05,,,,,,
sft_text_combined_qwen3_8b_it_0307_190324,7190.0,0.7453480536982325,1.6296,5.7891,,2.780115127563477,3.09664833391333e-05,,,,,,
sft_text_combined_qwen3_8b_it_0307_190324,7200.0,0.7463846991136681,1.7472,6.4923,,2.85347056388855,3.0728781700804274e-05,,,,,,
sft_text_combined_qwen3_8b_it_0307_190324,7210.0,0.7474213445291038,1.6899,6.0204,,2.4863429069519043,3.049183016103944e-05,,,,,,
sft_text_combined_qwen3_8b_it_0307_190324,7220.0,0.7484579899445395,1.5961,5.912,,3.419955253601074,3.0255631285652063e-05,,,,,,
sft_text_combined_qwen3_8b_it_0307_190324,7230.0,0.7494946353599751,1.749,6.3982,,2.4750006198883057,3.0020187632305303e-05,,,,,,
sft_text_combined_qwen3_8b_it_0307_190324,7240.0,0.7505312807754108,1.6696,5.8709,,1.9410758018493648,2.9785501750484223e-05,,,,,,
sft_text_combined_qwen3_8b_it_0307_190324,7250.0,0.7515679261908464,1.6074,6.0363,,2.8681352138519287,2.9551576181468645e-05,,,,,,
sft_text_combined_qwen3_8b_it_0307_190324,7250.0,0.7515679261908464,1.5303,,1.220366597175598,,,,,,,,
sft_text_combined_qwen3_8b_it_0307_190324,7260.0,0.752604571606282,1.7467,6.1115,,2.245098352432251,2.931841345830533e-05,,,,,,
sft_text_combined_qwen3_8b_it_0307_190324,7270.0,0.7536412170217177,1.6715,5.7517,,3.16724157333374,2.908601610578049e-05,,,,,,
sft_text_combined_qwen3_8b_it_0307_190324,7280.0,0.7546778624371534,1.6978,6.3066,,2.6989240646362305,2.8854386640392773e-05,,,,,,
sft_text_combined_qwen3_8b_it_0307_190324,7290.0,0.755714507852589,1.7589,6.0839,,2.0056071281433105,2.862352757032567e-05,,,,,,
sft_text_combined_qwen3_8b_it_0307_190324,7300.0,0.7567511532680247,1.6116,5.9917,,3.1851634979248047,2.839344139542052e-05,,,,,,
sft_text_combined_qwen3_8b_it_0307_190324,7310.0,0.7577877986834604,1.7128,6.2763,,2.4649858474731445,2.816413060714952e-05,,,,,,
sft_text_combined_qwen3_8b_it_0307_190324,7320.0,0.7588244440988959,1.713,6.0026,,1.6533868312835691,2.793559768858853e-05,,,,,,
sft_text_combined_qwen3_8b_it_0307_190324,7330.0,0.7598610895143316,1.5727,6.0321,,3.039490222930908,2.770784511439034e-05,,,,,,
sft_text_combined_qwen3_8b_it_0307_190324,7340.0,0.7608977349297673,1.7443,6.1079,,2.3971140384674072,2.7480875350757876e-05,,,,,,
sft_text_combined_qwen3_8b_it_0307_190324,7350.0,0.7619343803452029,1.5514,5.7321,,3.16309666633606,2.72546908554174e-05,,,,,,
sft_text_combined_qwen3_8b_it_0307_190324,7360.0,0.7629710257606386,1.8122,6.4045,,2.844907522201538,2.7029294077591937e-05,,,,,,
sft_text_combined_qwen3_8b_it_0307_190324,7370.0,0.7640076711760743,1.7071,6.1678,,2.1790695190429688,2.6804687457974877e-05,,,,,,
sft_text_combined_qwen3_8b_it_0307_190324,7380.0,0.7650443165915098,1.5698,5.9772,,3.1133086681365967,2.6580873428703325e-05,,,,,,
sft_text_combined_qwen3_8b_it_0307_190324,7390.0,0.7660809620069455,1.7493,6.2537,,2.6494719982147217,2.6357854413331876e-05,,,,,,
sft_text_combined_qwen3_8b_it_0307_190324,7400.0,0.7671176074223812,1.6693,5.9185,,1.867319107055664,2.6135632826806463e-05,,,,,,
sft_text_combined_qwen3_8b_it_0307_190324,7410.0,0.7681542528378168,1.7403,6.2107,,2.8112988471984863,2.5914211075438052e-05,,,,,,
sft_text_combined_qwen3_8b_it_0307_190324,7420.0,0.7691908982532525,1.8712,6.1527,,2.422859907150269,2.5693591556876627e-05,,,,,,
sft_text_combined_qwen3_8b_it_0307_190324,7430.0,0.7702275436686882,1.5927,5.5957,,3.016889333724976,2.5473776660085336e-05,,,,,,
sft_text_combined_qwen3_8b_it_0307_190324,7440.0,0.7712641890841238,1.6973,6.3303,,2.9259824752807617,2.525476876531445e-05,,,,,,
sft_text_combined_qwen3_8b_it_0307_190324,7450.0,0.7723008344995594,1.6367,5.9361,,2.08912992477417,2.5036570244075696e-05,,,,,,
sft_text_combined_qwen3_8b_it_0307_190324,7460.0,0.7733374799149951,1.7325,5.931,,3.019989252090454,2.4819183459116623e-05,,,,,,
sft_text_combined_qwen3_8b_it_0307_190324,7470.0,0.7743741253304307,1.7879,6.2557,,2.7209041118621826,2.460261076439485e-05,,,,,,
sft_text_combined_qwen3_8b_it_0307_190324,7480.0,0.7754107707458664,1.7133,6.033,,1.6453804969787598,2.4386854505052715e-05,,,,,,
sft_text_combined_qwen3_8b_it_0307_190324,7490.0,0.776447416161302,1.6232,6.1202,,2.910053253173828,2.41719170173919e-05,,,,,,
sft_text_combined_qwen3_8b_it_0307_190324,7500.0,0.7774840615767377,1.7557,6.2192,,2.371248483657837,2.3957800628847983e-05,,,,,,
sft_text_combined_qwen3_8b_it_0307_190324,7500.0,0.7774840615767377,1.5084,,1.2106518745422363,,,,,,,,
sft_text_combined_qwen3_8b_it_0307_190324,7510.0,0.7785207069921734,1.6011,5.7548,,3.2217721939086914,2.3744507657965356e-05,,,,,,
sft_text_combined_qwen3_8b_it_0307_190324,7520.0,0.7795573524076089,1.6938,6.3505,,2.639532804489136,2.353204041437216e-05,,,,,,
sft_text_combined_qwen3_8b_it_0307_190324,7530.0,0.7805939978230446,1.7322,5.901,,1.957841396331787,2.332040119875512e-05,,,,,,
sft_text_combined_qwen3_8b_it_0307_190324,7540.0,0.7816306432384803,1.6485,5.9115,,2.951104164123535,2.3109592302834704e-05,,,,,,
sft_text_combined_qwen3_8b_it_0307_190324,7550.0,0.7826672886539159,1.739,6.2356,,2.438570261001587,2.289961600934043e-05,,,,,,
sft_text_combined_qwen3_8b_it_0307_190324,7560.0,0.7837039340693516,1.6109,5.7613,,3.255195617675781,2.2690474591985955e-05,,,,,,
sft_text_combined_qwen3_8b_it_0307_190324,7570.0,0.7847405794847873,1.7555,6.4165,,2.593017101287842,2.2482170315444503e-05,,,,,,
sft_text_combined_qwen3_8b_it_0307_190324,7580.0,0.7857772249002228,1.5784,5.9275,,2.1768929958343506,2.2274705435324515e-05,,,,,,
sft_text_combined_qwen3_8b_it_0307_190324,7590.0,0.7868138703156585,1.6005,5.8969,,2.955286741256714,2.2068082198144947e-05,,,,,,
sft_text_combined_qwen3_8b_it_0307_190324,7600.0,0.7878505157310942,1.7074,6.2768,,2.575255870819092,2.1862302841311112e-05,,,,,,
sft_text_combined_qwen3_8b_it_0307_190324,7610.0,0.7888871611465298,1.8221,5.9606,,1.6267714500427246,2.1657369593090517e-05,,,,,,
sft_text_combined_qwen3_8b_it_0307_190324,7620.0,0.7899238065619655,1.7193,6.1025,,3.2599663734436035,2.1453284672588537e-05,,,,,,
sft_text_combined_qwen3_8b_it_0307_190324,7630.0,0.7909604519774012,1.7359,6.1455,,2.2812275886535645,2.1250050289724487e-05,,,,,,
sft_text_combined_qwen3_8b_it_0307_190324,7640.0,0.7919970973928367,1.6348,5.7244,,2.6806020736694336,2.10476686452078e-05,,,,,,
sft_text_combined_qwen3_8b_it_0307_190324,7650.0,0.7930337428082724,1.7486,6.3592,,2.755457639694214,2.0846141930513983e-05,,,,,,
sft_text_combined_qwen3_8b_it_0307_190324,7660.0,0.7940703882237081,1.6963,6.0865,,1.833245873451233,2.0645472327861017e-05,,,,,,
sft_text_combined_qwen3_8b_it_0307_190324,7670.0,0.7951070336391437,1.628,6.0352,,3.065141201019287,2.0445662010185774e-05,,,,,,
sft_text_combined_qwen3_8b_it_0307_190324,7680.0,0.7961436790545794,1.7263,6.1299,,2.522425651550293,2.0246713141120333e-05,,,,,,
sft_text_combined_qwen3_8b_it_0307_190324,7690.0,0.7971803244700151,1.6641,5.8837,,2.0417847633361816,2.004862787496865e-05,,,,,,
sft_text_combined_qwen3_8b_it_0307_190324,7700.0,0.7982169698854507,1.6385,6.2401,,2.754370927810669,1.9851408356683287e-05,,,,,,
sft_text_combined_qwen3_8b_it_0307_190324,7710.0,0.7992536153008863,1.6882,6.0142,,2.143696546554565,1.9655056721842047e-05,,,,,,
sft_text_combined_qwen3_8b_it_0307_190324,7720.0,0.800290260716322,1.534,5.7462,,2.753749132156372,1.9459575096624905e-05,,,,,,
sft_text_combined_qwen3_8b_it_0307_190324,7730.0,0.8013269061317576,1.6687,6.3206,,2.655578374862671,1.9264965597791084e-05,,,,,,
sft_text_combined_qwen3_8b_it_0307_190324,7740.0,0.8023635515471933,1.8951,6.0376,,1.8414462804794312,1.9071230332655964e-05,,,,,,
sft_text_combined_qwen3_8b_it_0307_190324,7750.0,0.803400196962629,1.6835,5.986,,3.0170726776123047,1.887837139906835e-05,,,,,,
sft_text_combined_qwen3_8b_it_0307_190324,7750.0,0.803400196962629,1.4839,,1.2084767818450928,,,,,,,,
sft_text_combined_qwen3_8b_it_0307_190324,7760.0,0.8044368423780646,1.711,6.1462,,2.2986900806427,1.8686390885387823e-05,,,,,,
sft_text_combined_qwen3_8b_it_0307_190324,7770.0,0.8054734877935003,1.7507,5.9305,,2.1568920612335205,1.849529087046196e-05,,,,,,
sft_text_combined_qwen3_8b_it_0307_190324,7780.0,0.8065101332089358,1.6959,6.1537,,3.0157806873321533,1.8305073423604024e-05,,,,,,
sft_text_combined_qwen3_8b_it_0307_190324,7790.0,0.8075467786243715,1.704,6.017,,2.351663827896118,1.8115740604570352e-05,,,,,,
sft_text_combined_qwen3_8b_it_0307_190324,7800.0,0.8085834240398072,1.6474,5.759,,3.2664074897766118,1.792729446353818e-05,,,,,,
sft_text_combined_qwen3_8b_it_0307_190324,7810.0,0.8096200694552428,1.8243,6.3537,,2.625231981277466,1.7739737041083483e-05,,,,,,
sft_text_combined_qwen3_8b_it_0307_190324,7820.0,0.8106567148706785,1.8059,6.1166,,1.9477547407150269,1.7553070368158708e-05,,,,,,
sft_text_combined_qwen3_8b_it_0307_190324,7830.0,0.8116933602861142,1.6269,5.9648,,3.0255300998687744,1.7367296466070916e-05,,,,,,
sft_text_combined_qwen3_8b_it_0307_190324,7840.0,0.8127300057015497,1.604,6.1511,,2.741821765899658,1.718241734645991e-05,,,,,,
sft_text_combined_qwen3_8b_it_0307_190324,7850.0,0.8137666511169854,1.7086,5.7247,,2.234638929367065,1.699843501127634e-05,,,,,,
sft_text_combined_qwen3_8b_it_0307_190324,7860.0,0.8148032965324211,1.6781,6.3077,,2.71258544921875,1.6815351452760097e-05,,,,,,
sft_text_combined_qwen3_8b_it_0307_190324,7870.0,0.8158399419478567,1.6711,6.1333,,2.1096010208129883,1.6633168653418784e-05,,,,,,
sft_text_combined_qwen3_8b_it_0307_190324,7880.0,0.8168765873632924,1.5895,5.7225,,2.905183792114258,1.645188858600615e-05,,,,,,
sft_text_combined_qwen3_8b_it_0307_190324,7890.0,0.8179132327787281,1.7639,6.2858,,2.587855815887451,1.6271513213500733e-05,,,,,,
sft_text_combined_qwen3_8b_it_0307_190324,7900.0,0.8189498781941636,1.765,5.9864,,1.645825982093811,1.6092044489084767e-05,,,,,,
sft_text_combined_qwen3_8b_it_0307_190324,7910.0,0.8199865236095993,1.6743,6.0828,,3.0283873081207275,1.591348435612281e-05,,,,,,
sft_text_combined_qwen3_8b_it_0307_190324,7920.0,0.821023169025035,1.7695,6.349,,2.413867950439453,1.573583474814081e-05,,,,,,
sft_text_combined_qwen3_8b_it_0307_190324,7930.0,0.8220598144404706,1.555,5.7145,,2.597885131835937,1.5559097588805206e-05,,,,,,
sft_text_combined_qwen3_8b_it_0307_190324,7940.0,0.8230964598559063,1.7762,6.3593,,2.8110873699188232,1.5383274791902013e-05,,,,,,
sft_text_combined_qwen3_8b_it_0307_190324,7950.0,0.824133105271342,1.6762,5.976,,1.8779231309890747,1.520836826131612e-05,,,,,,
sft_text_combined_qwen3_8b_it_0307_190324,7960.0,0.8251697506867776,1.6818,5.908,,3.2068235874176025,1.5034379891010788e-05,,,,,,
sft_text_combined_qwen3_8b_it_0307_190324,7970.0,0.8262063961022132,1.8726,6.4356,,2.556342601776123,1.4861311565006864e-05,,,,,,
sft_text_combined_qwen3_8b_it_0307_190324,7980.0,0.8272430415176489,1.6018,5.8441,,1.6824415922164917,1.468916515736274e-05,,,,,,
sft_text_combined_qwen3_8b_it_0307_190324,7990.0,0.8282796869330845,1.7047,6.2533,,2.88657546043396,1.4517942532153816e-05,,,,,,
sft_text_combined_qwen3_8b_it_0307_190324,8000.0,0.8293163323485202,1.7438,6.0623,,2.3169167041778564,1.4347645543452305e-05,,,,,,
sft_text_combined_qwen3_8b_it_0307_190324,8000.0,0.8293163323485202,1.3415,,1.2072135210037231,,,,,,,,
sft_text_combined_qwen3_8b_it_0307_190324,8010.0,0.8303529777639559,1.5466,5.5942,,3.1645941734313965,1.4178276035307314e-05,,,,,,
sft_text_combined_qwen3_8b_it_0307_190324,8020.0,0.8313896231793915,1.6121,6.2202,,2.853916883468628,1.400983584172484e-05,,,,,,
sft_text_combined_qwen3_8b_it_0307_190324,8030.0,0.8324262685948272,1.7682,6.0651,,1.818747401237488,1.3842326786647674e-05,,,,,,
sft_text_combined_qwen3_8b_it_0307_190324,8040.0,0.8334629140102627,1.5189,5.9216,,3.258772611618042,1.3675750683936029e-05,,,,,,
sft_text_combined_qwen3_8b_it_0307_190324,8050.0,0.8344995594256984,1.7124,6.1686,,2.4521846771240234,1.3510109337347654e-05,,,,,,
sft_text_combined_qwen3_8b_it_0307_190324,8060.0,0.8355362048411341,1.6474,5.7578,,1.896164298057556,1.3345404540518258e-05,,,,,,
sft_text_combined_qwen3_8b_it_0307_190324,8070.0,0.8365728502565697,1.7292,6.3597,,2.878234624862671,1.3181638076942326e-05,,,,,,
sft_text_combined_qwen3_8b_it_0307_190324,8080.0,0.8376094956720054,1.6239,6.1494,,2.1413612365722656,1.3018811719953616e-05,,,,,,
sft_text_combined_qwen3_8b_it_0307_190324,8090.0,0.8386461410874411,1.5781,5.6891,,3.0176281929016118,1.285692723270594e-05,,,,,,
sft_text_combined_qwen3_8b_it_0307_190324,8100.0,0.8396827865028766,1.6493,6.5279,,3.0251941680908203,1.2695986368154234e-05,,,,,,
sft_text_combined_qwen3_8b_it_0307_190324,8110.0,0.8407194319183123,1.6511,5.8869,,1.9478636980056765,1.2535990869035474e-05,,,,,,
sft_text_combined_qwen3_8b_it_0307_190324,8120.0,0.841756077333748,1.6844,5.9622,,3.027153730392456,1.2376942467849716e-05,,,,,,
sft_text_combined_qwen3_8b_it_0307_190324,8130.0,0.8427927227491836,1.8081,6.1772,,2.4799728393554688,1.221884288684152e-05,,,,,,
sft_text_combined_qwen3_8b_it_0307_190324,8140.0,0.8438293681646193,1.6074,5.8542,,1.7873650789260864,1.2061693837981247e-05,,,,,,
sft_text_combined_qwen3_8b_it_0307_190324,8150.0,0.844866013580055,1.6397,6.0565,,2.92256498336792,1.1905497022946344e-05,,,,,,
sft_text_combined_qwen3_8b_it_0307_190324,8160.0,0.8459026589954906,1.6752,6.0896,,2.114734411239624,1.1750254133103188e-05,,,,,,
sft_text_combined_qwen3_8b_it_0307_190324,8170.0,0.8469393044109262,1.6469,5.8381,,3.27673864364624,1.1595966849488647e-05,,,,,,
sft_text_combined_qwen3_8b_it_0307_190324,8180.0,0.8479759498263619,1.6978,6.4133,,2.6940340995788574,1.1442636842791745e-05,,,,,,
sft_text_combined_qwen3_8b_it_0307_190324,8190.0,0.8490125952417975,1.6734,5.9721,,2.154524564743042,1.1290265773335818e-05,,,,,,
sft_text_combined_qwen3_8b_it_0307_190324,8200.0,0.8500492406572332,1.6404,6.0739,,3.2246181964874268,1.1138855291060424e-05,,,,,,
sft_text_combined_qwen3_8b_it_0307_190324,8210.0,0.8510858860726689,1.7535,6.1604,,2.3231618404388428,1.0988407035503356e-05,,,,,,
sft_text_combined_qwen3_8b_it_0307_190324,8220.0,0.8521225314881045,1.6373,5.8553,,1.7922630310058594,1.0838922635783122e-05,,,,,,
sft_text_combined_qwen3_8b_it_0307_190324,8230.0,0.8531591769035402,1.6621,6.1732,,2.783137083053589,1.0690403710581154e-05,,,,,,
sft_text_combined_qwen3_8b_it_0307_190324,8240.0,0.8541958223189758,1.688,6.078,,2.182896375656128,1.0542851868124216e-05,,,,,,
sft_text_combined_qwen3_8b_it_0307_190324,8250.0,0.8552324677344114,1.5723,5.9063,,3.2180490493774414,1.0396268706167224e-05,,,,,,
sft_text_combined_qwen3_8b_it_0307_190324,8250.0,0.8552324677344114,1.5529,,1.207998514175415,,,,,,,,
sft_text_combined_qwen3_8b_it_0307_190324,8260.0,0.0010366454154356,1.8101,6.6104,,2.5677528381347656,1.8e-05,,,,,,
sft_text_combined_qwen3_8b_it_0307_190324,8270.0,0.0020732908308713,1.795,6.338,,1.6316288709640503,3.8e-05,,,,,,
sft_text_combined_qwen3_8b_it_0307_190324,8280.0,0.0031099362463069,1.7921,6.296,,2.6180808544158936,5.8e-05,,,,,,
sft_text_combined_qwen3_8b_it_0307_190324,8290.0,0.0041465816617426,1.8093,6.3969,,2.235417127609253,7.800000000000001e-05,,,,,,
sft_text_combined_qwen3_8b_it_0307_190324,8300.0,0.0051832270771782,1.6827,6.0285,,2.407546043395996,9.8e-05,,,,,,
sft_text_combined_qwen3_8b_it_0307_190324,8310.0,0.0062198724926139,1.7609,6.6039,,2.925360679626465,0.000118,,,,,,
sft_text_combined_qwen3_8b_it_0307_190324,8320.0,0.0072565179080495,1.7667,6.3153,,2.4200563430786133,0.000138,,,,,,
sft_text_combined_qwen3_8b_it_0307_190324,8330.0,0.0082931633234852,1.7009,6.1498,,3.5898966789245605,0.000158,,,,,,
sft_text_combined_qwen3_8b_it_0307_190324,8340.0,0.0093298087389208,1.8511,6.5972,,3.447526454925537,0.000178,,,,,,
sft_text_combined_qwen3_8b_it_0307_190324,8350.0,0.0103664541543565,1.6827,6.2496,,2.41477108001709,0.000198,,,,,,
sft_text_combined_qwen3_8b_it_0307_190324,8360.0,0.0114030995697921,1.6676,6.3223,,3.754790544509888,0.0001999995614484,,,,,,
sft_text_combined_qwen3_8b_it_0307_190324,8370.0,0.0124397449852278,1.8104,6.5725,,2.7699344158172607,0.0001999980454729,,,,,,
sft_text_combined_qwen3_8b_it_0307_190324,8380.0,0.0134763904006634,1.766,6.0621,,3.124854326248169,0.0001999954466754,,,,,,
sft_text_combined_qwen3_8b_it_0307_190324,8390.0,0.0145130358160991,1.8652,6.7006,,4.208704948425293,0.0001999917650842,,,,,,
sft_text_combined_qwen3_8b_it_0307_190324,8400.0,0.0155496812315347,1.7079,6.3834,,2.4683165550231934,0.0001999870007392,,,,,,
sft_text_combined_qwen3_8b_it_0307_190324,8410.0,0.0165863266469704,1.7857,6.2658,,3.6260948181152335,0.0001999811536919,,,,,,
sft_text_combined_qwen3_8b_it_0307_190324,8420.0,0.017622972062406,1.7472,6.6126,,2.910548686981201,0.0001999742240056,,,,,,
sft_text_combined_qwen3_8b_it_0307_190324,8430.0,0.0186596174778417,1.7919,6.4357,,2.443040609359741,0.0001999662117554,,,,,,
sft_text_combined_qwen3_8b_it_0307_190324,8440.0,0.0196962628932773,1.711,6.3102,,3.478045463562012,0.000199957117028,,,,,,
sft_text_combined_qwen3_8b_it_0307_190324,8450.0,0.020732908308713,1.816,6.4954,,2.7776904106140137,0.000199946939922,,,,,,
sft_text_combined_qwen3_8b_it_0307_190324,8460.0,0.0217695537241486,1.7622,6.1836,,2.5710666179656982,0.0001999356805474,,,,,,
sft_text_combined_qwen3_8b_it_0307_190324,8470.0,0.0228061991395843,1.7621,6.6623,,3.502251625061035,0.0001999233390264,,,,,,
sft_text_combined_qwen3_8b_it_0307_190324,8480.0,0.0238428445550199,1.7628,6.5298,,2.644031047821045,0.0001999099154923,,,,,,
sft_text_combined_qwen3_8b_it_0307_190324,8490.0,0.0248794899704556,1.6549,6.2936,,3.189781188964844,0.0001998954100908,,,,,,
sft_text_combined_qwen3_8b_it_0307_190324,8500.0,0.0259161353858912,1.6968,6.6212,,2.971061944961548,0.0001998798229787,,,,,,
sft_text_combined_qwen3_8b_it_0307_190324,8500.0,0.0259161353858912,1.5339,,1.2925020456314087,,,,,,,,
sft_text_combined_qwen3_8b_it_0307_190324,8510.0,0.0269527808013269,1.7926,6.362,,1.7915832996368408,0.0001998631543249,,,,,,
sft_text_combined_qwen3_8b_it_0307_190324,8520.0,0.0279894262167625,1.8192,6.5988,,3.106147289276123,0.0001998454043099,,,,,,
sft_text_combined_qwen3_8b_it_0307_190324,8530.0,0.0290260716321982,1.7769,6.4716,,2.3648104667663574,0.0001998265731259,,,,,,
sft_text_combined_qwen3_8b_it_0307_190324,8540.0,0.0300627170476338,1.667,5.9959,,3.5553925037384038,0.0001998066609769,,,,,,
sft_text_combined_qwen3_8b_it_0307_190324,8550.0,0.0310993624630695,1.8054,6.7222,,4.342833518981934,0.0001997856680783,,,,,,
sft_text_combined_qwen3_8b_it_0307_190324,8560.0,0.0321360078785051,1.8486,6.4445,,4.002403259277344,0.0001997635946576,,,,,,
sft_text_combined_qwen3_8b_it_0307_190324,8570.0,0.0331726532939408,1.6837,6.3731,,3.503098964691162,0.0001997404409537,,,,,,
sft_text_combined_qwen3_8b_it_0307_190324,8580.0,0.0342092987093764,1.7879,6.5028,,2.603614330291748,0.0001997162072174,,,,,,
sft_text_combined_qwen3_8b_it_0307_190324,8590.0,0.0352459441248121,1.7578,6.1755,,2.79782772064209,0.0001996908937111,,,,,,
sft_text_combined_qwen3_8b_it_0307_190324,8600.0,0.0362825895402477,1.835,6.6139,,3.695881366729736,0.0001996645007089,,,,,,
sft_text_combined_qwen3_8b_it_0307_190324,8610.0,0.0373192349556834,1.7415,6.3916,,2.4572324752807617,0.0001996370284966,,,,,,
sft_text_combined_qwen3_8b_it_0307_190324,8620.0,0.038355880371119,1.6987,6.1798,,3.476873874664306,0.0001996084773717,,,,,,
sft_text_combined_qwen3_8b_it_0307_190324,8630.0,0.0393925257865547,1.8129,6.5445,,3.0058603286743164,0.0001995788476433,,,,,,
sft_text_combined_qwen3_8b_it_0307_190324,8640.0,0.0404291712019903,1.7699,6.0823,,3.7208235263824463,0.0001995481396323,,,,,,
sft_text_combined_qwen3_8b_it_0307_190324,8650.0,0.041465816617426,1.6813,6.5625,,2.9420950412750244,0.0001995163536711,,,,,,
sft_text_combined_qwen3_8b_it_0307_190324,8660.0,0.0425024620328616,1.7672,6.3832,,2.255334854125977,0.0001994834901041,,,,,,
sft_text_combined_qwen3_8b_it_0307_190324,8670.0,0.0435391074482973,1.6584,6.0839,,3.305654287338257,0.0001994495492871,,,,,,
sft_text_combined_qwen3_8b_it_0307_190324,8680.0,0.0445757528637329,1.7372,6.5545,,3.0032553672790527,0.0001994145315875,,,,,,
sft_text_combined_qwen3_8b_it_0307_190324,8690.0,0.0456123982791686,1.7258,6.3548,,2.4164631366729736,0.0001993784373846,,,,,,
sft_text_combined_qwen3_8b_it_0307_190324,8700.0,0.0466490436946042,1.6961,6.2251,,3.353236675262451,0.0001993412670692,,,,,,
sft_text_combined_qwen3_8b_it_0307_190324,8710.0,0.0476856891100399,1.8315,6.4907,,3.1491711139678955,0.0001993030210438,,,,,,
sft_text_combined_qwen3_8b_it_0307_190324,8720.0,0.0487223345254755,1.6303,6.0082,,2.809540033340454,0.0001992636997225,,,,,,
sft_text_combined_qwen3_8b_it_0307_190324,8730.0,0.0497589799409112,1.8046,6.6662,,2.992293119430542,0.0001992233035312,,,,,,
sft_text_combined_qwen3_8b_it_0307_190324,8740.0,0.0507956253563468,1.6927,6.3133,,2.100921154022217,0.0001991818329073,,,,,,
sft_text_combined_qwen3_8b_it_0307_190324,8750.0,0.0518322707717825,1.7171,6.2147,,3.285611152648926,0.0001991392882998,,,,,,
sft_text_combined_qwen3_8b_it_0307_190324,8750.0,0.0518322707717825,1.5396,,1.2912566661834717,,,,,,,,
sft_text_combined_qwen3_8b_it_0307_190324,8760.0,0.0528689161872181,1.7301,6.6077,,3.01558518409729,0.0001990956701694,,,,,,
sft_text_combined_qwen3_8b_it_0307_190324,8770.0,0.0539055616026538,1.7456,6.081,,1.9373579025268557,0.0001990509789884,,,,,,
sft_text_combined_qwen3_8b_it_0307_190324,8780.0,0.0549422070180894,1.6192,6.4298,,3.320312023162842,0.0001990052152408,,,,,,
sft_text_combined_qwen3_8b_it_0307_190324,8790.0,0.0559788524335251,1.691,6.3651,,2.9464457035064697,0.0001989583794221,,,,,,
sft_text_combined_qwen3_8b_it_0307_190324,8800.0,0.0570154978489607,1.6572,6.1325,,3.1232852935791016,0.0001989104720396,,,,,,
sft_text_combined_qwen3_8b_it_0307_190324,8810.0,0.0580521432643964,1.7981,6.6722,,3.054492950439453,0.0001988614936118,,,,,,
sft_text_combined_qwen3_8b_it_0307_190324,8820.0,0.059088788679832,1.7608,6.251,,2.2752864360809326,0.0001988114446692,,,,,,
sft_text_combined_qwen3_8b_it_0307_190324,8830.0,0.0601254340952677,1.6059,6.2493,,3.436063289642334,0.0001987603257539,,,,,,
sft_text_combined_qwen3_8b_it_0307_190324,8840.0,0.0611620795107033,1.9555,6.6179,,2.5464086532592773,0.0001987081374191,,,,,,
sft_text_combined_qwen3_8b_it_0307_190324,8850.0,0.062198724926139,1.7583,6.3361,,2.404130220413208,0.0001986548802302,,,,,,
sft_text_combined_qwen3_8b_it_0307_190324,8860.0,0.0632353703415746,1.7504,6.5344,,2.727038860321045,0.0001986005547638,,,,,,
sft_text_combined_qwen3_8b_it_0307_190324,8870.0,0.0642720157570103,1.8204,6.4995,,3.114305019378662,0.0001985451616082,,,,,,
sft_text_combined_qwen3_8b_it_0307_190324,8880.0,0.0653086611724459,1.7378,6.0932,,3.395483016967773,0.0001984887013631,,,,,,
sft_text_combined_qwen3_8b_it_0307_190324,8890.0,0.0663453065878816,1.9031,6.5889,,2.9364824295043945,0.00019843117464,,,,,,
sft_text_combined_qwen3_8b_it_0307_190324,8900.0,0.0673819520033172,1.7132,6.2338,,2.168675661087036,0.0001983725820618,,,,,,
sft_text_combined_qwen3_8b_it_0307_190324,8910.0,0.0684185974187529,1.6696,6.4351,,3.162313461303711,0.0001983129242629,,,,,,
sft_text_combined_qwen3_8b_it_0307_190324,8920.0,0.0694552428341885,1.725,6.6388,,2.668328046798706,0.0001982522018893,,,,,,
sft_text_combined_qwen3_8b_it_0307_190324,8930.0,0.0704918882496242,1.5661,5.9819,,2.4198403358459477,0.0001981904155987,,,,,,
sft_text_combined_qwen3_8b_it_0307_190324,8940.0,0.0715285336650598,1.795,6.5326,,3.095501661300659,0.0001981275660599,,,,,,
sft_text_combined_qwen3_8b_it_0307_190324,8950.0,0.0725651790804955,1.6754,6.2746,,2.974416494369507,0.0001980636539536,,,,,,
sft_text_combined_qwen3_8b_it_0307_190324,8960.0,0.0736018244959311,1.6799,6.1939,,3.4585890769958496,0.0001979986799719,,,,,,
sft_text_combined_qwen3_8b_it_0307_190324,8970.0,0.0746384699113668,1.8869,6.609,,2.6919379234313965,0.0001979326448183,,,,,,
sft_text_combined_qwen3_8b_it_0307_190324,8980.0,0.0756751153268024,1.7635,6.1168,,1.7103140354156494,0.0001978655492079,,,,,,
sft_text_combined_qwen3_8b_it_0307_190324,8990.0,0.0767117607422381,1.6697,6.4185,,3.021794557571411,0.0001977973938672,,,,,,
sft_text_combined_qwen3_8b_it_0307_190324,9000.0,0.0777484061576737,1.6831,6.4136,,2.3527865409851074,0.0001977281795342,,,,,,
sft_text_combined_qwen3_8b_it_0307_190324,9000.0,0.0777484061576737,1.5147,,1.2757512331008911,,,,,,,,
sft_text_combined_qwen3_8b_it_0307_190324,9010.0,0.0787850515731094,1.5985,5.8961,,3.237732172012329,0.0001976579069584,,,,,,
sft_text_combined_qwen3_8b_it_0307_190324,9020.0,0.079821696988545,1.8374,6.5866,,3.767474174499512,0.0001975865769008,,,,,,
sft_text_combined_qwen3_8b_it_0307_190324,9030.0,0.0808583424039807,1.7835,6.2603,,2.112489461898804,0.0001975141901338,,,,,,
sft_text_combined_qwen3_8b_it_0307_190324,9040.0,0.0818949878194163,1.7278,6.3216,,3.3075919151306152,0.0001974407474411,,,,,,
sft_text_combined_qwen3_8b_it_0307_190324,9050.0,0.082931633234852,1.7541,6.5238,,2.5914485454559326,0.000197366249618,,,,,,
sft_text_combined_qwen3_8b_it_0307_190324,9060.0,0.0839682786502876,1.6928,5.9755,,2.4986093044281006,0.0001972906974713,,,,,,
sft_text_combined_qwen3_8b_it_0307_190324,9070.0,0.0850049240657233,1.7911,6.609,,2.8777856826782227,0.0001972140918191,,,,,,
sft_text_combined_qwen3_8b_it_0307_190324,9080.0,0.0860415694811589,1.8418,6.2426,,2.090039730072021,0.0001971364334909,,,,,,
sft_text_combined_qwen3_8b_it_0307_190324,9090.0,0.0870782148965946,1.6641,6.1987,,2.8909802436828613,0.0001970577233275,,,,,,
sft_text_combined_qwen3_8b_it_0307_190324,9100.0,0.0881148603120302,1.8118,6.5859,,2.406812906265259,0.0001969779621813,,,,,,
sft_text_combined_qwen3_8b_it_0307_190324,9110.0,0.0891515057274659,1.7471,6.1434,,2.385220527648926,0.0001968971509161,,,,,,
sft_text_combined_qwen3_8b_it_0307_190324,9120.0,0.0901881511429015,1.7216,6.2559,,3.399512529373169,0.0001968152904067,,,,,,
sft_text_combined_qwen3_8b_it_0307_190324,9130.0,0.0912247965583372,1.6818,6.3296,,2.3523733615875244,0.0001967323815398,,,,,,
sft_text_combined_qwen3_8b_it_0307_190324,9140.0,0.0922614419737728,1.691,5.9838,,2.8517861366271973,0.000196648425213,,,,,,
sft_text_combined_qwen3_8b_it_0307_190324,9150.0,0.0932980873892085,1.6568,6.6588,,2.9049174785614014,0.0001965634223354,,,,,,
sft_text_combined_qwen3_8b_it_0307_190324,9160.0,0.0943347328046441,1.6804,6.2931,,2.1641671657562256,0.0001964773738275,,,,,,
sft_text_combined_qwen3_8b_it_0307_190324,9170.0,0.0953713782200798,1.628,6.2623,,2.885537624359131,0.0001963902806212,,,,,,
sft_text_combined_qwen3_8b_it_0307_190324,9180.0,0.0964080236355154,1.8126,6.5401,,2.7464823722839355,0.0001963021436593,,,,,,
sft_text_combined_qwen3_8b_it_0307_190324,9190.0,0.0974446690509511,1.7786,6.0753,,2.149090051651001,0.0001962129638965,,,,,,
sft_text_combined_qwen3_8b_it_0307_190324,9200.0,0.0984813144663867,1.7473,6.4977,,3.081171751022339,0.0001961227422982,,,,,,
sft_text_combined_qwen3_8b_it_0307_190324,9210.0,0.0995179598818224,1.8675,6.3161,,2.3248400688171387,0.0001960314798415,,,,,,
sft_text_combined_qwen3_8b_it_0307_190324,9220.0,0.100554605297258,1.7638,6.1321,,2.9889066219329834,0.0001959391775146,,,,,,
sft_text_combined_qwen3_8b_it_0307_190324,9230.0,0.1015912507126937,1.679,6.5733,,3.6020712852478027,0.0001958458363171,,,,,,
sft_text_combined_qwen3_8b_it_0307_190324,9240.0,0.1026278961281293,1.7105,6.1604,,2.5123379230499268,0.0001957514572595,,,,,,
sft_text_combined_qwen3_8b_it_0307_190324,9250.0,0.103664541543565,1.799,6.2786,,4.787654399871826,0.000195656041364,,,,,,
sft_text_combined_qwen3_8b_it_0307_190324,9250.0,0.103664541543565,1.4626,,1.262843370437622,,,,,,,,
sft_text_combined_qwen3_8b_it_0307_190324,9260.0,0.1047011869590006,1.8157,6.4029,,4.027623176574707,0.0001955595896637,,,,,,
sft_text_combined_qwen3_8b_it_0307_190324,9270.0,0.1057378323744363,1.8298,6.1242,,2.179901361465454,0.000195462103203,,,,,,
sft_text_combined_qwen3_8b_it_0307_190324,9280.0,0.1067744777898719,1.7347,6.4346,,3.3641726970672607,0.0001953635830376,,,,,,
sft_text_combined_qwen3_8b_it_0307_190324,9290.0,0.1078111232053076,1.7869,6.2327,,2.418085813522339,0.0001952640302342,,,,,,
sft_text_combined_qwen3_8b_it_0307_190324,9300.0,0.1088477686207432,1.7514,6.0656,,3.140964984893799,0.000195163445871,,,,,,
sft_text_combined_qwen3_8b_it_0307_190324,9310.0,0.1098844140361789,1.8129,6.4594,,2.4213790893554688,0.000195061831037,,,,,,
sft_text_combined_qwen3_8b_it_0307_190324,9320.0,0.1109210594516145,1.6955,6.1342,,2.8181045055389404,0.0001949591868325,,,,,,
sft_text_combined_qwen3_8b_it_0307_190324,9330.0,0.1119577048670502,1.7354,6.4087,,3.2732298374176025,0.0001948555143692,,,,,,
sft_text_combined_qwen3_8b_it_0307_190324,9340.0,0.1129943502824858,1.7589,6.3642,,2.322090148925781,0.0001947508147695,,,,,,
sft_text_combined_qwen3_8b_it_0307_190324,9350.0,0.1140309956979215,1.6083,5.9872,,2.5421712398529053,0.0001946450891672,,,,,,
sft_text_combined_qwen3_8b_it_0307_190324,9360.0,0.1150676411133571,1.7518,6.5436,,2.744980573654175,0.0001945383387071,,,,,,
sft_text_combined_qwen3_8b_it_0307_190324,9370.0,0.1161042865287928,1.7534,6.248,,3.3250975608825684,0.0001944305645453,,,,,,
sft_text_combined_qwen3_8b_it_0307_190324,9380.0,0.1171409319442284,1.651,6.1504,,3.060906410217285,0.0001943217678486,,,,,,
sft_text_combined_qwen3_8b_it_0307_190324,9390.0,0.1181775773596641,1.6979,6.4001,,3.1954970359802246,0.0001942119497952,,,,,,
sft_text_combined_qwen3_8b_it_0307_190324,9400.0,0.1192142227750997,1.7038,6.2675,,2.7206294536590576,0.0001941011115743,,,,,,
sft_text_combined_qwen3_8b_it_0307_190324,9410.0,0.1202508681905354,1.7954,6.5141,,3.225935935974121,0.0001939892543861,,,,,,
sft_text_combined_qwen3_8b_it_0307_190324,9420.0,0.121287513605971,1.7834,6.2439,,2.322641611099243,0.0001938763794418,,,,,,
sft_text_combined_qwen3_8b_it_0307_190324,9430.0,0.1223241590214067,1.6864,5.9997,,2.5869760513305664,0.0001937624879636,,,,,,
sft_text_combined_qwen3_8b_it_0307_190324,9440.0,0.1233608044368423,1.7768,6.5492,,3.382410287857056,0.0001936475811848,,,,,,
sft_text_combined_qwen3_8b_it_0307_190324,9450.0,0.124397449852278,1.7144,6.1904,,2.448482751846313,0.0001935316603498,,,,,,
sft_text_combined_qwen3_8b_it_0307_190324,9460.0,0.1254340952677136,1.687,6.0827,,3.072021722793579,0.0001934147267137,,,,,,
sft_text_combined_qwen3_8b_it_0307_190324,9470.0,0.1264707406831493,1.7607,6.477,,2.2671072483062744,0.0001932967815427,,,,,,
sft_text_combined_qwen3_8b_it_0307_190324,9480.0,0.1275073860985849,1.7907,6.1984,,1.689930438995361,0.000193177826114,,,,,,
sft_text_combined_qwen3_8b_it_0307_190324,9490.0,0.1285440315140206,1.6571,6.3336,,3.378459930419922,0.0001930578617157,,,,,,
sft_text_combined_qwen3_8b_it_0307_190324,9500.0,0.1295806769294562,1.6673,6.1863,,2.5617408752441406,0.0001929368896468,,,,,,
sft_text_combined_qwen3_8b_it_0307_190324,9500.0,0.1295806769294562,1.4343,,1.2656197547912598,,,,,,,,
sft_text_combined_qwen3_8b_it_0307_190324,9510.0,0.1306173223448919,1.6233,5.9096,,3.0288360118865967,0.0001928149112173,,,,,,
sft_text_combined_qwen3_8b_it_0307_190324,9520.0,0.1316539677603276,1.7255,6.5503,,2.610037088394165,0.000192691927748,,,,,,
sft_text_combined_qwen3_8b_it_0307_190324,9530.0,0.1326906131757632,1.8468,6.2237,,2.1927504539489746,0.0001925679405706,,,,,,
sft_text_combined_qwen3_8b_it_0307_190324,9540.0,0.1337272585911988,1.559,6.0313,,3.0821070671081543,0.0001924429510277,,,,,,
sft_text_combined_qwen3_8b_it_0307_190324,9550.0,0.1347639040066345,1.8581,6.508,,2.3272628784179688,0.0001923169604727,,,,,,
sft_text_combined_qwen3_8b_it_0307_190324,9560.0,0.1358005494220701,1.5977,6.0514,,2.3728837966918945,0.00019218997027,,,,,,
sft_text_combined_qwen3_8b_it_0307_190324,9570.0,0.1368371948375058,1.667,6.4683,,2.755319356918335,0.0001920619817945,,,,,,
sft_text_combined_qwen3_8b_it_0307_190324,9580.0,0.1378738402529414,1.8493,6.3389,,2.652894735336304,0.0001919329964324,,,,,,
sft_text_combined_qwen3_8b_it_0307_190324,9590.0,0.1389104856683771,1.6236,5.9783,,2.9658432006835938,0.0001918030155801,,,,,,
sft_text_combined_qwen3_8b_it_0307_190324,9600.0,0.1399471310838128,1.7636,6.5625,,2.4121768474578857,0.0001916720406454,,,,,,
sft_text_combined_qwen3_8b_it_0307_190324,9610.0,0.1409837764992484,1.7589,6.0894,,1.9549345970153809,0.0001915400730463,,,,,,
sft_text_combined_qwen3_8b_it_0307_190324,9620.0,0.1420204219146841,1.6945,6.3322,,3.5272161960601807,0.0001914071142119,,,,,,
sft_text_combined_qwen3_8b_it_0307_190324,9630.0,0.1430570673301197,1.6746,6.3071,,2.46912169456482,0.0001912731655819,,,,,,
sft_text_combined_qwen3_8b_it_0307_190324,9640.0,0.1440937127455553,1.6432,5.9265,,2.392478704452514,0.0001911382286068,,,,,,
grpo_proteinlm_mlp_sft_qwen3_8b_it_0310_214259,5.0,,,,,,1e-06,-0.0246,0.7406,0.8321,0.0,,
grpo_proteinlm_mlp_sft_qwen3_8b_it_0310_214259,10.0,,,,,,2e-06,0.0153,0.5547,0.7658,0.0,,
grpo_proteinlm_mlp_sft_qwen3_8b_it_0310_214259,15.0,,,,,,1.86e-06,-0.0056,0.7008,0.7308,0.0,,
grpo_proteinlm_mlp_sft_qwen3_8b_it_0310_214259,20.0,,,,,,1.47e-06,0.0117,0.7147,0.8028,0.0,,
grpo_proteinlm_mlp_sft_qwen3_8b_it_0310_214259,25.0,,,,,,9.46e-07,-0.0162,0.6747,0.837,0.0,,
grpo_proteinlm_mlp_sft_qwen3_8b_it_0310_214259,30.0,,,,,,4.39e-07,-0.0256,0.7598,0.8017,0.0,,
grpo_proteinlm_mlp_sft_qwen3_8b_it_0310_214259,35.0,,,,,,9.24e-08,0.0162,0.6072,0.8635,0.0,,
grpo_proteinlm_mlp_sft_qwen3_8b_it_0310_214259,,,,,,,,,,,,0.44680851063829785,0.851063829787234
grpo_proteinlm_mlp_sft_qwen3_8b_it_0310_214259,,,,,,,,,,,,0.44680851063829785,0.9361702127659575
grpo_proteinlm_mlp_sft_qwen3_8b_it_0310_214259,,,,,,,,,,,,0.46808510638297873,0.8936170212765957
grpo_proteinlm_mlp_sft_qwen3_8b_it_0311_091513,5.0,,,,,,1e-06,-0.0344,0.7278,0.8552,0.0,,
grpo_proteinlm_mlp_sft_qwen3_8b_it_0311_091513,10.0,,,,,,2e-06,0.0326,0.5497,0.7099,0.0,,
grpo_proteinlm_mlp_sft_qwen3_8b_it_0311_091513,15.0,,,,,,1.99e-06,-0.0019,0.6828,0.6859,0.0,,
grpo_proteinlm_mlp_sft_qwen3_8b_it_0311_091513,20.0,,,,,,1.97e-06,0.0045,0.7047,0.7111,0.0,,
grpo_proteinlm_mlp_sft_qwen3_8b_it_0311_091513,25.0,,,,,,1.92e-06,-0.0085,0.6928,0.8857,0.0,,
grpo_proteinlm_mlp_sft_qwen3_8b_it_0311_091513,30.0,,,,,,1.87e-06,-0.0304,0.7543,0.8662,0.0,,
grpo_proteinlm_mlp_sft_qwen3_8b_it_0311_091513,35.0,,,,,,1.79e-06,0.0111,0.5931,0.8549,0.0,,
grpo_proteinlm_mlp_sft_qwen3_8b_it_0311_091513,40.0,,,,,,1.71e-06,-0.0111,0.6859,0.4689,0.0,,
grpo_proteinlm_mlp_sft_qwen3_8b_it_0311_091513,45.0,,,,,,1.61e-06,-0.0026,0.5247,0.8446,0.0,,
grpo_proteinlm_mlp_sft_qwen3_8b_it_0311_091513,50.0,,,,,,1.5e-06,-0.0061,0.64,0.8317,0.0,,
grpo_proteinlm_mlp_sft_qwen3_8b_it_0311_091513,55.0,,,,,,1.38e-06,-0.0053,0.6354,0.7709,0.0,,
grpo_proteinlm_mlp_sft_qwen3_8b_it_0311_091513,60.0,,,,,,1.26e-06,-0.0138,0.6822,0.9178,0.0,,
grpo_proteinlm_mlp_sft_qwen3_8b_it_0311_091513,65.0,,,,,,1.13e-06,0.0028,0.5841,0.833,0.0,,
grpo_proteinlm_mlp_sft_qwen3_8b_it_0311_091513,70.0,,,,,,1e-06,-0.0047,0.6688,0.8315,0.0,,
grpo_proteinlm_mlp_sft_qwen3_8b_it_0311_091513,75.0,,,,,,8.69e-07,-0.0168,0.7009,0.8477,0.0,,
grpo_proteinlm_mlp_sft_qwen3_8b_it_0311_091513,80.0,,,,,,7.41e-07,-0.0124,0.7359,0.7916,0.0,,
grpo_proteinlm_mlp_sft_qwen3_8b_it_0311_091513,85.0,,,,,,6.17e-07,-0.0119,0.6853,0.8822,0.0,,
grpo_proteinlm_mlp_sft_qwen3_8b_it_0311_091513,90.0,,,,,,5e-07,0.0073,0.7516,0.8686,0.0,,
grpo_proteinlm_mlp_sft_qwen3_8b_it_0311_091513,95.0,,,,,,3.91e-07,0.0035,0.6426,0.8731,0.0,,
grpo_proteinlm_mlp_sft_qwen3_8b_it_0311_091513,100.0,,,,,,2.93e-07,-0.0008,0.6822,0.8348,0.0,,
grpo_proteinlm_mlp_sft_qwen3_8b_it_0311_091513,105.0,,,,,,2.07e-07,0.0071,0.6016,1.0,0.0,,
grpo_proteinlm_mlp_sft_qwen3_8b_it_0311_091513,110.0,,,,,,1.34e-07,-0.004,0.645,0.8406,0.0,,
grpo_proteinlm_mlp_sft_qwen3_8b_it_0311_091513,115.0,,,,,,7.61e-08,-0.0116,0.5681,0.8056,0.0,,
grpo_proteinlm_mlp_sft_qwen3_8b_it_0311_091513,120.0,,,,,,3.41e-08,0.0149,0.774,0.9035,0.0,,
grpo_proteinlm_mlp_sft_qwen3_8b_it_0311_091513,125.0,,,,,,8.56e-09,0.0099,0.6725,0.962,0.0,,
grpo_proteinlm_mlp_sft_qwen3_8b_it_0311_091513,130.0,,,,,,0.0,-0.0076,0.6706,0.8019,0.0,,
grpo_proteinlm_mlp_sft_qwen3_8b_it_0311_091513,,,,,,,,,,,,0.46808510638297873,0.8297872340425532
grpo_proteinlm_mlp_sft_qwen3_8b_it_0311_091513,,,,,,,,,,,,0.46808510638297873,0.851063829787234
grpo_proteinlm_mlp_sft_qwen3_8b_it_0311_091513,,,,,,,,,,,,0.46808510638297873,0.8936170212765957
grpo_proteinlm_mlp_sft_qwen3_8b_it_0311_091513,,,,,,,,,,,,0.46808510638297873,0.9148936170212766
grpo_proteinlm_mlp_sft_qwen3_8b_it_0311_091513,,,,,,,,,,,,0.46808510638297873,0.851063829787234
grpo_proteinlm_mlp_sft_qwen3_8b_it_0311_091513,,,,,,,,,,,,0.425531914893617,0.9361702127659575
grpo_proteinlm_mlp_sft_qwen3_8b_it_0311_091513,,,,,,,,,,,,0.44680851063829785,0.9574468085106383
grpo_proteinlm_mlp_sft_qwen3_8b_it_0311_091513,,,,,,,,,,,,0.425531914893617,0.8936170212765957
grpo_proteinlm_mlp_sft_qwen3_8b_it_0311_091513,,,,,,,,,,,,0.46808510638297873,0.9148936170212766
grpo_proteinlm_mlp_sft_qwen3_8b_it_0311_091513,,,,,,,,,,,,0.48936170212765956,0.9148936170212766
grpo_proteinlm_mlp_sft_qwen3_8b_it_0311_091513,,,,,,,,,,,,0.46808510638297873,0.8723404255319149
grpo_proteinlm_mlp_sft_qwen3_8b_it_0311_091513,,,,,,,,,,,,0.44680851063829785,0.9574468085106383
grpo_proteinlm_mlp_sft_qwen3_8b_it_0311_091513,,,,,,,,,,,,0.46808510638297873,0.9361702127659575
grpo_structure_classify_qwen3_8b_it_0312_215435,5.0,,,,,,1.25e-06,-0.7253,0.4111,1.0,0.0,,
grpo_structure_classify_qwen3_8b_it_0312_215435,10.0,,,,,,2.5e-06,-1.0273,0.4302,1.0,0.0,,
grpo_structure_classify_qwen3_8b_it_0312_215435,15.0,,,,,,3.75e-06,-0.7794,0.5049,1.0,0.0,,
grpo_structure_classify_qwen3_8b_it_0312_215435,20.0,,,,,,5e-06,-1.1056,0.4974,1.0,0.0,,
grpo_structure_classify_qwen3_8b_it_0312_215435,25.0,,,,,,4.94e-06,-0.4461,0.5933,1.0,0.0,,
grpo_structure_classify_qwen3_8b_it_0312_215435,30.0,,,,,,4.76e-06,0.1354,0.579,1.0,0.0,,
grpo_structure_classify_qwen3_8b_it_0312_215435,35.0,,,,,,4.47e-06,-0.1403,0.6272,0.9646,0.0,,
grpo_structure_classify_qwen3_8b_it_0312_215435,40.0,,,,,,4.08e-06,0.0054,0.5893,0.9226,0.0,,
grpo_structure_classify_qwen3_8b_it_0312_215435,45.0,,,,,,3.62e-06,-0.214,0.5439,0.9983,0.0,,
grpo_structure_classify_qwen3_8b_it_0312_215435,50.0,,,,,,3.1e-06,-0.0716,0.6349,0.9882,0.0,,
grpo_structure_classify_qwen3_8b_it_0312_215435,55.0,,,,,,2.56e-06,0.0199,0.627,1.0,0.0,,
grpo_structure_classify_qwen3_8b_it_0312_215435,60.0,,,,,,2.01e-06,-0.2462,0.7045,1.0,0.0,,
grpo_structure_classify_qwen3_8b_it_0312_215435,65.0,,,,,,1.48e-06,0.0126,0.5714,1.0,0.0,,
grpo_structure_classify_qwen3_8b_it_0312_215435,70.0,,,,,,1e-06,-0.1034,0.6765,1.0,0.0,,
grpo_structure_classify_qwen3_8b_it_0312_215435,75.0,,,,,,6.01e-07,-0.2541,0.6341,1.0,0.0,,
grpo_structure_classify_qwen3_8b_it_0312_215435,80.0,,,,,,2.9e-07,-0.0154,0.6984,1.0,0.0,,
grpo_structure_classify_qwen3_8b_it_0312_215435,85.0,,,,,,8.76e-08,-0.4995,0.7076,1.0,0.0,,
grpo_structure_classify_qwen3_8b_it_0312_215435,90.0,,,,,,2.45e-09,-0.3492,0.6995,1.0,0.0,,
grpo_structure_classify_qwen3_8b_it_0312_215435,,,,,,,,,,,,0.659248714849353,1.0
grpo_structure_classify_qwen3_8b_it_0312_215435,,,,,,,,,,,,0.678115068375133,1.0
grpo_structure_classify_qwen3_8b_it_0312_215435,,,,,,,,,,,,0.681103741761559,1.0
grpo_structure_mlp_sft_frozen_mm_focal_qwen3_8b_it_0312_180156,5.0,,,,,,1.25e-06,-0.6016,0.5347,1.0,0.0,,
grpo_structure_mlp_sft_frozen_mm_focal_qwen3_8b_it_0312_182035,5.0,,,,,,1.25e-06,-0.46,0.5132,1.0,0.0,,
grpo_structure_mlp_sft_frozen_mm_focal_qwen3_8b_it_0312_182035,10.0,,,,,,2.5e-06,-0.9049,0.5519,1.0,0.0,,
grpo_structure_mlp_sft_frozen_mm_focal_qwen3_8b_it_0312_182035,15.0,,,,,,3.75e-06,-0.988,0.6415,1.0,0.0,,
grpo_structure_mlp_sft_frozen_mm_focal_qwen3_8b_it_0312_182035,20.0,,,,,,5e-06,-0.4491,0.6726,1.0,0.0,,
grpo_structure_mlp_sft_frozen_mm_focal_qwen3_8b_it_0312_182035,25.0,,,,,,4.94e-06,0.0394,0.6516,0.9358,0.0,,
grpo_structure_mlp_sft_frozen_mm_focal_qwen3_8b_it_0312_182035,30.0,,,,,,4.76e-06,0.041,0.7194,0.8755,0.0,,
grpo_structure_mlp_sft_frozen_mm_focal_qwen3_8b_it_0312_182035,35.0,,,,,,4.47e-06,0.0629,0.6933,0.8544,0.0,,
grpo_structure_mlp_sft_frozen_mm_focal_qwen3_8b_it_0312_182035,40.0,,,,,,4.08e-06,-0.0762,0.7174,0.9843,0.0,,
grpo_structure_mlp_sft_frozen_mm_focal_qwen3_8b_it_0312_182035,45.0,,,,,,3.62e-06,-0.0556,0.7032,0.9389,0.0,,
grpo_structure_mlp_sft_frozen_mm_focal_qwen3_8b_it_0312_182035,50.0,,,,,,3.1e-06,-0.0145,0.7598,1.0,0.0,,
grpo_structure_mlp_sft_frozen_mm_focal_qwen3_8b_it_0312_182035,55.0,,,,,,2.56e-06,-0.0754,0.7679,0.9679,0.0,,
grpo_structure_mlp_sft_frozen_mm_focal_qwen3_8b_it_0312_182035,60.0,,,,,,2.01e-06,-0.0465,0.8113,1.0,0.0,,
grpo_structure_mlp_sft_frozen_mm_focal_qwen3_8b_it_0312_182035,65.0,,,,,,1.48e-06,-0.1191,0.8116,0.9947,0.0,,
grpo_structure_mlp_sft_frozen_mm_focal_qwen3_8b_it_0312_182035,70.0,,,,,,1e-06,-0.052,0.7794,1.0,0.0,,
grpo_structure_mlp_sft_frozen_mm_focal_qwen3_8b_it_0312_182035,75.0,,,,,,6.01e-07,-0.0487,0.773,0.9732,0.0,,
grpo_structure_mlp_sft_frozen_mm_focal_qwen3_8b_it_0312_182035,80.0,,,,,,2.9e-07,-0.0831,0.7752,0.9271,0.0,,
grpo_structure_mlp_sft_frozen_mm_focal_qwen3_8b_it_0312_182035,85.0,,,,,,8.76e-08,-0.1137,0.8344,1.0,0.0,,
grpo_structure_mlp_sft_frozen_mm_focal_qwen3_8b_it_0312_182035,90.0,,,,,,2.45e-09,-0.0504,0.8244,0.8709,0.0,,
grpo_structure_mlp_sft_frozen_mm_focal_qwen3_8b_it_0312_182035,,,,,,,,,,,,0.5549919162967709,1.0
grpo_structure_mlp_sft_frozen_mm_focal_qwen3_8b_it_0312_182035,,,,,,,,,,,,0.6386853225544911,1.0
grpo_structure_mlp_sft_frozen_mm_focal_qwen3_8b_it_0312_182035,,,,,,,,,,,,0.7111183059914039,1.0
grpo_structure_mlp_sft_frozen_mm_qwen3_8b_it_0312_101631,5.0,,,,,,1.25e-06,-0.6835,0.5559,1.0,0.0,,
grpo_structure_mlp_sft_frozen_mm_qwen3_8b_it_0312_101631,10.0,,,,,,2.5e-06,-0.9603,0.6016,1.0,0.0,,
grpo_structure_mlp_sft_frozen_mm_qwen3_8b_it_0312_101631,15.0,,,,,,3.75e-06,-0.9991,0.6516,1.0,0.0,,
grpo_structure_mlp_sft_frozen_mm_qwen3_8b_it_0312_101631,20.0,,,,,,5e-06,-0.5795,0.7121,1.0,0.0,,
grpo_structure_mlp_sft_frozen_mm_qwen3_8b_it_0312_101631,25.0,,,,,,4.94e-06,-0.1828,0.8292,0.5759,0.0,,
grpo_structure_mlp_sft_frozen_mm_qwen3_8b_it_0312_101631,30.0,,,,,,4.76e-06,-0.0185,0.8029,0.2175,0.0,,
grpo_structure_mlp_sft_frozen_mm_qwen3_8b_it_0312_101631,35.0,,,,,,4.47e-06,-0.0088,0.8368,0.1347,0.0,,
grpo_structure_mlp_sft_frozen_mm_qwen3_8b_it_0312_101631,40.0,,,,,,4.08e-06,0.0016,0.7953,0.0688,0.0,,
grpo_structure_mlp_sft_frozen_mm_qwen3_8b_it_0312_101631,45.0,,,,,,3.62e-06,0.0003,0.764,0.043,0.0,,
grpo_structure_mlp_sft_frozen_mm_qwen3_8b_it_0312_101631,50.0,,,,,,3.1e-06,0.0028,0.818,0.0217,0.0,,
grpo_structure_mlp_sft_frozen_mm_qwen3_8b_it_0312_101631,55.0,,,,,,2.56e-06,0.0028,0.8068,0.0253,0.0,,
grpo_structure_mlp_sft_frozen_mm_qwen3_8b_it_0312_101631,60.0,,,,,,2.01e-06,0.0015,0.8588,0.0204,0.0,,
grpo_structure_mlp_sft_frozen_mm_qwen3_8b_it_0312_101631,65.0,,,,,,1.48e-06,0.0004,0.9393,0.0227,0.0,,
grpo_structure_mlp_sft_frozen_mm_qwen3_8b_it_0312_101631,70.0,,,,,,1e-06,0.0011,0.7992,0.0285,0.0,,
grpo_structure_mlp_sft_frozen_mm_qwen3_8b_it_0312_101631,75.0,,,,,,6.01e-07,0.0046,0.8204,0.019,0.0,,
grpo_structure_mlp_sft_frozen_mm_qwen3_8b_it_0312_101631,80.0,,,,,,2.9e-07,0.0033,0.799,0.0236,0.0,,
grpo_structure_mlp_sft_frozen_mm_qwen3_8b_it_0312_101631,85.0,,,,,,8.76e-08,-0.0027,0.804,0.0201,0.0,,
grpo_structure_mlp_sft_frozen_mm_qwen3_8b_it_0312_101631,90.0,,,,,,2.45e-09,0.0001,0.7689,0.0168,0.0,,
grpo_structure_mlp_sft_frozen_mm_qwen3_8b_it_0312_101631,,,,,,,,,,,,0.7574251014472684,1.0
grpo_structure_mlp_sft_frozen_mm_qwen3_8b_it_0312_101631,,,,,,,,,,,,0.7652503352257191,1.0
grpo_structure_mlp_sft_frozen_mm_qwen3_8b_it_0312_101631,,,,,,,,,,,,0.7640281442197739,1.0
grpo_structure_mlp_sft_qwen3_8b_it_0311_101732,5.0,,,,,,1e-06,5.8323,0.083,0.0,1.0,,
grpo_structure_mlp_sft_qwen3_8b_it_0311_101732,10.0,,,,,,2e-06,5.6075,0.0755,0.0,1.0,,
grpo_structure_mlp_sft_qwen3_8b_it_0311_101732,15.0,,,,,,2e-06,5.9946,0.0778,0.0,1.0,,
grpo_structure_mlp_sft_qwen3_8b_it_0311_101732,20.0,,,,,,2e-06,6.2281,0.0823,0.0,1.0,,
grpo_structure_mlp_sft_qwen3_8b_it_0311_101732,25.0,,,,,,2e-06,6.7728,0.0833,0.0,1.0,,
grpo_structure_mlp_sft_qwen3_8b_it_0311_101732,30.0,,,,,,2e-06,6.5362,0.0838,0.0,1.0,,
grpo_structure_mlp_sft_qwen3_8b_it_0311_101732,35.0,,,,,,2e-06,5.6534,0.0802,0.0,1.0,,
grpo_structure_mlp_sft_qwen3_8b_it_0311_101732,,,,,,,,,,,,0.2960000000000001,0.0
grpo_structure_mlp_sft_qwen3_8b_it_0311_114205,5.0,,,,,,1e-06,0.0041,0.6336,0.0,1.0,,
grpo_structure_mlp_sft_qwen3_8b_it_0311_114205,10.0,,,,,,2e-06,0.0083,0.7184,0.0,1.0,,
grpo_structure_mlp_sft_qwen3_8b_it_0311_114205,15.0,,,,,,2e-06,0.0022,0.7808,0.0,1.0,,
grpo_structure_mlp_sft_qwen3_8b_it_0311_114205,20.0,,,,,,2e-06,0.0062,0.7847,0.0,1.0,,
grpo_structure_mlp_sft_qwen3_8b_it_0311_114205,25.0,,,,,,2e-06,-0.0006,0.8308,0.0,1.0,,
grpo_structure_mlp_sft_qwen3_8b_it_0311_114205,30.0,,,,,,2e-06,-0.0069,0.7887,0.0,1.0,,
grpo_structure_mlp_sft_qwen3_8b_it_0311_114205,35.0,,,,,,2e-06,0.0035,0.8192,0.0,1.0,,
grpo_structure_mlp_sft_qwen3_8b_it_0311_114205,40.0,,,,,,1.99e-06,-0.002,0.7791,0.0,1.0,,
grpo_structure_mlp_sft_qwen3_8b_it_0311_114205,45.0,,,,,,1.99e-06,0.0038,0.743,0.0,1.0,,
grpo_structure_mlp_sft_qwen3_8b_it_0311_114205,50.0,,,,,,1.99e-06,0.0071,0.7999,0.0,1.0,,
grpo_structure_mlp_sft_qwen3_8b_it_0311_114205,55.0,,,,,,1.99e-06,0.0045,0.7893,0.0,1.0,,
grpo_structure_mlp_sft_qwen3_8b_it_0311_114205,60.0,,,,,,1.98e-06,-0.003,0.8451,0.0,1.0,,
grpo_structure_mlp_sft_qwen3_8b_it_0311_114205,65.0,,,,,,1.98e-06,0.0027,0.9098,0.0012,1.0,,
grpo_structure_mlp_sft_qwen3_8b_it_0311_114205,70.0,,,,,,1.98e-06,-0.007,0.7755,0.0,1.0,,
grpo_structure_mlp_sft_qwen3_8b_it_0311_114205,75.0,,,,,,1.97e-06,0.0021,0.7978,0.0,1.0,,
grpo_structure_mlp_sft_qwen3_8b_it_0311_114205,80.0,,,,,,1.97e-06,0.0008,0.7808,0.0,1.0,,
grpo_structure_mlp_sft_qwen3_8b_it_0311_114205,85.0,,,,,,1.97e-06,0.0051,0.7968,0.0,1.0,,
grpo_structure_mlp_sft_qwen3_8b_it_0311_114205,90.0,,,,,,1.96e-06,0.0023,0.7554,0.0,1.0,,
grpo_structure_mlp_sft_qwen3_8b_it_0311_114205,95.0,,,,,,1.96e-06,0.0012,0.8081,0.0,1.0,,
grpo_structure_mlp_sft_qwen3_8b_it_0311_114205,100.0,,,,,,1.95e-06,-0.0081,0.7796,0.0,1.0,,
grpo_structure_mlp_sft_qwen3_8b_it_0311_114205,105.0,,,,,,1.95e-06,-0.0045,0.7383,0.0,1.0,,
grpo_structure_mlp_sft_qwen3_8b_it_0311_114205,110.0,,,,,,1.94e-06,0.0028,0.7966,0.0,1.0,,
grpo_structure_mlp_sft_qwen3_8b_it_0311_114205,115.0,,,,,,1.93e-06,0.0016,0.8147,0.0,1.0,,
grpo_structure_mlp_sft_qwen3_8b_it_0311_114205,120.0,,,,,,1.93e-06,0.0041,0.7004,0.0,1.0,,
grpo_structure_mlp_sft_qwen3_8b_it_0311_114205,125.0,,,,,,1.92e-06,-0.0058,0.7927,0.0,1.0,,
grpo_structure_mlp_sft_qwen3_8b_it_0311_114205,130.0,,,,,,1.91e-06,-0.0197,0.7671,0.0,1.0,,
grpo_structure_mlp_sft_qwen3_8b_it_0311_114205,135.0,,,,,,1.91e-06,0.0041,0.8565,0.0,1.0,,
grpo_structure_mlp_sft_qwen3_8b_it_0311_114205,140.0,,,,,,1.9e-06,0.0026,0.8216,0.0015,1.0,,
grpo_structure_mlp_sft_qwen3_8b_it_0311_114205,145.0,,,,,,1.89e-06,-0.0008,0.8498,0.0,1.0,,
grpo_structure_mlp_sft_qwen3_8b_it_0311_114205,150.0,,,,,,1.88e-06,-0.0078,0.8337,0.0,1.0,,
grpo_structure_mlp_sft_qwen3_8b_it_0311_114205,,,,,,,,,,,,0.41399999999999976,0.0
grpo_structure_mlp_sft_qwen3_8b_it_0311_114205,,,,,,,,,,,,0.3580864566210657,0.0
grpo_structure_mlp_sft_qwen3_8b_it_0311_114205,,,,,,,,,,,,0.41802757843397537,0.0
grpo_structure_mlp_sft_qwen3_8b_it_0311_114205,,,,,,,,,,,,0.41876795482635487,0.0
grpo_structure_mlp_sft_qwen3_8b_it_0311_114205,,,,,,,,,,,,0.32400000000000007,0.0
grpo_structure_mlp_sft_qwen3_8b_it_0311_142756,5.0,,,,,,1e-06,-0.128,0.4396,0.0,1.0,,
grpo_structure_mlp_sft_qwen3_8b_it_0311_142756,10.0,,,,,,2e-06,-0.2855,0.4446,0.0,1.0,,
grpo_structure_mlp_sft_qwen3_8b_it_0311_142756,15.0,,,,,,2e-06,-0.884,0.4462,0.0,1.0,,
grpo_structure_mlp_sft_qwen3_8b_it_0311_142756,20.0,,,,,,2e-06,-0.4804,0.479,0.0,1.0,,
grpo_structure_mlp_sft_qwen3_8b_it_0311_142756,25.0,,,,,,2e-06,0.024,0.4678,0.0,1.0,,
grpo_structure_mlp_sft_qwen3_8b_it_0311_142756,30.0,,,,,,2e-06,-0.1531,0.4561,0.0,1.0,,
grpo_structure_mlp_sft_qwen3_8b_it_0311_142756,35.0,,,,,,2e-06,0.0397,0.4619,0.0,1.0,,
grpo_structure_mlp_sft_qwen3_8b_it_0311_142756,40.0,,,,,,1.99e-06,-0.3671,0.4338,0.0,1.0,,
grpo_structure_mlp_sft_qwen3_8b_it_0311_142756,,,,,,,,,,,,0.39799999999999985,0.0
grpo_structure_mlp_sft_qwen3_8b_it_0312_011859,5.0,,,,,,1.25e-06,-0.5743,0.5184,0.0,1.0,,
grpo_structure_mlp_sft_qwen3_8b_it_0312_011859,10.0,,,,,,2.5e-06,-0.773,0.5822,0.0,1.0,,
grpo_structure_mlp_sft_qwen3_8b_it_0312_011859,15.0,,,,,,3.75e-06,-0.8413,0.585,0.0,1.0,,
grpo_structure_mlp_sft_qwen3_8b_it_0312_011859,20.0,,,,,,5e-06,-0.5876,0.6205,0.0,1.0,,
grpo_structure_mlp_sft_qwen3_8b_it_0312_011859,25.0,,,,,,4.94e-06,-1.0047,0.5815,0.0,1.0,,
grpo_structure_mlp_sft_qwen3_8b_it_0312_011859,30.0,,,,,,4.76e-06,-1.1075,0.6161,0.0,1.0,,
grpo_structure_mlp_sft_qwen3_8b_it_0312_011859,35.0,,,,,,4.47e-06,-1.0207,0.5853,0.0,1.0,,
grpo_structure_mlp_sft_qwen3_8b_it_0312_011859,40.0,,,,,,4.08e-06,-1.4122,0.5744,0.0,1.0,,
grpo_structure_mlp_sft_qwen3_8b_it_0312_011859,45.0,,,,,,3.62e-06,-0.9213,0.5967,0.0,1.0,,
grpo_structure_mlp_sft_qwen3_8b_it_0312_011859,50.0,,,,,,3.1e-06,-0.9926,0.6004,0.0,1.0,,
grpo_structure_mlp_sft_qwen3_8b_it_0312_011859,55.0,,,,,,2.56e-06,-1.2237,0.5985,0.0,1.0,,
grpo_structure_mlp_sft_qwen3_8b_it_0312_011859,60.0,,,,,,2.01e-06,-1.0625,0.5616,0.0,0.8,,
grpo_structure_mlp_sft_qwen3_8b_it_0312_011859,65.0,,,,,,1.48e-06,-1.3141,0.5934,0.0,1.0,,
grpo_structure_mlp_sft_qwen3_8b_it_0312_011859,70.0,,,,,,1e-06,-1.208,0.5871,0.0,1.0,,
grpo_structure_mlp_sft_qwen3_8b_it_0312_011859,75.0,,,,,,6.01e-07,-1.1078,0.6,0.0,1.0,,
grpo_structure_mlp_sft_qwen3_8b_it_0312_011859,80.0,,,,,,2.9e-07,-1.3049,0.6064,0.0,1.0,,
grpo_structure_mlp_sft_qwen3_8b_it_0312_011859,85.0,,,,,,8.76e-08,-0.7647,0.5367,0.0,1.0,,
grpo_structure_mlp_sft_qwen3_8b_it_0312_011859,90.0,,,,,,2.45e-09,-1.2092,0.5333,0.0,1.0,,
grpo_structure_mlp_sft_qwen3_8b_it_0312_011859,,,,,,,,,,,,0.5438944541312448,0.74
grpo_structure_mlp_sft_qwen3_8b_it_0312_011859,,,,,,,,,,,,0.4623693279566589,0.76
grpo_structure_mlp_sft_qwen3_8b_it_0312_011859,,,,,,,,,,,,0.5262406448278224,0.74
grpo_structure_text_classify_qwen3_8b_it_0313_010828,5.0,,,,,,1.25e-06,-1.7049,0.5312,1.0,0.0,,
grpo_structure_text_classify_qwen3_8b_it_0313_010828,10.0,,,,,,2.5e-06,-0.8883,0.5435,1.0,0.0,,
grpo_structure_text_classify_qwen3_8b_it_0313_010828,15.0,,,,,,3.75e-06,-0.2154,0.5067,1.0,0.0,,
grpo_structure_text_classify_qwen3_8b_it_0313_010828,20.0,,,,,,5e-06,-0.0337,0.5813,1.0,0.0,,
grpo_structure_text_classify_qwen3_8b_it_0313_010828,25.0,,,,,,4.94e-06,-0.0497,0.6618,1.0,0.0,,
grpo_structure_text_classify_qwen3_8b_it_0313_010828,30.0,,,,,,4.76e-06,-0.0045,0.6414,1.0,0.0,,
grpo_structure_text_classify_qwen3_8b_it_0313_010828,35.0,,,,,,4.47e-06,0.0186,0.7343,1.0,0.0,,
grpo_structure_text_classify_qwen3_8b_it_0313_010828,40.0,,,,,,4.08e-06,-0.0068,0.7712,1.0,0.0,,
grpo_structure_text_classify_qwen3_8b_it_0313_010828,45.0,,,,,,3.62e-06,-0.0021,0.6944,1.0,0.0,,
grpo_structure_text_classify_qwen3_8b_it_0313_010828,50.0,,,,,,3.1e-06,-0.0326,0.8267,1.0,0.0,,
grpo_structure_text_classify_qwen3_8b_it_0313_010828,55.0,,,,,,2.56e-06,-0.0123,0.7188,1.0,0.0,,
grpo_structure_text_classify_qwen3_8b_it_0313_010828,60.0,,,,,,2.01e-06,-0.0121,0.8567,1.0,0.0,,
grpo_structure_text_classify_qwen3_8b_it_0313_010828,65.0,,,,,,1.48e-06,-0.0113,0.8267,1.0,0.0,,
grpo_structure_text_classify_qwen3_8b_it_0313_010828,70.0,,,,,,1e-06,-0.0046,0.7428,1.0,0.0,,
grpo_structure_text_classify_qwen3_8b_it_0313_010828,75.0,,,,,,6.01e-07,-0.0215,0.8233,1.0,0.0,,
grpo_structure_text_classify_qwen3_8b_it_0313_010828,80.0,,,,,,2.9e-07,0.0107,0.76,1.0,0.0,,
grpo_structure_text_classify_qwen3_8b_it_0313_010828,85.0,,,,,,8.76e-08,0.0029,0.7579,1.0,0.0,,
grpo_structure_text_classify_qwen3_8b_it_0313_010828,90.0,,,,,,2.45e-09,0.0007,0.7215,1.0,0.0,,
grpo_structure_text_classify_qwen3_8b_it_0313_010828,,,,,,,,,,,,0.7584892742989178,1.0
grpo_structure_text_classify_qwen3_8b_it_0313_010828,,,,,,,,,,,,0.795496381830362,1.0
grpo_structure_text_classify_qwen3_8b_it_0313_010828,,,,,,,,,,,,0.8076056609821392,1.0
grpo_structure_text_sft_qwen3_8b_it_0311_142908,5.0,,,,,,1.25e-06,0.3444,0.3206,1.0,0.0,,
grpo_structure_text_sft_qwen3_8b_it_0311_142908,10.0,,,,,,2.5e-06,-0.2389,0.4482,1.0,0.0,,
grpo_structure_text_sft_qwen3_8b_it_0311_142908,15.0,,,,,,3.75e-06,-0.2224,0.5503,1.0,0.0,,
grpo_structure_text_sft_qwen3_8b_it_0311_142908,20.0,,,,,,5e-06,-0.0959,0.6036,1.0,0.0,,
grpo_structure_text_sft_qwen3_8b_it_0311_142908,25.0,,,,,,4.94e-06,-0.1044,0.6757,1.0,0.0,,
grpo_structure_text_sft_qwen3_8b_it_0311_142908,30.0,,,,,,4.76e-06,-0.0334,0.6976,0.9107,0.0,,
grpo_structure_text_sft_qwen3_8b_it_0311_142908,35.0,,,,,,4.47e-06,0.0169,0.7425,0.9889,0.0,,
grpo_structure_text_sft_qwen3_8b_it_0311_142908,40.0,,,,,,4.08e-06,0.0112,0.765,0.9817,0.0,,
grpo_structure_text_sft_qwen3_8b_it_0311_142908,45.0,,,,,,3.62e-06,-0.0311,0.8173,0.9451,0.0,,
grpo_structure_text_sft_qwen3_8b_it_0311_142908,50.0,,,,,,3.1e-06,-0.0412,0.8839,1.0,0.0,,
grpo_structure_text_sft_qwen3_8b_it_0311_142908,55.0,,,,,,2.56e-06,-0.0083,0.8204,1.0,0.0,,
grpo_structure_text_sft_qwen3_8b_it_0311_142908,60.0,,,,,,2.01e-06,-0.0076,0.9333,1.0,0.0,,
grpo_structure_text_sft_qwen3_8b_it_0311_142908,65.0,,,,,,1.48e-06,-0.0349,0.9535,1.0,0.0,,
grpo_structure_text_sft_qwen3_8b_it_0311_142908,70.0,,,,,,1e-06,-0.011,0.8789,1.0,0.0,,
grpo_structure_text_sft_qwen3_8b_it_0311_142908,75.0,,,,,,6.01e-07,-0.0031,0.8951,0.9638,0.0,,
grpo_structure_text_sft_qwen3_8b_it_0311_142908,80.0,,,,,,2.9e-07,0.0157,0.818,1.0,0.0,,
grpo_structure_text_sft_qwen3_8b_it_0311_142908,85.0,,,,,,8.76e-08,-0.0032,0.8736,0.9747,0.0,,
grpo_structure_text_sft_qwen3_8b_it_0311_142908,90.0,,,,,,2.45e-09,0.0008,0.8224,0.9828,0.0,,
grpo_structure_text_sft_qwen3_8b_it_0311_142908,,,,,,,,,,,,0.745238168253127,0.0
grpo_structure_text_sft_qwen3_8b_it_0311_142908,,,,,,,,,,,,0.797209860326082,1.0
grpo_structure_text_sft_qwen3_8b_it_0311_142908,,,,,,,,,,,,0.8463040235250372,1.0
grpo_structure_text_sft_qwen3_8b_it_0312_032738,5.0,,,,,,1.25e-06,-0.6533,0.628,1.0,0.0,,
grpo_structure_text_sft_qwen3_8b_it_0312_032738,10.0,,,,,,2.5e-06,-0.5099,0.6789,1.0,0.0,,
grpo_structure_text_sft_qwen3_8b_it_0312_032738,15.0,,,,,,3.75e-06,-0.4099,0.7078,1.0,0.0,,
grpo_structure_text_sft_qwen3_8b_it_0312_032738,20.0,,,,,,5e-06,-0.074,0.7795,0.8874,0.0,,
grpo_structure_text_sft_qwen3_8b_it_0312_032738,25.0,,,,,,4.94e-06,-0.0243,0.8431,0.7028,0.0,,
grpo_structure_text_sft_qwen3_8b_it_0312_032738,30.0,,,,,,4.76e-06,-0.0248,0.814,0.7164,0.0,,
grpo_structure_text_sft_qwen3_8b_it_0312_032738,35.0,,,,,,4.47e-06,-0.0072,0.8735,1.0,0.0,,
grpo_structure_text_sft_qwen3_8b_it_0312_032738,40.0,,,,,,4.08e-06,-0.0021,0.8439,1.0,0.0,,
grpo_structure_text_sft_qwen3_8b_it_0312_032738,45.0,,,,,,3.62e-06,0.0078,0.8259,1.0,0.0,,
grpo_structure_text_sft_qwen3_8b_it_0312_032738,50.0,,,,,,3.1e-06,-0.0093,0.8997,1.0,0.0,,
grpo_structure_text_sft_qwen3_8b_it_0312_032738,55.0,,,,,,2.56e-06,0.0087,0.855,1.0,0.0,,
grpo_structure_text_sft_qwen3_8b_it_0312_032738,60.0,,,,,,2.01e-06,-0.0107,0.931,0.9979,0.0,,
grpo_structure_text_sft_qwen3_8b_it_0312_032738,65.0,,,,,,1.48e-06,-0.0062,0.9619,0.8755,0.0,,
grpo_structure_text_sft_qwen3_8b_it_0312_032738,70.0,,,,,,1e-06,-0.0162,0.8763,0.999,0.0,,
grpo_structure_text_sft_qwen3_8b_it_0312_032738,75.0,,,,,,6.01e-07,0.009,0.9047,1.0,0.0,,
grpo_structure_text_sft_qwen3_8b_it_0312_032738,80.0,,,,,,2.9e-07,-0.0006,0.8223,0.9654,0.0,,
grpo_structure_text_sft_qwen3_8b_it_0312_032738,85.0,,,,,,8.76e-08,-0.0113,0.8658,1.0,0.0,,
grpo_structure_text_sft_qwen3_8b_it_0312_032738,90.0,,,,,,2.45e-09,0.0104,0.8444,0.9696,0.0,,
grpo_structure_text_sft_qwen3_8b_it_0312_032738,,,,,,,,,,,,0.7536274353695337,1.0
grpo_structure_text_sft_qwen3_8b_it_0312_032738,,,,,,,,,,,,0.7968425931645322,1.0
grpo_structure_text_sft_qwen3_8b_it_0312_032738,,,,,,,,,,,,0.8444206777187062,1.0
