experiment,_step,loss,reward_category_match,reward_quality_alignment,reward_std,wandb_id
trial_grpo_structure_mlp_sft,5,-0.8774295091629029,0.0075,0.13000000000000006,0.15602423064410686,rw0qdrxn
trial_grpo_structure_mlp_sft,10,-0.8644928812980652,0.00375,0.16250000000000006,0.18880186788737774,rw0qdrxn
trial_grpo_structure_mlp_sft,15,-1.0108643293380737,0.015,0.085,0.14915397353470325,rw0qdrxn
trial_grpo_structure_mlp_sft,20,-1.184878170490265,0.01125,0.15,0.1771579645574093,rw0qdrxn
trial_grpo_structure_mlp_sft,25,-0.651872968673706,0.00375,0.12500000000000003,0.1612895630300045,rw0qdrxn
trial_grpo_structure_mlp_sft,30,0.24524450302124023,0.0225,0.15750000000000003,0.20216382704675198,rw0qdrxn
trial_grpo_structure_mlp_sft,35,-0.1593051552772522,0.01875,0.1325,0.17726321890950203,rw0qdrxn
trial_grpo_structure_mlp_sft,40,-0.864764678478241,0.01125,0.1275,0.1724819891154766,rw0qdrxn
trial_grpo_structure_mlp_sft,45,-0.6115054726600647,0.01125,0.1475,0.18165687061846256,rw0qdrxn
trial_grpo_structure_mlp_sft,50,-0.3436767578125,0,0.11750000000000002,0.14451644383370876,rw0qdrxn
trial_grpo_structure_mlp_sft,55,-0.9799456536769867,0.015,0.1375,0.16914347782731057,rw0qdrxn
trial_grpo_structure_mlp_sft,60,-1.236120617389679,0.026250000000000002,0.16250000000000003,0.20359075143933297,rw0qdrxn
trial_grpo_structure_mlp_sft,65,-1.539137601852417,0.03375,0.15750000000000003,0.208316095918417,rw0qdrxn
trial_grpo_structure_mlp_sft,70,-0.5297102570533753,0.00375,0.11000000000000001,0.14987604841589927,rw0qdrxn
trial_grpo_structure_mlp_sft,75,-0.39323168992996216,0.00375,0.16000000000000003,0.17282956950366496,rw0qdrxn
trial_grpo_structure_mlp_sft,80,-0.3369769811630249,0.01875,0.11500000000000003,0.19609917514026165,rw0qdrxn
trial_grpo_structure_mlp_sft,85,-1.010518193244934,0.026250000000000002,0.12750000000000003,0.20927348993718625,rw0qdrxn
trial_grpo_structure_mlp_sft,90,-1.0981193423271178,0.01875,0.14000000000000007,0.17410371415317058,rw0qdrxn
grpo_structure_mlp_sft_qwen3_8b_it_0310_011220,5,-0.8100527882575989,0.013124999999999998,0.30375,0.13827233836054803,xng73mlc
grpo_structure_mlp_sft_qwen3_8b_it_0310_011220,10,-0.5225796461105346,0.015,0.32250000000000006,0.13669000267982484,xng73mlc
grpo_structure_mlp_sft_qwen3_8b_it_0310_011220,15,-1.3505211293697357,0.013125000000000001,0.30500000000000005,0.15862980112433434,xng73mlc
grpo_structure_mlp_sft_qwen3_8b_it_0310_011220,20,-0.6450339794158936,0.0225,0.31124999999999997,0.18042759597301483,xng73mlc
grpo_structure_mlp_sft_qwen3_8b_it_0310_011220,25,-1.1367406368255615,0.01875,0.3175,0.15886652544140817,xng73mlc
grpo_structure_mlp_sft_qwen3_8b_it_0310_011220,30,-1.7071678638458252,0.028124999999999994,0.32625000000000004,0.1715891532599926,xng73mlc
grpo_structure_mlp_sft_qwen3_8b_it_0310_011220,35,-0.5122054576873779,0.024375,0.32625000000000004,0.16625183522701265,xng73mlc
grpo_structure_mlp_sft_qwen3_8b_it_0310_011220,40,-1.9285621404647828,0.018749999999999996,0.305,0.1639530785381794,xng73mlc
grpo_structure_mlp_sft_optimized,5,-2.1172413577267433,0.011249999999999996,0.295,0.14592916034162046,jjy17yj4
grpo_structure_mlp_sft_optimized,10,-2.0194894671440125,0.01125,0.30999999999999994,0.12678614873439073,jjy17yj4
grpo_structure_mlp_sft_optimized,15,-1.4987555384635924,0.018749999999999996,0.31000000000000005,0.15035290382802485,jjy17yj4
grpo_structure_mlp_sft_optimized,20,-1.8197175204753875,0.0215625,0.31750000000000006,0.15474206060171128,jjy17yj4
grpo_structure_mlp_sft_optimized,25,-1.3125589847564698,0.021562499999999995,0.31687499999999996,0.1605899067595601,jjy17yj4
grpo_structure_mlp_sft_optimized,30,-1.6144431501626968,0.019687499999999997,0.31062500000000004,0.16657460629940032,jjy17yj4
grpo_structure_mlp_sft_optimized,35,-0.8559405609965325,0.024375,0.3375,0.14251029379665853,jjy17yj4
grpo_structure_mlp_sft_optimized,40,-1.2822704195976258,0.019687499999999997,0.3225,0.13433453738689421,jjy17yj4
grpo_structure_mlp_sft_optimized,45,-1.1700983613729476,0.014999999999999996,0.31625000000000003,0.1451695676892996,jjy17yj4
grpo_structure_mlp_sft_optimized,50,-0.5011381834745408,0.022499999999999996,0.33187500000000003,0.1382354784756899,jjy17yj4
trial_structure_mlp_review,1,2.8170151710510254,0,0,0.053452249616384506,6kcscpbn
trial_structure_mlp_review,2,9.44474983215332,0.0375,0.1,0.26692694425582886,6kcscpbn
trial_structure_mlp_review,3,0.29572826623916626,0,0.05,0.13562028110027313,6kcscpbn
trial_structure_mlp_review,4,13.320959091186523,0.0375,0.15000000000000002,0.28273066878318787,6kcscpbn
trial_structure_mlp_review,5,5.209475517272949,0,0.1,0.19955307245254517,6kcscpbn
trial_structure_mlp_review,6,1.5267982482910156,0,0.1,0.18516401946544647,6kcscpbn
trial_structure_mlp_review,7,6.262699604034424,0,0.1,0.20528726279735565,6kcscpbn
trial_structure_mlp_review,8,5.204478740692139,0,0.07500000000000001,0.1414213627576828,6kcscpbn
trial_structure_mlp_review,9,3.8408076763153076,0,0.05,0.16903084516525269,6kcscpbn
trial_structure_mlp_review,10,1.969072699546814,0,0.15000000000000002,0.18077215552330017,6kcscpbn
trial_structure_mlp_review,11,5.563930511474609,0,0.05,0.11649647355079651,6kcscpbn
trial_structure_mlp_review,12,1.4434547424316406,0,0.2,0.19086270034313202,6kcscpbn
trial_structure_mlp_review,13,9.134725570678711,0,0.15000000000000002,0.20701968669891357,6kcscpbn
trial_structure_mlp_review,14,1.0104557275772095,0,0,0.053452249616384506,6kcscpbn
trial_structure_mlp_review,15,0.23305189609527588,0,0.1,0.20528726279735565,6kcscpbn
trial_structure_mlp_review,16,19.069204330444336,0.11249999999999999,0.15000000000000002,0.3535533845424652,6kcscpbn
trial_structure_mlp_review,17,0.15835922956466675,0,0.25,0.1752549111843109,6kcscpbn
trial_structure_mlp_review,18,10.179121017456055,0,0.15000000000000002,0.19955307245254517,6kcscpbn
trial_structure_mlp_review,19,6.741976737976074,0,0.15000000000000002,0.21876275539398193,6kcscpbn
trial_structure_mlp_review,20,6.101480484008789,0,0.15000000000000002,0.19086270034313202,6kcscpbn
trial_structure_mlp_review,21,6.385547161102295,0,0.15000000000000002,0.19086270034313202,6kcscpbn
trial_structure_mlp_review,22,6.481025695800781,0,0.05,0.1414213478565216,6kcscpbn
trial_structure_mlp_review,23,0,0,0,0,6kcscpbn
trial_structure_mlp_review,24,0.03955841064453125,0,0.1,0.1752549111843109,6kcscpbn
trial_structure_mlp_review,25,4.64350700378418,0,0.1,0.20528726279735565,6kcscpbn
trial_structure_mlp_review,26,1.476471185684204,0,0.1,0.16850179433822632,6kcscpbn
trial_structure_mlp_review,27,2.8382949829101562,0,0.025,0.07559289783239365,6kcscpbn
trial_structure_mlp_review,28,8.78298282623291,0,0.1,0.18077215552330017,6kcscpbn
trial_structure_mlp_review,29,0.732702374458313,0,0,0.0353553369641304,6kcscpbn
trial_structure_mlp_review,30,8.749696731567383,0.0375,0.1,0.2828426957130432,6kcscpbn
trial_structure_mlp_review,31,4.773342609405518,0,0.1,0.18077215552330017,6kcscpbn
trial_structure_mlp_review,32,8.643447875976562,0.0375,0.15000000000000002,0.2587745785713196,6kcscpbn
trial_structure_mlp_review,33,2.198585271835327,0,0.1,0.16850179433822632,6kcscpbn
trial_structure_mlp_review,34,9.277376174926758,0,0.125,0.18516401946544647,6kcscpbn
trial_structure_mlp_review,35,5.214889049530029,0,0.1,0.18077215552330017,6kcscpbn
trial_structure_mlp_review,36,0,0,0,0,6kcscpbn
trial_structure_mlp_review,37,11.135955810546875,0.0375,0.15000000000000002,0.28784918785095215,6kcscpbn
trial_structure_mlp_review,38,0,0,0.2,0.21380899846553802,6kcscpbn
trial_structure_mlp_review,39,1.729463815689087,0,0.025,0.0707106739282608,6kcscpbn
trial_structure_mlp_review,40,9.652141571044922,0.0375,0.1,0.26692694425582886,6kcscpbn
trial_structure_mlp_review,41,1.676957607269287,0,0.025,0.0707106739282608,6kcscpbn
trial_structure_mlp_review,42,3.9142847061157227,0.0375,0.05,0.24164614081382751,6kcscpbn
trial_structure_mlp_review,43,4.6254730224609375,0,0.05,0.13562028110027313,6kcscpbn
trial_structure_mlp_review,44,5.536066055297852,0,0.1,0.20528726279735565,6kcscpbn
trial_structure_mlp_review,45,-0.4437210261821747,0,0.1,0.1752549111843109,6kcscpbn
trial_structure_mlp_review,46,5.707820892333984,0,0.15000000000000002,0.19086270034313202,6kcscpbn
trial_structure_mlp_review,47,12.20635986328125,0,0.15000000000000002,0.20701968669891357,6kcscpbn
trial_structure_mlp_review,48,9.114781379699707,0,0.1,0.18516401946544647,6kcscpbn
trial_structure_mlp_review,49,0.5715287327766418,0,0.025,0.07440238445997238,6kcscpbn
trial_structure_mlp_review,50,7.520673751831055,0,0.125,0.18322508037090302,6kcscpbn
trial_structure_mlp_review,51,10.941546440124512,0.0375,0.05,0.2474873661994934,6kcscpbn
trial_structure_mlp_review,52,4.202688694000244,0,0.05,0.14078859984874725,6kcscpbn
trial_structure_mlp_review,53,6.488348007202148,0,0.15000000000000002,0.22677868604660034,6kcscpbn
trial_structure_mlp_review,54,5.946781158447266,0,0.1,0.1752549111843109,6kcscpbn
trial_structure_mlp_review,55,9.633478164672852,0.0375,0.25,0.2587745785713196,6kcscpbn
trial_structure_mlp_review,56,8.441621780395508,0.0375,0.1,0.2828427255153656,6kcscpbn
trial_structure_mlp_review,57,8.138527870178223,0.0375,0.1,0.26692694425582886,6kcscpbn
trial_structure_mlp_review,58,8.051716804504395,0.0375,0.125,0.2474873661994934,6kcscpbn
trial_structure_mlp_review,59,6.862414360046387,0,0.1,0.18077215552330017,6kcscpbn
trial_structure_mlp_review,60,10.232282638549805,0.0375,0.25,0.2587745785713196,6kcscpbn
trial_structure_mlp_review,61,6.050183296203613,0,0.2,0.20658792555332184,6kcscpbn
trial_structure_mlp_review,62,0,0,0,0,6kcscpbn
trial_structure_mlp_review,63,2.2859320640563965,0,0.05,0.1414213478565216,6kcscpbn
trial_structure_mlp_review,64,8.756013870239258,0,0.1,0.1752549111843109,6kcscpbn
trial_structure_mlp_review,65,10.188324928283691,0.0375,0.15000000000000002,0.2295181155204773,6kcscpbn
trial_structure_mlp_review,66,9.216156005859375,0.075,0.125,0.30908849835395813,6kcscpbn
trial_structure_mlp_review,67,0,0,0,0,6kcscpbn
trial_structure_mlp_review,68,6.257824897766113,0,0.1,0.18516401946544647,6kcscpbn
trial_structure_mlp_review,69,0,0,0,0,6kcscpbn
trial_structure_mlp_review,70,0.12334680557250977,0,0.05,0.13093073666095734,6kcscpbn
trial_structure_mlp_review,71,1.136751651763916,0,0.05,0.1414213478565216,6kcscpbn
trial_structure_mlp_review,72,8.377216339111328,0.0375,0.05,0.2474873661994934,6kcscpbn
trial_structure_mlp_review,73,3.165219783782959,0,0.025,0.07440238445997238,6kcscpbn
trial_structure_mlp_review,74,16.964065551757812,0.075,0.15000000000000002,0.3284575343132019,6kcscpbn
trial_structure_mlp_review,75,9.18172836303711,0.0375,0.1,0.2828426957130432,6kcscpbn
trial_structure_mlp_review,76,-0.017050519585609436,0,0.07500000000000001,0.09910313040018082,6kcscpbn
trial_structure_mlp_review,77,13.930583953857422,0.0375,0.2,0.2828426957130432,6kcscpbn
trial_structure_mlp_review,78,13.094877243041992,0.075,0.15000000000000002,0.32403701543807983,6kcscpbn
trial_structure_mlp_review,79,3.868041753768921,0,0.05,0.1414213478565216,6kcscpbn
trial_structure_mlp_review,80,7.46082067489624,0.0375,0.07500000000000001,0.21001701056957245,6kcscpbn
trial_structure_mlp_review,81,0,0,0,0,6kcscpbn
trial_structure_mlp_review,82,4.9970526695251465,0,0.07500000000000001,0.14577379822731018,6kcscpbn
trial_structure_mlp_review,83,5.9125657081604,0,0.25,0.219983771443367,6kcscpbn
trial_structure_mlp_review,84,2.937133312225342,0,0.05,0.1414213478565216,6kcscpbn
trial_structure_mlp_review,85,4.587897777557373,0,0.2,0.20310094952583313,6kcscpbn
trial_structure_mlp_review,86,0,0,0,0,6kcscpbn
trial_structure_mlp_review,87,1.23543381690979,0,0.1,0.18077215552330017,6kcscpbn
trial_structure_mlp_review,88,9.269495010375977,0.0375,0.15000000000000002,0.2748376131057739,6kcscpbn
trial_structure_mlp_review,89,5.79081916809082,0,0.25,0.20701967179775238,6kcscpbn
trial_structure_mlp_review,90,1.016958236694336,0,0,0.04629100486636162,6kcscpbn
trial_structure_mlp_review,91,5.075883388519287,0,0.1,0.18077215552330017,6kcscpbn
trial_structure_mlp_review,92,0.2115865796804428,0,0,0.051754917949438095,6kcscpbn
trial_structure_mlp_review,93,8.352396965026855,0.0375,0.1,0.26692694425582886,6kcscpbn
trial_structure_mlp_review,94,2.6728508472442627,0,0.025,0.07440238445997238,6kcscpbn
trial_structure_mlp_review,95,9.736472129821777,0.0375,0.2,0.2722262740135193,6kcscpbn
trial_structure_mlp_review,96,12.75041389465332,0.0375,0.2,0.2722262740135193,6kcscpbn
trial_structure_mlp_review,97,9.466836929321289,0,0.1,0.18516401946544647,6kcscpbn
trial_structure_mlp_review,98,7.2386860847473145,0.0375,0.2,0.2722262740135193,6kcscpbn
trial_structure_mlp_review,99,11.904851913452148,0.0375,0.2,0.2828426957130432,6kcscpbn
trial_structure_mlp_review,100,3.2443881034851074,0,0.07500000000000001,0.1414213627576828,6kcscpbn
trial_structure_mlp_review,101,5.52626371383667,0.0375,0.2,0.2722262740135193,6kcscpbn
trial_structure_mlp_review,102,2.913093090057373,0,0.1,0.18516401946544647,6kcscpbn
trial_structure_mlp_review,103,3.3435182571411133,0,0.2,0.21380899846553802,6kcscpbn
trial_structure_mlp_review,104,0.3314807713031769,0,0.25,0.1922609955072403,6kcscpbn
trial_structure_mlp_review,105,8.057559967041016,0.0375,0.2,0.2828426957130432,6kcscpbn
trial_structure_mlp_review,106,6.785970687866211,0.0375,0.15000000000000002,0.2748376131057739,6kcscpbn
trial_structure_mlp_review,107,2.638092517852783,0,0.05,0.09258200973272324,6kcscpbn
trial_structure_mlp_review,108,7.6611433029174805,0.0375,0.125,0.2386719137430191,6kcscpbn
trial_structure_mlp_review,109,6.3425798416137695,0,0.1,0.18516401946544647,6kcscpbn
trial_structure_mlp_review,110,2.1796655654907227,0.0375,0.1,0.26692694425582886,6kcscpbn
trial_structure_mlp_review,111,2.4775350093841553,0,0.07500000000000001,0.17728105187416077,6kcscpbn
trial_structure_mlp_review,112,8.33393669128418,0.0375,0.1,0.24458418786525726,6kcscpbn
trial_structure_mlp_review,113,6.141554355621338,0.0375,0.25,0.2587745785713196,6kcscpbn
trial_structure_mlp_review,114,8.000898361206055,0.0375,0.07500000000000001,0.21001701056957245,6kcscpbn
trial_structure_mlp_review,115,3.8865761756896973,0,0.05,0.09258200973272324,6kcscpbn
trial_structure_mlp_review,116,11.858782768249512,0.0375,0.15000000000000002,0.2748376131057739,6kcscpbn
trial_structure_mlp_review,117,3.8167314529418945,0,0.2,0.21380899846553802,6kcscpbn
trial_structure_mlp_review,118,8.058417320251465,0.0375,0.15,0.2531938850879669,6kcscpbn
trial_structure_mlp_review,119,1.3482098579406738,0,0.3,0.18516401946544647,6kcscpbn
trial_structure_mlp_review,120,4.826305389404297,0,0.1,0.18516401946544647,6kcscpbn
trial_structure_mlp_review,121,3.1753859519958496,0,0.25,0.20701967179775238,6kcscpbn
trial_structure_mlp_review,122,5.090134620666504,0,0.1,0.18516401946544647,6kcscpbn
trial_structure_mlp_review,123,7.135288715362549,0,0.1,0.1511857956647873,6kcscpbn
trial_structure_mlp_review,124,12.077535629272461,0.075,0.15000000000000002,0.32403701543807983,6kcscpbn
trial_structure_mlp_review,125,7.757782459259033,0,0.15000000000000002,0.20701968669891357,6kcscpbn
trial_structure_mlp_review,126,9.854324340820312,0.0375,0.15000000000000002,0.2531938850879669,6kcscpbn
trial_structure_mlp_review,127,10.937607765197754,0.0375,0.2,0.2722262740135193,6kcscpbn
trial_structure_mlp_review,128,5.772019386291504,0,0.15000000000000002,0.19955307245254517,6kcscpbn
trial_structure_mlp_review,130,0.7990159392356873,0,0.025,0.0707106739282608,6kcscpbn
trial_structure_mlp_review,131,1.298452615737915,0,0.025,0.0707106739282608,6kcscpbn
trial_structure_mlp_review,132,4.09846305847168,0,0.15000000000000002,0.20701968669891357,6kcscpbn
trial_structure_mlp_review,133,6.054113388061523,0,0.07500000000000001,0.14880476891994476,6kcscpbn
trial_structure_mlp_review,134,5.56433629989624,0,0.15000000000000002,0.20701968669891357,6kcscpbn
trial_structure_mlp_review,135,1.0793812274932861,0.0375,0.175,0.2642374634742737,6kcscpbn
trial_structure_mlp_review,136,7.773697853088379,0,0.07500000000000001,0.14880476891994476,6kcscpbn
trial_structure_mlp_review,137,3.2373666763305664,0.0375,0.15000000000000002,0.20310096442699432,6kcscpbn
trial_structure_mlp_review,138,12.526321411132812,0.0375,0.2,0.2722262740135193,6kcscpbn
trial_structure_mlp_review,139,8.508810043334961,0,0.1,0.18516401946544647,6kcscpbn
trial_structure_mlp_review,140,5.5965189933776855,0.11249999999999999,0.35,0.2386719137430191,6kcscpbn
trial_structure_mlp_review,141,6.636682510375977,0,0.15000000000000002,0.20701968669891357,6kcscpbn
trial_structure_mlp_review,142,6.756427764892578,0.0375,0.15000000000000002,0.2785933315753937,6kcscpbn
trial_structure_mlp_review,143,13.752180099487305,0.075,0.15000000000000002,0.32403701543807983,6kcscpbn
trial_structure_mlp_review,144,7.106471061706543,0,0.1,0.1511857956647873,6kcscpbn
trial_structure_mlp_review,145,7.055813312530518,0.075,0.1,0.32403701543807983,6kcscpbn
trial_structure_mlp_review,146,6.130603790283203,0.11249999999999999,0.3,0.29001232981681824,6kcscpbn
trial_structure_mlp_review,147,0.22799324989318848,0.11249999999999999,0.39999999999999997,0.155264750123024,6kcscpbn
trial_structure_mlp_review,148,6.778944969177246,0.0375,0.1,0.1767766922712326,6kcscpbn
trial_structure_mlp_review,149,9.656292915344238,0,0.3,0.18516401946544647,6kcscpbn
trial_structure_mlp_review,150,7.977133750915527,0,0.17500000000000002,0.19820624589920044,6kcscpbn
trial_structure_mlp_review,151,7.931985378265381,0,0.1,0.18516401946544647,6kcscpbn
trial_structure_mlp_review,152,7.243529319763184,0.0375,0.1,0.1767766922712326,6kcscpbn
trial_structure_mlp_review,153,1.5507967472076416,0,0.05,0.09258200973272324,6kcscpbn
trial_structure_mlp_review,154,2.052638292312622,0,0.2,0.20310094952583313,6kcscpbn
trial_structure_mlp_review,155,1.5654635429382324,0,0.175,0.16690459847450256,6kcscpbn
trial_structure_mlp_review,156,4.663491725921631,0.075,0.3,0.26592156291007996,6kcscpbn
trial_structure_mlp_review,157,1.3670903444290161,0.11249999999999999,0.125,0.25599944591522217,6kcscpbn
trial_structure_mlp_review,158,5.094052314758301,0,0.1,0.18516401946544647,6kcscpbn
trial_structure_mlp_review,159,14.234148979187012,0.075,0.15000000000000002,0.32403701543807983,6kcscpbn
trial_structure_mlp_review,160,12.876358985900879,0.15,0.25,0.3464101552963257,6kcscpbn
trial_structure_mlp_review,161,7.153650760650635,0.11249999999999999,0.25,0.32486259937286377,6kcscpbn
trial_structure_mlp_review,162,4.2797417640686035,0,0.05,0.1414213478565216,6kcscpbn
trial_structure_mlp_review,163,3.7188544273376465,0,0.15000000000000002,0.20701967179775238,6kcscpbn
trial_structure_mlp_review,164,9.77787971496582,0,0.15000000000000002,0.20701968669891357,6kcscpbn
trial_structure_mlp_review,165,8.286728858947754,0.0375,0.1,0.26692694425582886,6kcscpbn
trial_structure_mlp_review,166,11.5194091796875,0.075,0.25,0.2964070439338684,6kcscpbn
trial_structure_mlp_review,167,7.272978782653809,0.075,0.15000000000000002,0.32403701543807983,6kcscpbn
trial_structure_mlp_review,168,2.742687702178955,0.0375,0.2,0.2722262740135193,6kcscpbn
trial_structure_mlp_review,170,5.716697692871094,0.11249999999999999,0.2,0.3482097089290619,6kcscpbn
trial_structure_mlp_review,171,2.787280321121216,0.0375,0.15000000000000002,0.2748376131057739,6kcscpbn
trial_structure_mlp_review,172,9.419902801513672,0,0.25,0.2314550280570984,6kcscpbn
trial_structure_mlp_review,173,8.258474349975586,0.0375,0.2,0.2722262740135193,6kcscpbn
trial_structure_mlp_review,174,9.597086906433105,0.0375,0.15000000000000002,0.28784918785095215,6kcscpbn
trial_structure_mlp_review,175,-0.2532966136932373,0.11249999999999999,0.27499999999999997,0.27998724579811096,6kcscpbn
trial_structure_mlp_review,176,10.07580280303955,0,0.15000000000000002,0.20701968669891357,6kcscpbn
trial_structure_mlp_review,177,4.819870948791504,0.0375,0.07500000000000001,0.18077215552330017,6kcscpbn
trial_structure_mlp_review,178,8.356712341308594,0.075,0.2,0.31509634852409363,6kcscpbn
trial_structure_mlp_review,179,1.9993531703948975,0.0375,0.2,0.18468119204044342,6kcscpbn
trial_structure_mlp_review,180,7.2829484939575195,0.0375,0.125,0.24348658323287964,6kcscpbn
trial_structure_mlp_review,181,1.3436975479125977,0,0.22499999999999998,0.16690459847450256,6kcscpbn
trial_structure_mlp_review,182,11.484411239624023,0,0.2,0.21380899846553802,6kcscpbn
trial_structure_mlp_review,183,3.8874948024749756,0,0.25,0.20701968669891357,6kcscpbn
trial_structure_mlp_review,184,4.0719122886657715,0.0375,0.125,0.2386719137430191,6kcscpbn
trial_structure_mlp_review,185,3.3681228160858154,0.075,0.3,0.26592159271240234,6kcscpbn
trial_structure_mlp_review,186,4.029152870178223,0.075,0.15000000000000002,0.3419661223888397,6kcscpbn
trial_structure_mlp_review,187,6.176999092102051,0.075,0.2,0.26592156291007996,6kcscpbn
trial_structure_mlp_review,188,4.155808448791504,0,0.2,0.21380899846553802,6kcscpbn
trial_structure_mlp_review,189,5.4535298347473145,0.075,0.1,0.32403701543807983,6kcscpbn
trial_structure_mlp_review,190,4.484830856323242,0,0.25,0.219983771443367,6kcscpbn
trial_structure_mlp_review,191,7.441158294677734,0.075,0.3,0.26592159271240234,6kcscpbn
trial_structure_mlp_review,192,5.796784400939941,0.11249999999999999,0.3,0.29001232981681824,6kcscpbn
trial_structure_mlp_review,193,7.8299360275268555,0.0375,0.25,0.2801801860332489,6kcscpbn
trial_structure_mlp_review,194,13.074178695678711,0.0375,0.15000000000000002,0.2748376131057739,6kcscpbn
trial_structure_mlp_review,195,3.406153678894043,0.0375,0.35,0.2704647183418274,6kcscpbn
trial_structure_mlp_review,196,-1.0080509185791016,0.1875,0.39999999999999997,0.1552647352218628,6kcscpbn
trial_structure_mlp_review,197,1.7311326265335083,0.0375,0.27499999999999997,0.21001701056957245,6kcscpbn
trial_structure_mlp_review,198,5.721288681030273,0.075,0.3,0.26592159271240234,6kcscpbn
trial_structure_mlp_review,199,1.81675124168396,0.075,0.25,0.2964070439338684,6kcscpbn
trial_structure_mlp_review,200,2.4472718238830566,0.0375,0.07500000000000001,0.2474873661994934,6kcscpbn
trial_structure_mlp_review,201,4.426745414733887,0,0.35,0.1414213478565216,6kcscpbn
trial_structure_mlp_review,202,-1.5446569919586182,0.11249999999999999,0.3,0.29001232981681824,6kcscpbn
trial_structure_mlp_review,203,6.285976886749268,0,0.1,0.1511857956647873,6kcscpbn
trial_structure_mlp_review,204,0.20304334163665771,0.0375,0.27499999999999997,0.21001701056957245,6kcscpbn
trial_structure_mlp_review,205,3.1531693935394287,0.0375,0.25,0.2587745785713196,6kcscpbn
trial_structure_mlp_review,206,8.09738540649414,0.0375,0.25,0.2587745785713196,6kcscpbn
trial_structure_mlp_review,207,5.412662506103516,0.0375,0.3,0.23260943591594696,6kcscpbn
trial_structure_mlp_review,208,4.621003150939941,0.075,0.19999999999999998,0.24348656833171844,6kcscpbn
trial_structure_mlp_review,209,2.7811977863311768,0.0375,0.25,0.26726123690605164,6kcscpbn
trial_structure_mlp_review,210,5.940605163574219,0.075,0.22499999999999998,0.24494898319244385,6kcscpbn
trial_structure_mlp_review,211,0,0,0.1,0.10690449923276901,6kcscpbn
trial_structure_mlp_review,212,5.424900054931641,0,0.125,0.14880476891994476,6kcscpbn
trial_structure_mlp_review,213,6.241519927978516,0,0.2,0.18516401946544647,6kcscpbn
trial_structure_mlp_review,214,3.345834493637085,0,0.25,0.20701968669891357,6kcscpbn
trial_structure_mlp_review,215,4.33084774017334,0.075,0.3,0.2695896327495575,6kcscpbn
trial_structure_mlp_review,216,6.801462650299072,0.0375,0.3,0.23904570937156677,6kcscpbn
trial_structure_mlp_review,217,8.873985290527344,0.075,0.25,0.2964070439338684,6kcscpbn
trial_structure_mlp_review,218,2.62286114692688,0,0.2,0.1511857956647873,6kcscpbn
trial_structure_mlp_review,219,-1.9361376762390137,0.0375,0.3,0.1767767071723938,6kcscpbn
trial_structure_mlp_review,220,1.7999582290649414,0.0375,0.25,0.2587745785713196,6kcscpbn
trial_structure_mlp_review,221,3.937732219696045,0.0375,0.175,0.25495100021362305,6kcscpbn
trial_structure_mlp_review,222,2.1334991455078125,0,0.35,0.1505940556526184,6kcscpbn
trial_structure_mlp_review,223,3.428589344024658,0.0375,0.25,0.26726123690605164,6kcscpbn
trial_structure_mlp_review,224,3.708142042160034,0.0375,0.225,0.23260943591594696,6kcscpbn
trial_structure_mlp_review,225,5.5204644203186035,0.15,0.22499999999999998,0.310529500246048,6kcscpbn
trial_structure_mlp_review,226,3.9076569080352783,0,0.35,0.1414213478565216,6kcscpbn
trial_structure_mlp_review,227,4.918921947479248,0.075,0.275,0.16903084516525269,6kcscpbn
trial_structure_mlp_review,228,-0.5430526733398438,0.11249999999999999,0.35,0.2386719137430191,6kcscpbn
trial_structure_mlp_review,229,4.91310977935791,0,0.2,0.19873861968517303,6kcscpbn
trial_structure_mlp_review,230,0.8463686108589172,0.0375,0.27499999999999997,0.21001701056957245,6kcscpbn
trial_structure_mlp_review,231,2.8372905254364014,0.075,0.35,0.21876274049282074,6kcscpbn
trial_structure_mlp_review,232,9.051580429077148,0.075,0.25,0.2964070439338684,6kcscpbn
trial_structure_mlp_review,233,7.955968856811523,0.15,0.2,0.37416574358940125,6kcscpbn
trial_structure_mlp_review,234,1.74088716506958,0,0.35,0.1414213478565216,6kcscpbn
trial_structure_mlp_review,235,13.353800773620605,0.075,0.2,0.2961091995239258,6kcscpbn
trial_structure_mlp_review,236,2.962787628173828,0.0375,0.35,0.19468285143375397,6kcscpbn
trial_structure_mlp_review,237,4.868302345275879,0.11249999999999999,0.22499999999999998,0.2825268805027008,6kcscpbn
trial_structure_mlp_review,238,0,0,0.39999999999999997,0,6kcscpbn
trial_structure_mlp_review,239,6.939457416534424,0.0375,0.15000000000000002,0.21671244502067566,6kcscpbn
trial_structure_mlp_review,240,3.4311728477478027,0.0375,0.22499999999999998,0.2314550280570984,6kcscpbn
trial_structure_mlp_review,241,6.320923328399658,0.075,0.3,0.26592159271240234,6kcscpbn
trial_structure_mlp_review,242,1.1753406524658203,0.11249999999999999,0.25,0.25599944591522217,6kcscpbn
trial_structure_mlp_review,243,2.283125400543213,0.075,0.15,0.21876275539398193,6kcscpbn
trial_structure_mlp_review,244,0.5665359497070312,0.11249999999999999,0.3,0.29001232981681824,6kcscpbn
trial_structure_mlp_review,245,-1.0118470191955566,0.075,0.35,0.21876274049282074,6kcscpbn
trial_structure_mlp_review,246,-0.728095293045044,0.15,0.27499999999999997,0.14880476891994476,6kcscpbn
trial_structure_mlp_review,247,-1.2735066413879395,0.0375,0.175,0.13562028110027313,6kcscpbn
trial_structure_mlp_review,248,-0.3332040309906006,0.0375,0.39999999999999997,0.14078859984874725,6kcscpbn
trial_structure_mlp_review,249,7.168918609619141,0.0375,0.25,0.2587745785713196,6kcscpbn
trial_structure_mlp_review,250,0.7704586982727051,0.15,0.27499999999999997,0.23754698038101196,6kcscpbn
trial_structure_mlp_review,251,-0.7389297485351562,0.075,0.35,0.21876275539398193,6kcscpbn
trial_structure_mlp_review,252,2.677354574203491,0.11249999999999999,0.25,0.27074170112609863,6kcscpbn
trial_structure_mlp_review,253,-1.007596731185913,0.075,0.35,0.21876274049282074,6kcscpbn
trial_structure_mlp_review,254,4.040338516235352,0.11249999999999999,0.3,0.29001232981681824,6kcscpbn
trial_structure_mlp_review,255,4.257747650146484,0.0375,0.3,0.23260942101478577,6kcscpbn
trial_structure_mlp_review,256,-1.3980436325073242,0.0375,0.2,0.2722262740135193,6kcscpbn
trial_structure_mlp_review,257,-1.7215580940246582,0.11249999999999999,0.39999999999999997,0.1471724957227707,6kcscpbn
trial_structure_mlp_review,258,-1.267206072807312,0.075,0.30000000000000004,0.1752549111843109,6kcscpbn
trial_structure_mlp_review,259,0.6512284278869629,0,0.15000000000000002,0.20701967179775238,6kcscpbn
trial_structure_mlp_review,260,0.017797231674194336,0.0375,0.3,0.23260942101478577,6kcscpbn
trial_structure_mlp_review,261,-0.3634674549102783,0.15,0.35,0.2507132589817047,6kcscpbn
trial_structure_mlp_review,262,-0.038661837577819824,0.11249999999999999,0.3,0.09910312294960022,6kcscpbn
trial_structure_mlp_review,263,-1.1082863807678223,0.0375,0.275,0.20528726279735565,6kcscpbn
trial_structure_mlp_review,264,7.193655014038086,0.15,0.25,0.3464101552963257,6kcscpbn
trial_structure_mlp_review,265,1.6127231121063232,0.0375,0.25,0.2587745785713196,6kcscpbn
trial_structure_mlp_review,266,-2.7349276542663574,0.11249999999999999,0.35,0.2386719137430191,6kcscpbn
trial_structure_mlp_review,267,-1.260432243347168,0.11249999999999999,0.22499999999999998,0.2825268507003784,6kcscpbn
trial_structure_mlp_review,268,0.6710227727890015,0.0375,0.27499999999999997,0.1721823513507843,6kcscpbn
trial_structure_mlp_review,269,-0.04454994201660156,0.075,0.3,0.19594095647335052,6kcscpbn
trial_structure_mlp_review,270,9.594552040100098,0.11249999999999999,0.3,0.29001232981681824,6kcscpbn
trial_structure_mlp_review,271,-0.5778865814208984,0.0375,0.30000000000000004,0.11877349019050598,6kcscpbn
trial_structure_mlp_review,272,4.156774520874023,0.075,0.3,0.2695896327495575,6kcscpbn
trial_structure_mlp_review,273,1.8113933801651,0.075,0.35,0.21876275539398193,6kcscpbn
trial_structure_mlp_review,274,-0.13082122802734375,0.0375,0.27499999999999997,0.1642080545425415,6kcscpbn
trial_structure_mlp_review,275,4.12200403213501,0.0375,0.25,0.2587745785713196,6kcscpbn
trial_structure_mlp_review,276,6.210662364959717,0.075,0.25,0.2964070439338684,6kcscpbn
trial_structure_mlp_review,277,0.22844016551971436,0.075,0.3,0.2695896327495575,6kcscpbn
trial_structure_mlp_review,278,4.566051006317139,0.15,0.19999999999999998,0.220389261841774,6kcscpbn
trial_structure_mlp_review,279,-1.730350136756897,0.15,0.39999999999999997,0.16035673022270203,6kcscpbn
trial_structure_mlp_review,280,3.5907459259033203,0,0.35,0.1414213478565216,6kcscpbn
trial_structure_mlp_review,281,0.19973862171173096,0.11249999999999999,0.39999999999999997,0.1564389020204544,6kcscpbn
trial_structure_mlp_review,282,-0.29448819160461426,0.225,0.39999999999999997,0.13887299597263336,6kcscpbn
trial_structure_mlp_review,283,-2.8862619400024414,0.11249999999999999,0.35,0.2386719137430191,6kcscpbn
trial_structure_mlp_review,284,6.448676586151123,0.11249999999999999,0.3,0.29001232981681824,6kcscpbn
trial_structure_mlp_review,285,-1.4653078317642212,0.075,0.39999999999999997,0.13887301087379456,6kcscpbn
trial_structure_mlp_review,286,-0.9322395920753479,0.0375,0.39999999999999997,0.1060660183429718,6kcscpbn
trial_structure_mlp_review,287,5.11821174621582,0.075,0.25,0.30207616090774536,6kcscpbn
trial_structure_mlp_review,288,-1.9622085094451904,0.11249999999999999,0.3,0.29154759645462036,6kcscpbn
trial_structure_mlp_review,289,1.0136606693267822,0.11249999999999999,0.25,0.2066173255443573,6kcscpbn
trial_structure_mlp_review,290,-1.2690256834030151,0.0375,0.25,0.1642080694437027,6kcscpbn
trial_structure_mlp_review,291,-1.9824615716934204,0.11249999999999999,0.39999999999999997,0.155264750123024,6kcscpbn
trial_structure_mlp_review,292,6.852203369140625,0.0375,0.22499999999999998,0.23260940611362457,6kcscpbn
trial_structure_mlp_review,293,-0.7206015586853027,0.0375,0.39999999999999997,0.1060660183429718,6kcscpbn
trial_structure_mlp_review,294,-1.0129607915878296,0.075,0.39999999999999997,0.13887301087379456,6kcscpbn
trial_structure_mlp_review,295,8.802310943603516,0.11249999999999999,0.3,0.29001232981681824,6kcscpbn
trial_structure_mlp_review,296,0.32337379455566406,0.0375,0.35,0.18850919604301453,6kcscpbn
trial_structure_mlp_review,297,1.4742565155029297,0.0375,0.25,0.23364832997322083,6kcscpbn
trial_structure_mlp_review,298,0.39555859565734863,0.0375,0.35,0.18850919604301453,6kcscpbn
trial_structure_mlp_review,299,-2.571345090866089,0.075,0.35,0.21876274049282074,6kcscpbn
trial_structure_mlp_review,300,-1.5077614784240723,0.11249999999999999,0.39999999999999997,0.155264750123024,6kcscpbn
trial_structure_mlp_review,301,1.007144570350647,0.11249999999999999,0.3,0.1642080545425415,6kcscpbn
trial_structure_mlp_review,302,-6.151659965515137,0.11249999999999999,0.25,0.2199837565422058,6kcscpbn
trial_structure_mlp_review,303,0.6440689563751221,0.0375,0.3,0.23260942101478577,6kcscpbn
trial_structure_mlp_review,304,0.7872811555862427,0.075,0.35,0.21876275539398193,6kcscpbn
trial_structure_mlp_review,305,-1.4255787134170532,0.075,0.35,0.11877348273992538,6kcscpbn
trial_structure_mlp_review,306,4.0617265701293945,0.15,0.25,0.21380899846553802,6kcscpbn
trial_structure_mlp_review,307,-1.3144025802612305,0.11249999999999999,0.30000000000000004,0.20829181373119354,6kcscpbn
trial_structure_mlp_review,308,-2.353823661804199,0.075,0.25,0.1752549111843109,6kcscpbn
trial_structure_mlp_review,309,3.8153600692749023,0,0.2,0.21380899846553802,6kcscpbn
trial_structure_mlp_review,310,-2.654447555541992,0.075,0.3,0.26592156291007996,6kcscpbn
trial_structure_mlp_review,311,5.914151191711426,0.0375,0.3,0.23260942101478577,6kcscpbn
trial_structure_mlp_review,312,0.5961799621582031,0.0375,0.39999999999999997,0.1060660183429718,6kcscpbn
trial_structure_mlp_review,313,-3.5755419731140137,0.075,0.35,0.2784509062767029,6kcscpbn
trial_structure_mlp_review,314,-1.0812931060791016,0,0.3,0.18516401946544647,6kcscpbn
trial_structure_mlp_review,315,5.0257720947265625,0.11249999999999999,0.35,0.24471937119960785,6kcscpbn
trial_structure_mlp_review,316,4.6455793380737305,0.075,0.15000000000000002,0.3747084140777588,6kcscpbn
trial_structure_mlp_review,317,1.6077699661254883,0.0375,0.3,0.23260942101478577,6kcscpbn
trial_structure_mlp_review,318,0.06976258754730225,0.11249999999999999,0.35,0.14072388410568237,6kcscpbn
trial_structure_mlp_review,319,-1.7312806844711304,0.0375,0.30000000000000004,0.22592981159687042,6kcscpbn
trial_structure_mlp_review,320,-0.44510388374328613,0.075,0.30000000000000004,0.1752549111843109,6kcscpbn
trial_structure_mlp_review,321,-1.3915401697158813,0.1875,0.39999999999999997,0.1552647352218628,6kcscpbn
trial_structure_mlp_review,322,2.631575345993042,0.0375,0.3,0.23260942101478577,6kcscpbn
trial_structure_mlp_review,323,-1.0433069467544556,0.075,0.35,0.21876274049282074,6kcscpbn
trial_structure_mlp_review,324,2.390713691711426,0.15,0.27499999999999997,0.23754698038101196,6kcscpbn
trial_structure_mlp_review,325,-0.812781810760498,0.11249999999999999,0.35,0.2386718988418579,6kcscpbn
trial_structure_mlp_review,326,-0.096718430519104,0.15,0.35,0.28009122610092163,6kcscpbn
trial_structure_mlp_review,327,6.358499526977539,0.15,0.35,0.2507132589817047,6kcscpbn
trial_structure_mlp_review,328,-0.029059410095214844,0.11249999999999999,0.35,0.2386719137430191,6kcscpbn
trial_structure_mlp_review,329,-0.03395891189575195,0.15,0.39999999999999997,0.16035673022270203,6kcscpbn
trial_structure_mlp_review,330,-0.8019430637359619,0.075,0.25,0.2250470370054245,6kcscpbn
trial_structure_mlp_review,331,-0.8961798548698425,0.0375,0.30000000000000004,0.11877349019050598,6kcscpbn
trial_structure_mlp_review,332,1.9264628887176514,0.0375,0.35,0.18850919604301453,6kcscpbn
trial_structure_mlp_review,333,-0.1744842529296875,0.15,0.3,0.3357895314693451,6kcscpbn
trial_structure_mlp_review,334,5.148667335510254,0.0375,0.35,0.18850919604301453,6kcscpbn
trial_structure_mlp_review,335,0.514763593673706,0,0.25,0.1414213627576828,6kcscpbn
trial_structure_mlp_review,336,1.085616111755371,0.0375,0.39999999999999997,0.12926124036312103,6kcscpbn
trial_structure_mlp_review,337,-3.537783622741699,0.11249999999999999,0.25,0.32486262917518616,6kcscpbn
trial_structure_mlp_review,338,-4.312672138214111,0.075,0.25,0.2577478885650635,6kcscpbn
trial_structure_mlp_review,339,-1.1509705781936646,0.075,0.35,0.21876275539398193,6kcscpbn
trial_structure_mlp_review,340,-0.7168483734130859,0.11249999999999999,0.35,0.2386719137430191,6kcscpbn
trial_structure_mlp_review,341,0.4430159330368042,0.075,0.35,0.21876274049282074,6kcscpbn
trial_structure_mlp_review,342,-0.1661587357521057,0.075,0.3,0.1931886374950409,6kcscpbn
trial_structure_mlp_review,343,0.2839503288269043,0.075,0.35,0.21876275539398193,6kcscpbn
trial_structure_mlp_review,344,-2.4362001419067383,0.15,0.30000000000000004,0.25323042273521423,6kcscpbn
trial_structure_mlp_review,345,-3.472266912460327,0.1875,0.35,0.209121972322464,6kcscpbn
trial_structure_mlp_review,347,-0.02379715070128441,0.15,0.39999999999999997,0.15926040709018707,6kcscpbn
trial_structure_mlp_review,348,-1.8699678182601929,0.15,0.30000000000000004,0.14483462274074554,6kcscpbn
trial_structure_mlp_review,349,-5.399102210998535,0.11249999999999999,0.35,0.2386719137430191,6kcscpbn
trial_structure_mlp_review,350,-1.4995238780975342,0.1875,0.35,0.26766854524612427,6kcscpbn
trial_structure_mlp_review,351,0.6800106763839722,0.1875,0.275,0.2199837565422058,6kcscpbn
trial_structure_mlp_review,352,-1.4140172004699707,0.11249999999999999,0.35,0.25991302728652954,6kcscpbn
trial_structure_mlp_review,353,0.1951148509979248,0.15,0.275,0.24912279844284058,6kcscpbn
trial_structure_mlp_review,354,-1.0834022760391235,0.075,0.3,0.24079948663711548,6kcscpbn
trial_structure_mlp_review,355,0.11077690124511719,0.0375,0.19999999999999998,0.1060660257935524,6kcscpbn
trial_structure_mlp_review,356,-2.55873703956604,0.075,0.35,0.21876275539398193,6kcscpbn
trial_structure_mlp_review,357,0,0.15,0.39999999999999997,0.16035673022270203,6kcscpbn
trial_structure_mlp_review,358,-0.5086710453033447,0.11249999999999999,0.39999999999999997,0.155264750123024,6kcscpbn
trial_structure_mlp_review,359,5.792069435119629,0.075,0.3,0.26592159271240234,6kcscpbn
trial_structure_mlp_review,360,-0.12633705139160156,0.075,0.35,0.21876275539398193,6kcscpbn
trial_structure_mlp_review,361,1.712583065032959,0.075,0.30000000000000004,0.16663196682929993,6kcscpbn
trial_structure_mlp_review,362,1.3049399852752686,0.0375,0.3,0.23260942101478577,6kcscpbn
trial_structure_mlp_review,363,-1.1606800556182861,0.075,0.39999999999999997,0.158216655254364,6kcscpbn
trial_structure_mlp_review,364,-2.1502792835235596,0.11249999999999999,0.25,0.26692694425582886,6kcscpbn
trial_structure_mlp_review,365,-2.2014708518981934,0.075,0.39999999999999997,0.13887301087379456,6kcscpbn
trial_structure_mlp_review,366,-2.0797157287597656,0.11249999999999999,0.39999999999999997,0.16137436032295227,6kcscpbn
trial_structure_mlp_review,367,0.5315163135528564,0.15,0.3,0.1767766922712326,6kcscpbn
trial_structure_mlp_review,368,-4.288095474243164,0.075,0.35,0.2483050674200058,6kcscpbn
trial_structure_mlp_review,369,-3.057497978210449,0.15,0.30000000000000004,0.22756896913051605,6kcscpbn
trial_structure_mlp_review,370,-0.7793508768081665,0.11249999999999999,0.35,0.2386719137430191,6kcscpbn
trial_structure_mlp_review,371,-1.3369675874710083,0.11249999999999999,0.39999999999999997,0.1744777262210846,6kcscpbn
trial_structure_mlp_review,372,-1.9316179752349854,0.1875,0.275,0.15342198312282562,6kcscpbn
trial_structure_mlp_review,373,-0.5561091899871826,0.075,0.39999999999999997,0.13887301087379456,6kcscpbn
trial_structure_mlp_review,374,-0.3489185571670532,0.15,0.39999999999999997,0.16035673022270203,6kcscpbn
trial_structure_mlp_review,375,-0.20715999603271484,0.11249999999999999,0.39999999999999997,0.155264750123024,6kcscpbn
trial_structure_mlp_review,376,-0.7982730865478516,0.2625,0.25,0.2396252453327179,6kcscpbn
trial_structure_mlp_review,377,-2.6157474517822266,0.0375,0.35,0.18850919604301453,6kcscpbn
trial_structure_mlp_review,378,-3.5035393238067627,0.1875,0.35,0.26022228598594666,6kcscpbn
trial_structure_mlp_review,379,-2.959412097930908,0.15,0.25,0.28404638171195984,6kcscpbn
trial_structure_mlp_review,380,-0.7040021419525146,0.15,0.39999999999999997,0.157733753323555,6kcscpbn
trial_structure_mlp_review,381,-4.313159465789795,0.1875,0.25,0.284461110830307,6kcscpbn
trial_structure_mlp_review,382,-1.9967790842056274,0.0375,0.3,0.23260942101478577,6kcscpbn
trial_structure_mlp_review,383,-2.7933483123779297,0.15,0.39999999999999997,0.16569560766220093,6kcscpbn
trial_structure_mlp_review,384,-2.331052541732788,0.1875,0.39999999999999997,0.2059587836265564,6kcscpbn
trial_structure_mlp_review,385,-4.478385925292969,0.15,0.3,0.3264448046684265,6kcscpbn
trial_structure_mlp_review,386,-3.299757480621338,0.1875,0.35,0.25599944591522217,6kcscpbn
trial_structure_mlp_review,387,-1.292008399963379,0.1875,0.35,0.2569023370742798,6kcscpbn
trial_structure_mlp_review,388,-0.19621992111206055,0.2625,0.39999999999999997,0.10606600344181061,6kcscpbn
trial_structure_mlp_review,389,-2.0822489261627197,0.225,0.39999999999999997,0.13887299597263336,6kcscpbn
trial_structure_mlp_review,390,-4.336320400238037,0.1875,0.35,0.25599944591522217,6kcscpbn
trial_structure_mlp_review,391,-0.7869933843612671,0.15,0.30000000000000004,0.23299294710159302,6kcscpbn
trial_structure_mlp_review,392,-3.5290164947509766,0.15,0.25,0.34814998507499695,6kcscpbn
trial_structure_mlp_review,393,-4.127809524536133,0.15,0.25,0.27255403995513916,6kcscpbn
trial_structure_mlp_review,394,-3.975399971008301,0.225,0.35,0.26971086859703064,6kcscpbn
trial_structure_mlp_review,395,0.04642939567565918,0.225,0.35,0.2205268293619156,6kcscpbn
trial_structure_mlp_review,396,-1.6394264698028564,0.11249999999999999,0.225,0.25035688281059265,6kcscpbn
trial_structure_mlp_review,397,-1.2410175800323486,0.0375,0.35,0.18850919604301453,6kcscpbn
trial_structure_mlp_review,398,-4.1022419929504395,0.11249999999999999,0.19999999999999998,0.2958758473396301,6kcscpbn
trial_structure_mlp_review,399,-1.1936712265014648,0.11249999999999999,0.27499999999999997,0.27998724579811096,6kcscpbn
trial_structure_mlp_review,400,0.3786654472351074,0.11249999999999999,0.3,0.29001230001449585,6kcscpbn
trial_structure_mlp_review,401,-0.9934142827987671,0.11249999999999999,0.3,0.29001232981681824,6kcscpbn
trial_structure_mlp_review,402,-2.806793212890625,0.1875,0.3,0.23015132546424866,6kcscpbn
trial_structure_mlp_review,403,-3.743407726287842,0.15,0.35,0.25779393315315247,6kcscpbn
trial_structure_mlp_review,404,-1.1468377113342285,0.15,0.25,0.21380899846553802,6kcscpbn
trial_structure_mlp_review,405,-0.9717072248458862,0.15,0.3,0.24494896829128265,6kcscpbn
trial_structure_mlp_review,406,-1.4796375036239624,0.2625,0.39999999999999997,0.10673025250434875,6kcscpbn
trial_structure_mlp_review,407,-3.889261245727539,0.15,0.25,0.3569909930229187,6kcscpbn
trial_structure_mlp_review,408,-0.9501960277557373,0.15,0.35,0.2507132589817047,6kcscpbn
trial_structure_mlp_review,409,-0.5277756452560425,0.1875,0.25,0.2386719137430191,6kcscpbn
trial_structure_mlp_review,410,-2.9093966484069824,0.11249999999999999,0.19999999999999998,0.15526476502418518,6kcscpbn
trial_structure_mlp_review,411,-3.847839593887329,0.11249999999999999,0.35,0.2508423328399658,6kcscpbn
trial_structure_mlp_review,412,-0.64158034324646,0.1875,0.39999999999999997,0.15590471029281616,6kcscpbn
trial_structure_mlp_review,413,-3.101414203643799,0.15,0.25,0.2541503310203552,6kcscpbn
trial_structure_mlp_review,414,-3.952186346054077,0.15,0.15000000000000002,0.3537902235984802,6kcscpbn
trial_structure_mlp_review,415,-6.505651473999023,0.1875,0.3,0.33861660957336426,6kcscpbn
trial_structure_mlp_review,416,-5.128649711608887,0.225,0.25,0.26592156291007996,6kcscpbn
trial_structure_mlp_review,417,-0.5064020156860352,0.075,0.225,0.20701967179775238,6kcscpbn
trial_structure_mlp_review,418,-5.128438949584961,0.11249999999999999,0.25,0.32486259937286377,6kcscpbn
trial_structure_mlp_review,419,-1.160829782485962,0.075,0.3,0.26592159271240234,6kcscpbn
trial_structure_mlp_review,420,-1.0334458351135254,0.15,0.35,0.2507132589817047,6kcscpbn
trial_structure_mlp_review,421,-6.21376895904541,0.1875,0.25,0.2722262442111969,6kcscpbn
trial_structure_mlp_review,422,-2.7710366249084473,0.1875,0.35,0.25599944591522217,6kcscpbn
trial_structure_mlp_review,423,-1.5216141939163208,0.11249999999999999,0.35,0.2386719137430191,6kcscpbn
trial_structure_mlp_review,424,-0.960652232170105,0.075,0.19999999999999998,0.1562945395708084,6kcscpbn
trial_structure_mlp_review,425,-3.3314578533172607,0.15,0.35,0.2850218415260315,6kcscpbn
trial_structure_mlp_review,426,-3.5209033489227295,0.075,0.3,0.26592159271240234,6kcscpbn
trial_structure_mlp_review,427,-1.8208786249160767,0.225,0.19999999999999998,0.13887301087379456,6kcscpbn
trial_structure_mlp_review,428,-5.099066734313965,0.075,0.25,0.2964070439338684,6kcscpbn
trial_structure_mlp_review,429,-1.9469444751739502,0.11249999999999999,0.39999999999999997,0.155264750123024,6kcscpbn
trial_structure_mlp_review,430,-1.438840627670288,0.1875,0.39999999999999997,0.15742182731628418,6kcscpbn
trial_structure_mlp_review,431,-2.6289587020874023,0.11249999999999999,0.27499999999999997,0.2474873811006546,6kcscpbn
trial_structure_mlp_review,432,-5.856440544128418,0.15,0.3,0.3442118465900421,6kcscpbn
trial_structure_mlp_review,433,-2.675428867340088,0.1875,0.275,0.25599944591522217,6kcscpbn
trial_structure_mlp_review,434,-2.297149181365967,0.15,0.35,0.2507132589817047,6kcscpbn
trial_structure_mlp_review,435,-6.641798496246338,0.11249999999999999,0.25,0.25599944591522217,6kcscpbn
trial_structure_mlp_review,436,-2.9638161659240723,0.11249999999999999,0.25,0.32486259937286377,6kcscpbn
trial_structure_mlp_review,437,-0.08188462257385254,0.15,0.3,0.30705979466438293,6kcscpbn
trial_structure_mlp_review,438,-0.33189117908477783,0.2625,0.39999999999999997,0.08089053630828857,6kcscpbn
trial_structure_mlp_review,439,0.6940475106239319,0.15,0.3,0.31809988617897034,6kcscpbn
trial_structure_mlp_review,440,-3.450035810470581,0.15,0.35,0.2507132589817047,6kcscpbn
trial_structure_mlp_review,441,-2.186929225921631,0.11249999999999999,0.27499999999999997,0.28225937485694885,6kcscpbn
trial_structure_mlp_review,442,-1.9472920894622803,0.15,0.39999999999999997,0.16035673022270203,6kcscpbn
trial_structure_mlp_review,443,-4.265256881713867,0.075,0.2,0.31509634852409363,6kcscpbn
trial_structure_mlp_review,444,-2.8316287994384766,0.1875,0.35,0.3011590838432312,6kcscpbn
trial_structure_mlp_review,445,-4.635584354400635,0.1875,0.15,0.23260942101478577,6kcscpbn
trial_structure_mlp_review,446,-3.888289451599121,0.11249999999999999,0.35,0.2386719137430191,6kcscpbn
trial_structure_mlp_review,447,-3.292422294616699,0.075,0.225,0.24494898319244385,6kcscpbn
trial_structure_mlp_review,448,-4.756180286407471,0.15,0.25,0.3492405116558075,6kcscpbn
trial_structure_mlp_review,449,-1.6769447326660156,0.2625,0.175,0.1767766922712326,6kcscpbn
trial_structure_mlp_review,450,-3.281341075897217,0.11249999999999999,0.22499999999999998,0.302076131105423,6kcscpbn
trial_structure_mlp_review,451,-5.178459167480469,0.1875,0.22499999999999998,0.2748376429080963,6kcscpbn
trial_structure_mlp_review,452,-4.9993486404418945,0.1875,0.27499999999999997,0.25599944591522217,6kcscpbn
trial_structure_mlp_review,453,-1.0092121362686157,0.2625,0.3,0.17784827947616577,6kcscpbn
trial_structure_mlp_review,454,-5.300778388977051,0.225,0.22499999999999998,0.29276999831199646,6kcscpbn
trial_structure_mlp_review,455,-0.8563030958175659,0.1875,0.35,0.25599944591522217,6kcscpbn
trial_structure_mlp_review,456,-2.2350072860717773,0.15,0.225,0.2121320366859436,6kcscpbn
trial_structure_mlp_review,457,-1.2452070713043213,0.2625,0.39999999999999997,0.1582563817501068,6kcscpbn
trial_structure_mlp_review,458,-1.972489595413208,0.15,0.175,0.2815771698951721,6kcscpbn
trial_structure_mlp_review,459,-1.7011851072311401,0.11249999999999999,0.25,0.1767766922712326,6kcscpbn
trial_structure_mlp_review,460,-0.5000156164169312,0.225,0.39999999999999997,0.13887299597263336,6kcscpbn
trial_structure_mlp_review,461,-1.5382602214813232,0.15,0.39999999999999997,0.16035673022270203,6kcscpbn
trial_structure_mlp_review,462,0.09547257423400879,0.225,0.39999999999999997,0.14186997711658478,6kcscpbn
trial_structure_mlp_review,463,-0.3300524950027466,0.15,0.175,0.19820624589920044,6kcscpbn
trial_structure_mlp_review,464,0.2741580009460449,0.15,0.25,0.16903084516525269,6kcscpbn
trial_structure_mlp_review,465,-2.3508691787719727,0.075,0.39999999999999997,0.13887301087379456,6kcscpbn
trial_structure_mlp_review,466,-2.1155669689178467,0.225,0.30000000000000004,0.21876274049282074,6kcscpbn
trial_structure_mlp_review,467,-5.445278644561768,0.1875,0.125,0.28267985582351685,6kcscpbn
trial_structure_mlp_review,469,-1.407752275466919,0.075,0.15,0.2659624218940735,6kcscpbn
trial_structure_mlp_review,470,-4.654423236846924,0.1875,0.35,0.2586524188518524,6kcscpbn
trial_structure_mlp_review,471,-1.7959678173065186,0.15,0.175,0.19820626080036163,6kcscpbn
trial_structure_mlp_review,472,-2.8450629711151123,0.1875,0.35,0.25599944591522217,6kcscpbn
trial_structure_mlp_review,473,-2.2037084102630615,0.1875,0.35,0.2656365931034088,6kcscpbn
trial_structure_mlp_review,474,-0.4739588499069214,0.1875,0.25,0.31139087677001953,6kcscpbn
trial_structure_mlp_review,475,-0.6027817726135254,0.15,0.39999999999999997,0.15755198895931244,6kcscpbn
trial_structure_mlp_review,476,-2.8434650897979736,0.11249999999999999,0.2,0.2748376131057739,6kcscpbn
trial_structure_mlp_review,477,-4.786227703094482,0.15,0.35,0.2990991771221161,6kcscpbn
trial_structure_mlp_review,478,-2.823482036590576,0.15,0.3,0.23299294710159302,6kcscpbn
trial_structure_mlp_review,479,-0.3565720319747925,0.1875,0.39999999999999997,0.1552647352218628,6kcscpbn
trial_structure_mlp_review,480,-4.2936625480651855,0.1875,0.25,0.28932130336761475,6kcscpbn
trial_structure_mlp_review,481,-2.0015673637390137,0.1875,0.35,0.25599944591522217,6kcscpbn
trial_structure_mlp_review,482,-1.2122204303741455,0.225,0.39999999999999997,0.13945093750953674,6kcscpbn
trial_structure_mlp_review,483,-1.655332326889038,0.225,0.39999999999999997,0.13887299597263336,6kcscpbn
trial_structure_mlp_review,484,-0.3467906713485718,0.1875,0.30000000000000004,0.2474873661994934,6kcscpbn
trial_structure_mlp_review,485,-3.624046802520752,0.1875,0.30000000000000004,0.1642080396413803,6kcscpbn
trial_structure_mlp_review,486,-1.6125009059906006,0.1875,0.25,0.19955307245254517,6kcscpbn
trial_structure_mlp_review,487,-1.5886954069137573,0.11249999999999999,0.35,0.2386719137430191,6kcscpbn
trial_structure_mlp_review,488,-0.46344494819641113,0.2625,0.30000000000000004,0.11877348273992538,6kcscpbn
trial_structure_mlp_review,489,-5.365917682647705,0.11249999999999999,0.25,0.32486259937286377,6kcscpbn
trial_structure_mlp_review,490,-3.9661123752593994,0.1875,0.35,0.25599944591522217,6kcscpbn
trial_structure_mlp_review,491,-1.810694932937622,0.1875,0.39999999999999997,0.1552647352218628,6kcscpbn
trial_structure_mlp_review,492,-2.2090885639190674,0.11249999999999999,0.27499999999999997,0.21001701056957245,6kcscpbn
trial_structure_mlp_review,493,-0.6332732439041138,0.225,0.39999999999999997,0.13887299597263336,6kcscpbn
trial_structure_mlp_review,494,-3.5816080570220947,0.1875,0.225,0.2901616394519806,6kcscpbn
trial_structure_mlp_review,495,-0.6848008036613464,0.1875,0.25,0.36265483498573303,6kcscpbn
trial_structure_mlp_review,496,-2.0805792808532715,0.1875,0.39999999999999997,0.15636014938354492,6kcscpbn
trial_structure_mlp_review,497,-5.579154968261719,0.15,0.35,0.2507132589817047,6kcscpbn
trial_structure_mlp_review,498,-4.384994029998779,0.15,0.25,0.3464101552963257,6kcscpbn
trial_structure_mlp_review,499,-2.779547691345215,0.225,0.35,0.25495100021362305,6kcscpbn
trial_structure_mlp_review,500,-4.157522201538086,0.1875,0.25,0.2386719137430191,6kcscpbn
trial_structure_mlp_review,501,-0.058572567999362946,0.3,0.39999999999999997,0.013625826686620712,6kcscpbn
trial_structure_mlp_review,502,-2.4027416706085205,0.225,0.35,0.25495097041130066,6kcscpbn
trial_structure_mlp_review,503,-1.172821044921875,0.1875,0.39999999999999997,0.1552647352218628,6kcscpbn
trial_structure_mlp_review,504,-3.3232157230377197,0.225,0.35,0.2598628103733063,6kcscpbn
grpo_proteinlm_mlp_sft_qwen3_8b_it_0311_091513,5,-0.03437335221096873,,,0.4355925127863884,zbzwdgwn
grpo_proteinlm_mlp_sft_qwen3_8b_it_0311_091513,10,0.03256682427600026,,,0.43141473196446894,zbzwdgwn
grpo_proteinlm_mlp_sft_qwen3_8b_it_0311_091513,15,-0.0019400751334615052,,,0.4804050400853157,zbzwdgwn
grpo_proteinlm_mlp_sft_qwen3_8b_it_0311_091513,20,0.004489363636821508,,,0.48337769508361816,zbzwdgwn
grpo_proteinlm_mlp_sft_qwen3_8b_it_0311_091513,25,-0.008460577670484781,,,0.465427166223526,zbzwdgwn
grpo_proteinlm_mlp_sft_qwen3_8b_it_0311_091513,30,-0.030390163243282586,,,0.4193226620554924,zbzwdgwn
grpo_proteinlm_mlp_sft_qwen3_8b_it_0311_091513,35,0.011130652111023664,,,0.4059326507151127,zbzwdgwn
grpo_proteinlm_mlp_sft_qwen3_8b_it_0311_091513,40,-0.011080884607508779,,,0.25402454659342766,zbzwdgwn
grpo_proteinlm_mlp_sft_qwen3_8b_it_0311_091513,45,-0.0026305797742679714,,,0.42612701617181303,zbzwdgwn
grpo_proteinlm_mlp_sft_qwen3_8b_it_0311_091513,50,-0.00605986756272614,,,0.4055672589689493,zbzwdgwn
grpo_proteinlm_mlp_sft_qwen3_8b_it_0311_091513,55,-0.005282886423325787,,,0.45256104568640393,zbzwdgwn
grpo_proteinlm_mlp_sft_qwen3_8b_it_0311_091513,60,-0.013817504001781344,,,0.47091381549835204,zbzwdgwn
grpo_proteinlm_mlp_sft_qwen3_8b_it_0311_091513,65,0.0028197014704346656,,,0.47641404867172243,zbzwdgwn
grpo_proteinlm_mlp_sft_qwen3_8b_it_0311_091513,70,-0.004685228457674384,,,0.41431931406259537,zbzwdgwn
grpo_proteinlm_mlp_sft_qwen3_8b_it_0311_091513,75,-0.016796445264481007,,,0.4692617982625961,zbzwdgwn
grpo_proteinlm_mlp_sft_qwen3_8b_it_0311_091513,80,-0.012371647986583412,,,0.4586307629942894,zbzwdgwn
grpo_proteinlm_mlp_sft_qwen3_8b_it_0311_091513,85,-0.011920585855841636,,,0.4452185247093439,zbzwdgwn
grpo_proteinlm_mlp_sft_qwen3_8b_it_0311_091513,90,0.007284511090256273,,,0.3843445468693972,zbzwdgwn
grpo_proteinlm_mlp_sft_qwen3_8b_it_0311_091513,95,0.003478126716800034,,,0.4730662666261196,zbzwdgwn
grpo_proteinlm_mlp_sft_qwen3_8b_it_0311_091513,100,-0.0008400680962949991,,,0.3613438710570335,zbzwdgwn
grpo_proteinlm_mlp_sft_qwen3_8b_it_0311_091513,105,0.007079508155584335,,,0.5103750228881836,zbzwdgwn
grpo_proteinlm_mlp_sft_qwen3_8b_it_0311_091513,110,-0.003960622847080231,,,0.4447839893400669,zbzwdgwn
grpo_proteinlm_mlp_sft_qwen3_8b_it_0311_091513,115,-0.011637968511786312,,,0.47128157317638397,zbzwdgwn
grpo_proteinlm_mlp_sft_qwen3_8b_it_0311_091513,120,0.014878806890919805,,,0.4459829280773799,zbzwdgwn
grpo_proteinlm_mlp_sft_qwen3_8b_it_0311_091513,125,0.009931313060224056,,,0.477260422706604,zbzwdgwn
grpo_proteinlm_mlp_sft_qwen3_8b_it_0311_091513,130,-0.007604394992813468,,,0.44184155762195587,zbzwdgwn
grpo_structure_mlp_sft_qwen3_8b_it_0311_101732,5,5.832299399375915,0.006562499999999999,0.06437499999999999,0.15161086954176425,exwibdzk
grpo_structure_mlp_sft_qwen3_8b_it_0311_101732,10,5.607482373714447,0.007499999999999998,0.05750000000000001,0.1537933610379696,exwibdzk
grpo_structure_mlp_sft_qwen3_8b_it_0311_101732,15,5.9946397840976715,0.010312499999999999,0.05500000000000001,0.15743961185216904,exwibdzk
grpo_structure_mlp_sft_qwen3_8b_it_0311_101732,20,6.228126323223114,0.010312499999999999,0.0615625,0.17031348049640654,exwibdzk
grpo_structure_mlp_sft_qwen3_8b_it_0311_101732,25,6.772821068763733,0.010781249999999997,0.061562499999999985,0.16844350509345532,exwibdzk
grpo_structure_mlp_sft_qwen3_8b_it_0311_101732,30,6.536231791973114,0.011249999999999996,0.06031249999999999,0.16967934221029282,exwibdzk
grpo_structure_mlp_sft_qwen3_8b_it_0311_114205,5,0.004066265785877476,0.09749999999999996,0.3250000000000001,0.22411766546429135,40lixn7k
grpo_structure_mlp_sft_qwen3_8b_it_0311_114205,10,0.008285520831122994,0.12937499999999996,0.3500000000000002,0.17036551139317452,40lixn7k
grpo_structure_mlp_sft_qwen3_8b_it_0311_114205,15,0.002232658279535826,0.1725,0.3400000000000001,0.2287212471710518,40lixn7k
grpo_structure_mlp_sft_qwen3_8b_it_0311_114205,20,0.006247312616324052,0.16499999999999995,0.35500000000000015,0.23612728025764226,40lixn7k
grpo_structure_mlp_sft_qwen3_8b_it_0311_114205,25,-0.000614610084448941,0.19359374999999998,0.35500000000000026,0.16189816282130778,40lixn7k
grpo_structure_mlp_sft_qwen3_8b_it_0311_114205,30,-0.006876062520314008,0.16218749999999998,0.3600000000000002,0.17266206881031393,40lixn7k
grpo_structure_mlp_sft_qwen3_8b_it_0311_114205,35,0.0034749331425700802,0.19265624999999995,0.3500000000000002,0.20073336716741325,40lixn7k
grpo_structure_mlp_sft_qwen3_8b_it_0311_114205,40,-0.002043668991245795,0.16406249999999994,0.34500000000000014,0.1791334481211379,40lixn7k
grpo_structure_mlp_sft_qwen3_8b_it_0311_114205,45,0.003775937302270904,0.1425,0.35000000000000014,0.19405908384360374,40lixn7k
grpo_structure_mlp_sft_qwen3_8b_it_0311_114205,50,0.00711716150472057,0.16546875,0.3700000000000002,0.16808264767751097,40lixn7k
grpo_structure_mlp_sft_qwen3_8b_it_0311_114205,55,0.004458616580814123,0.1725,0.35000000000000014,0.15369930382003077,40lixn7k
grpo_structure_mlp_sft_qwen3_8b_it_0311_114205,60,-0.0030038859171327204,0.19312499999999996,0.3650000000000002,0.20848528589121998,40lixn7k
grpo_structure_mlp_sft_qwen3_8b_it_0311_114205,65,0.0026690020866226407,0.22359375000000004,0.3850000000000003,0.1386858984362334,40lixn7k
grpo_structure_mlp_sft_qwen3_8b_it_0311_114205,70,-0.007049744188407203,0.16874999999999993,0.34500000000000025,0.17305939218495042,40lixn7k
grpo_structure_mlp_sft_qwen3_8b_it_0311_114205,75,0.002098337706411257,0.17062499999999997,0.36500000000000016,0.19290526574477554,40lixn7k
grpo_structure_mlp_sft_qwen3_8b_it_0311_114205,80,0.000801907095592469,0.17203124999999994,0.34500000000000014,0.21036624796688558,40lixn7k
grpo_structure_mlp_sft_qwen3_8b_it_0311_114205,85,0.005089742190102697,0.1828125,0.34000000000000014,0.16445020562969148,40lixn7k
grpo_structure_mlp_sft_qwen3_8b_it_0311_114205,90,0.0023076150653650986,0.16453124999999996,0.3350000000000002,0.163309903931804,40lixn7k
grpo_structure_mlp_sft_qwen3_8b_it_0311_114205,95,0.001211515884885254,0.1875,0.34166666666666684,0.17207545401955335,40lixn7k
grpo_structure_mlp_sft_qwen3_8b_it_0311_114205,100,-0.008052657707594335,0.163125,0.3543750000000001,0.1542032578261569,40lixn7k
grpo_structure_mlp_sft_qwen3_8b_it_0311_114205,105,-0.004526228131726384,0.14765625,0.3450000000000001,0.21857157871127128,40lixn7k
grpo_structure_mlp_sft_qwen3_8b_it_0311_114205,110,0.002836412090982776,0.17999999999999997,0.34500000000000014,0.166123324126238,40lixn7k
grpo_structure_mlp_sft_qwen3_8b_it_0311_114205,115,0.001634918016497977,0.17906249999999996,0.3600000000000002,0.18638977146474645,40lixn7k
grpo_structure_mlp_sft_qwen3_8b_it_0311_114205,120,0.004055574976692356,0.13453124999999996,0.3250000000000002,0.17848520791962982,40lixn7k
grpo_structure_mlp_sft_qwen3_8b_it_0311_114205,125,-0.005822579314917675,0.17765625000000002,0.34500000000000014,0.17082233412656933,40lixn7k
grpo_structure_mlp_sft_qwen3_8b_it_0311_114205,130,-0.019694638904184103,0.15468749999999995,0.3493750000000001,0.19733899115526582,40lixn7k
grpo_structure_mlp_sft_qwen3_8b_it_0311_114205,135,0.004117685806704685,0.20249999999999999,0.3650000000000002,0.13552663228474557,40lixn7k
grpo_structure_mlp_sft_qwen3_8b_it_0311_114205,140,0.002625090829678811,0.19499999999999998,0.34500000000000014,0.21162949635181577,40lixn7k
grpo_structure_mlp_sft_qwen3_8b_it_0311_114205,145,-0.0007631412619957701,0.20249999999999996,0.3600000000000002,0.22462878040969372,40lixn7k
grpo_structure_mlp_sft_qwen3_8b_it_0311_142756,5,-0.12803650200366973,0.1134375,0.28812500000000013,0.24811357110738755,9pqnr9je
grpo_structure_mlp_sft_qwen3_8b_it_0311_142756,10,-0.28554067611694334,0.11343749999999997,0.2865625000000001,0.2621492579579353,9pqnr9je
grpo_structure_mlp_sft_qwen3_8b_it_0311_142756,15,-0.8840267360210419,0.12187499999999998,0.27937500000000015,0.2846150204539299,9pqnr9je
grpo_structure_mlp_sft_qwen3_8b_it_0311_142756,20,-0.480432590842247,0.11859374999999998,0.30750000000000005,0.2711426503956318,9pqnr9je
grpo_structure_mlp_sft_qwen3_8b_it_0311_142756,25,0.024004068970680238,0.11156249999999997,0.31093750000000014,0.2510572999715805,9pqnr9je
grpo_structure_mlp_sft_qwen3_8b_it_0311_142756,30,-0.15307819247245788,0.11062499999999997,0.3003125000000001,0.27497667968273165,9pqnr9je
grpo_structure_mlp_sft_qwen3_8b_it_0311_142756,35,0.03969928026199341,0.1078125,0.3096875000000001,0.26059607192873957,9pqnr9je
grpo_structure_text_sft_qwen3_8b_it_0311_142908,5,0.3444270703941584,0.05203124999999999,0.24843749999999992,0.21681299805641174,1a5x1d4n
grpo_structure_text_sft_qwen3_8b_it_0311_142908,10,-0.23892558068037034,0.08578124999999999,0.3012499999999999,0.23879548907279968,1a5x1d4n
grpo_structure_text_sft_qwen3_8b_it_0311_142908,15,-0.22237193807959557,0.11390625000000001,0.32906249999999976,0.25710233896970747,1a5x1d4n
grpo_structure_text_sft_qwen3_8b_it_0311_142908,20,-0.09592175111174583,0.13265624999999998,0.34781249999999975,0.25807261615991595,1a5x1d4n
grpo_structure_text_sft_qwen3_8b_it_0311_142908,25,-0.1043758787214756,0.16593750000000004,0.3528124999999997,0.26634067893028257,1a5x1d4n
grpo_structure_text_sft_qwen3_8b_it_0311_142908,30,-0.03339824452996254,0.1650000000000001,0.3590624999999997,0.2645357444882393,1a5x1d4n
grpo_structure_text_sft_qwen3_8b_it_0311_142908,35,0.016850753873586654,0.20015625000000012,0.3496874999999997,0.2526088897138834,1a5x1d4n
grpo_structure_text_sft_qwen3_8b_it_0311_142908,40,0.011178485862910748,0.17156250000000012,0.3449999999999997,0.23681244924664496,1a5x1d4n
grpo_structure_text_sft_qwen3_8b_it_0311_142908,45,-0.031061239261180162,0.1725000000000001,0.34999999999999964,0.23297012969851494,1a5x1d4n
grpo_structure_text_sft_qwen3_8b_it_0311_142908,50,-0.04119796231389046,0.21281250000000015,0.3699999999999996,0.1869061827659607,1a5x1d4n
grpo_structure_text_sft_qwen3_8b_it_0311_142908,55,-0.008288434101268649,0.18562500000000012,0.3499999999999997,0.21989460811018943,1a5x1d4n
grpo_structure_text_sft_qwen3_8b_it_0311_142908,60,-0.007643648143857718,0.25171875000000027,0.3649999999999996,0.16014964394271375,1a5x1d4n
grpo_structure_text_sft_qwen3_8b_it_0311_142908,65,-0.034863559436053036,0.23906250000000023,0.38499999999999956,0.1860110193490982,1a5x1d4n
grpo_structure_text_sft_qwen3_8b_it_0311_142908,70,-0.010974653856828808,0.22687500000000022,0.3449999999999997,0.20552027300000192,1a5x1d4n
grpo_structure_text_sft_qwen3_8b_it_0311_142908,75,-0.0030560864135622976,0.22500000000000023,0.3649999999999996,0.21382777914404869,1a5x1d4n
grpo_structure_text_sft_qwen3_8b_it_0311_142908,80,0.01568143875338137,0.1823437500000001,0.34499999999999964,0.2935350313782692,1a5x1d4n
grpo_structure_text_sft_qwen3_8b_it_0311_142908,85,-0.0032187959412112834,0.21890625000000022,0.33999999999999975,0.18361981436610222,1a5x1d4n
grpo_structure_text_sft_qwen3_8b_it_0311_142908,90,0.0007890292908996344,0.19406250000000014,0.33499999999999963,0.21796963308006526,1a5x1d4n
grpo_structure_mlp_sft_qwen3_8b_it_0312_011859,5,-0.5742730095982551,0.08765624999999999,0.29875000000000007,0.2586595803499222,qos63ov4
grpo_structure_mlp_sft_qwen3_8b_it_0312_011859,10,-0.7729952350258827,0.10453124999999999,0.32625000000000015,0.26804394349455835,qos63ov4
grpo_structure_mlp_sft_qwen3_8b_it_0312_011859,15,-0.8412836998701095,0.10874999999999999,0.3271875000000001,0.2746435604989529,qos63ov4
grpo_structure_mlp_sft_qwen3_8b_it_0312_011859,20,-0.5875926420092583,0.10968749999999998,0.34906250000000016,0.2719832964241505,qos63ov4
grpo_structure_mlp_sft_qwen3_8b_it_0312_011859,25,-1.004653650522232,0.10546875,0.3259375000000001,0.2913897715508938,qos63ov4
grpo_structure_mlp_sft_qwen3_8b_it_0312_011859,30,-1.107549388706684,0.11296874999999995,0.3465625000000001,0.27649512588977815,qos63ov4
grpo_structure_mlp_sft_qwen3_8b_it_0312_011859,35,-1.0206551477313042,0.11203124999999999,0.31187500000000007,0.31332884505391123,qos63ov4
grpo_structure_mlp_sft_qwen3_8b_it_0312_011859,40,-1.412232431024313,0.10640625,0.3265625000000001,0.28343304619193077,qos63ov4
grpo_structure_mlp_sft_qwen3_8b_it_0312_011859,45,-0.9213242694735527,0.11390624999999999,0.3268750000000001,0.27032439336180686,qos63ov4
grpo_structure_mlp_sft_qwen3_8b_it_0312_011859,50,-0.9926099520176649,0.09703124999999999,0.34250000000000014,0.2664785698056221,qos63ov4
grpo_structure_mlp_sft_qwen3_8b_it_0312_011859,55,-1.2236744970083238,0.10453124999999996,0.3343750000000001,0.2862871453166008,qos63ov4
grpo_structure_mlp_sft_qwen3_8b_it_0312_011859,60,-1.0624597042798996,0.0975,0.32093750000000015,0.2830186761915684,qos63ov4
grpo_structure_mlp_sft_qwen3_8b_it_0312_011859,65,-1.314101940393448,0.10125000000000002,0.3456250000000002,0.28397185131907465,qos63ov4
grpo_structure_mlp_sft_qwen3_8b_it_0312_011859,70,-1.207991649210453,0.10406249999999997,0.3300000000000002,0.28449028804898263,qos63ov4
grpo_structure_mlp_sft_qwen3_8b_it_0312_011859,75,-1.1077567622065545,0.10687499999999998,0.33656250000000015,0.2714192748069763,qos63ov4
grpo_structure_mlp_sft_qwen3_8b_it_0312_011859,80,-1.304894521087408,0.11625,0.32531250000000006,0.29788771346211435,qos63ov4
grpo_structure_mlp_sft_qwen3_8b_it_0312_011859,85,-0.7646876752376557,0.09046874999999997,0.30468750000000006,0.2870049148797989,qos63ov4
grpo_structure_mlp_sft_qwen3_8b_it_0312_011859,90,-1.2091928102076053,0.09281249999999999,0.29406250000000006,0.28858036994934083,qos63ov4
grpo_structure_text_sft_qwen3_8b_it_0312_032738,5,-0.6532966077327729,0.11812499999999997,0.3218749999999998,0.2589996114373207,vucdl1wi
grpo_structure_text_sft_qwen3_8b_it_0312_032738,10,-0.5098941057920456,0.12703124999999998,0.34624999999999967,0.25545708239078524,vucdl1wi
grpo_structure_text_sft_qwen3_8b_it_0312_032738,15,-0.409879732131958,0.13875,0.34062499999999973,0.2871477842330933,vucdl1wi
grpo_structure_text_sft_qwen3_8b_it_0312_032738,20,-0.07397086024284363,0.1593750000000001,0.35499999999999965,0.2724118873476982,vucdl1wi
grpo_structure_text_sft_qwen3_8b_it_0312_032738,25,-0.024343668855726718,0.19546875000000014,0.3543749999999997,0.23348783887922764,vucdl1wi
grpo_structure_text_sft_qwen3_8b_it_0312_032738,30,-0.024845067947171628,0.16968750000000007,0.3599999999999996,0.2526694245636463,vucdl1wi
grpo_structure_text_sft_qwen3_8b_it_0312_032738,35,-0.007249923422932625,0.21937500000000018,0.3499999999999997,0.2212018720805645,vucdl1wi
grpo_structure_text_sft_qwen3_8b_it_0312_032738,40,-0.0020662594586610796,0.21281250000000015,0.3449999999999997,0.20453320890665055,vucdl1wi
grpo_structure_text_sft_qwen3_8b_it_0312_032738,45,0.00776205649599433,0.18984375000000014,0.34999999999999964,0.20321902632713318,vucdl1wi
grpo_structure_text_sft_qwen3_8b_it_0312_032738,50,-0.009327232278883458,0.22546875000000025,0.3699999999999996,0.18439585566520691,vucdl1wi
grpo_structure_text_sft_qwen3_8b_it_0312_032738,55,0.008679553796537221,0.20859375000000022,0.3499999999999997,0.19720704555511476,vucdl1wi
grpo_structure_text_sft_qwen3_8b_it_0312_032738,60,-0.010748625919222831,0.25359375000000023,0.3649999999999996,0.14107614904642105,vucdl1wi
grpo_structure_text_sft_qwen3_8b_it_0312_032738,65,-0.006203541136346758,0.24515625000000024,0.38499999999999956,0.16614002771675587,vucdl1wi
grpo_structure_text_sft_qwen3_8b_it_0312_032738,70,-0.01621874077245593,0.2282812500000002,0.3449999999999997,0.19230901822447777,vucdl1wi
grpo_structure_text_sft_qwen3_8b_it_0312_032738,75,0.008977141976356507,0.23015625000000023,0.3649999999999996,0.20252586677670478,vucdl1wi
grpo_structure_text_sft_qwen3_8b_it_0312_032738,80,-0.000563306175172329,0.1884375000000001,0.34499999999999964,0.2769530862569809,vucdl1wi
grpo_structure_text_sft_qwen3_8b_it_0312_032738,85,-0.011298456182703375,0.21937500000000018,0.33999999999999975,0.1828749492764473,vucdl1wi
grpo_structure_text_sft_qwen3_8b_it_0312_032738,90,0.010435284581035376,0.2043750000000002,0.33499999999999963,0.18661229647696018,vucdl1wi
grpo_structure_mlp_sft_frozen_mm_qwen3_8b_it_0312_101631,5,-0.6835427153855562,0.09703124999999999,0.3159375000000001,0.24866263717412948,uj98vdwb
grpo_structure_mlp_sft_frozen_mm_qwen3_8b_it_0312_101631,10,-0.9603116691112519,0.10968749999999998,0.3284375000000001,0.26494689509272573,uj98vdwb
grpo_structure_mlp_sft_frozen_mm_qwen3_8b_it_0312_101631,15,-0.999114741384983,0.13124999999999998,0.314375,0.3080605581402779,uj98vdwb
grpo_structure_mlp_sft_frozen_mm_qwen3_8b_it_0312_101631,20,-0.5794645475223661,0.14671874999999995,0.33250000000000013,0.2853569779545069,uj98vdwb
grpo_structure_mlp_sft_frozen_mm_qwen3_8b_it_0312_101631,25,-0.18279749158537015,0.19078124999999996,0.35468750000000027,0.18154307706281542,uj98vdwb
grpo_structure_mlp_sft_frozen_mm_qwen3_8b_it_0312_101631,30,-0.018462047300999984,0.16406249999999997,0.3600000000000002,0.17024859320372343,uj98vdwb
grpo_structure_mlp_sft_frozen_mm_qwen3_8b_it_0312_101631,35,-0.008791029689018615,0.19499999999999992,0.3500000000000002,0.2002289599273354,uj98vdwb
grpo_structure_mlp_sft_frozen_mm_qwen3_8b_it_0312_101631,40,0.0016365573974326253,0.16499999999999998,0.34500000000000014,0.16600116044282914,uj98vdwb
grpo_structure_mlp_sft_frozen_mm_qwen3_8b_it_0312_101631,45,0.00028218372899573295,0.1425,0.35000000000000014,0.1935745588503778,uj98vdwb
grpo_structure_mlp_sft_frozen_mm_qwen3_8b_it_0312_101631,50,0.0028446898504626006,0.16499999999999998,0.3700000000000002,0.15369092209730298,uj98vdwb
grpo_structure_mlp_sft_frozen_mm_qwen3_8b_it_0312_101631,55,0.002818971006490756,0.1725,0.35000000000000014,0.15267153255699667,uj98vdwb
grpo_structure_mlp_sft_frozen_mm_qwen3_8b_it_0312_101631,60,0.0014894458872731775,0.19499999999999995,0.3650000000000002,0.19268290810286998,uj98vdwb
grpo_structure_mlp_sft_frozen_mm_qwen3_8b_it_0312_101631,65,0.0004255349820596166,0.22500000000000003,0.3850000000000003,0.12133076888276265,uj98vdwb
grpo_structure_mlp_sft_frozen_mm_qwen3_8b_it_0312_101631,70,0.0010889623078128353,0.17249999999999993,0.34500000000000025,0.15676726812380365,uj98vdwb
grpo_structure_mlp_sft_frozen_mm_qwen3_8b_it_0312_101631,75,0.0046387790411245074,0.17249999999999993,0.36500000000000016,0.18835558639839292,uj98vdwb
grpo_structure_mlp_sft_frozen_mm_qwen3_8b_it_0312_101631,80,0.003258310125602293,0.17249999999999996,0.34500000000000014,0.19834021554561332,uj98vdwb
grpo_structure_mlp_sft_frozen_mm_qwen3_8b_it_0312_101631,85,-0.00267018758750055,0.18,0.34000000000000014,0.1614322843728587,uj98vdwb
grpo_structure_mlp_sft_frozen_mm_qwen3_8b_it_0312_101631,90,0.00014409291325137019,0.16499999999999995,0.3350000000000002,0.14753014179877938,uj98vdwb
grpo_structure_mlp_sft_frozen_mm_focal_qwen3_8b_it_0312_182035,5,-0.4600291162729263,0.09000000000000001,0.294375,0.30110380668193104,wdedndp0
grpo_structure_mlp_sft_frozen_mm_focal_qwen3_8b_it_0312_182035,10,-0.904880902916193,0.10874999999999999,0.3150000000000001,0.2620738197118044,wdedndp0
grpo_structure_mlp_sft_frozen_mm_focal_qwen3_8b_it_0312_182035,15,-0.988016513735056,0.13734375000000001,0.3343750000000001,0.31034570932388306,wdedndp0
grpo_structure_mlp_sft_frozen_mm_focal_qwen3_8b_it_0312_182035,20,-0.44905712697654965,0.14671874999999995,0.35312500000000013,0.2745787065476179,wdedndp0
grpo_structure_mlp_sft_frozen_mm_focal_qwen3_8b_it_0312_182035,25,0.03941224828595295,0.1396875,0.35437500000000016,0.2330182766309008,wdedndp0
grpo_structure_mlp_sft_frozen_mm_focal_qwen3_8b_it_0312_182035,30,0.0409575836500153,0.15562499999999996,0.38000000000000017,0.18824208725709468,wdedndp0
grpo_structure_mlp_sft_frozen_mm_focal_qwen3_8b_it_0312_182035,35,0.06290064142085612,0.15140624999999994,0.3706250000000002,0.17837142848875373,wdedndp0
grpo_structure_mlp_sft_frozen_mm_focal_qwen3_8b_it_0312_182035,40,-0.07620955982711167,0.17765625,0.34812500000000013,0.19063106809044256,wdedndp0
grpo_structure_mlp_sft_frozen_mm_focal_qwen3_8b_it_0312_182035,45,-0.055557676358148456,0.16031249999999997,0.33812500000000023,0.18311694343574345,wdedndp0
grpo_structure_mlp_sft_frozen_mm_focal_qwen3_8b_it_0312_182035,50,-0.014548682648455723,0.18562499999999998,0.3725000000000002,0.16621523160429205,wdedndp0
grpo_structure_mlp_sft_frozen_mm_focal_qwen3_8b_it_0312_182035,55,-0.07535138233943144,0.18796874999999996,0.3781250000000002,0.10679813485621707,wdedndp0
grpo_structure_mlp_sft_frozen_mm_focal_qwen3_8b_it_0312_182035,60,-0.046530285812332296,0.2282812499999999,0.38625000000000026,0.12136820792802609,wdedndp0
grpo_structure_mlp_sft_frozen_mm_focal_qwen3_8b_it_0312_182035,65,-0.11907952853944152,0.2146875,0.39812500000000023,0.12288808322628028,wdedndp0
grpo_structure_mlp_sft_frozen_mm_focal_qwen3_8b_it_0312_182035,70,-0.05200410106917843,0.20343749999999994,0.36250000000000016,0.1040790340746753,wdedndp0
grpo_structure_mlp_sft_frozen_mm_focal_qwen3_8b_it_0312_182035,75,-0.0487087487745157,0.19031249999999994,0.3775000000000002,0.07329332968402014,wdedndp0
grpo_structure_mlp_sft_frozen_mm_focal_qwen3_8b_it_0312_182035,80,-0.08313312575919554,0.2057812499999999,0.3518750000000002,0.09357713258941658,wdedndp0
grpo_structure_mlp_sft_frozen_mm_focal_qwen3_8b_it_0312_182035,85,-0.11370241238037124,0.22546874999999997,0.3800000000000002,0.1063671792158857,wdedndp0
grpo_structure_mlp_sft_frozen_mm_focal_qwen3_8b_it_0312_182035,90,-0.05036748880011146,0.21234374999999991,0.37937500000000024,0.07768088615448505,wdedndp0
grpo_structure_classify_qwen3_8b_it_0312_215435,5,-0.7252828702330589,,,0.473509806394577,8dv7s69b
grpo_structure_classify_qwen3_8b_it_0312_215435,10,-1.027346634864807,,,0.4542985498905182,8dv7s69b
grpo_structure_classify_qwen3_8b_it_0312_215435,15,-0.7793971434235573,,,0.45132088512182233,8dv7s69b
grpo_structure_classify_qwen3_8b_it_0312_215435,20,-1.105585109256208,,,0.41680263839662074,8dv7s69b
grpo_structure_classify_qwen3_8b_it_0312_215435,25,-0.4461050260812044,,,0.2898623062763363,8dv7s69b
grpo_structure_classify_qwen3_8b_it_0312_215435,30,0.1353766517713666,,,0.2604125183075666,8dv7s69b
grpo_structure_classify_qwen3_8b_it_0312_215435,35,-0.14030219204723834,,,0.20419304706156255,8dv7s69b
grpo_structure_classify_qwen3_8b_it_0312_215435,40,0.005351660214364529,,,0.2345691792666912,8dv7s69b
grpo_structure_classify_qwen3_8b_it_0312_215435,45,-0.21403499729931355,,,0.2698497589677572,8dv7s69b
grpo_structure_classify_qwen3_8b_it_0312_215435,50,-0.07159436214715242,,,0.3507093623280525,8dv7s69b
grpo_structure_classify_qwen3_8b_it_0312_215435,55,0.019865728728473187,,,0.37855440117418765,8dv7s69b
grpo_structure_classify_qwen3_8b_it_0312_215435,60,-0.2461714006960392,,,0.3445142537355423,8dv7s69b
grpo_structure_classify_qwen3_8b_it_0312_215435,65,0.012610941007733346,,,0.3632782451808453,8dv7s69b
grpo_structure_classify_qwen3_8b_it_0312_215435,70,-0.1034268219023943,,,0.320811453461647,8dv7s69b
grpo_structure_classify_qwen3_8b_it_0312_215435,75,-0.2540610257536173,,,0.28489368557929995,8dv7s69b
grpo_structure_classify_qwen3_8b_it_0312_215435,80,-0.01542390212416649,,,0.21768709309399129,8dv7s69b
grpo_structure_classify_qwen3_8b_it_0312_215435,85,-0.4994962077587843,,,0.2948751300573349,8dv7s69b
grpo_structure_classify_qwen3_8b_it_0312_215435,90,-0.3492060124874115,,,0.244083546474576,8dv7s69b
grpo_structure_text_classify_qwen3_8b_it_0313_010828,5,-1.7048983111977578,,,0.5230143159627915,p5gmkvex
grpo_structure_text_classify_qwen3_8b_it_0313_010828,10,-0.8882713139057159,,,0.47393602281808855,p5gmkvex
grpo_structure_text_classify_qwen3_8b_it_0313_010828,15,-0.21543350405991077,,,0.4466719821095467,p5gmkvex
grpo_structure_text_classify_qwen3_8b_it_0313_010828,20,-0.03369854241609573,,,0.4311522409319878,p5gmkvex
grpo_structure_text_classify_qwen3_8b_it_0313_010828,25,-0.0497164748609066,,,0.3310647524893284,p5gmkvex
grpo_structure_text_classify_qwen3_8b_it_0313_010828,30,-0.004456612654030323,,,0.36040286868810656,p5gmkvex
grpo_structure_text_classify_qwen3_8b_it_0313_010828,35,0.018649608269333838,,,0.2839219901710749,p5gmkvex
grpo_structure_text_classify_qwen3_8b_it_0313_010828,40,-0.006835218518972397,,,0.22570287697017194,p5gmkvex
grpo_structure_text_classify_qwen3_8b_it_0313_010828,45,-0.0020664721727371217,,,0.294042668864131,p5gmkvex
grpo_structure_text_classify_qwen3_8b_it_0313_010828,50,-0.032550626620650294,,,0.2737024277448654,p5gmkvex
grpo_structure_text_classify_qwen3_8b_it_0313_010828,55,-0.012323153018951417,,,0.2654585536569357,p5gmkvex
grpo_structure_text_classify_qwen3_8b_it_0313_010828,60,-0.012106370925903321,,,0.1871222585439682,p5gmkvex
grpo_structure_text_classify_qwen3_8b_it_0313_010828,65,-0.01132451519370079,,,0.22804219238460063,p5gmkvex
grpo_structure_text_classify_qwen3_8b_it_0313_010828,70,-0.004601723328232765,,,0.2636440578848124,p5gmkvex
grpo_structure_text_classify_qwen3_8b_it_0313_010828,75,-0.021513516455888747,,,0.21175002083182334,p5gmkvex
grpo_structure_text_classify_qwen3_8b_it_0313_010828,80,0.010705794021487237,,,0.28899661004543303,p5gmkvex
grpo_structure_text_classify_qwen3_8b_it_0313_010828,85,0.002949870564043522,,,0.262519933283329,p5gmkvex
grpo_structure_text_classify_qwen3_8b_it_0313_010828,90,0.0007485792040824891,,,0.30383045598864555,p5gmkvex
sft_lora_esm3_qwen3_8b_it_0225_203237,0,,,,,nmpuhbnk
sft_lora_esm3_qwen3_8b_it_0225_203237,1,,,,,nmpuhbnk
sft_lora_esm3_qwen3_8b_it_0225_203237,2,,,,,nmpuhbnk
sft_lora_esm3_qwen3_8b_it_0225_203237,3,,,,,nmpuhbnk
sft_lora_esm3_qwen3_8b_it_0225_203237,4,,,,,nmpuhbnk
sft_lora_esm3_qwen3_8b_it_0225_203237,5,,,,,nmpuhbnk
sft_lora_esm3_qwen3_8b_it_0225_203237,6,,,,,nmpuhbnk
sft_lora_esm3_qwen3_8b_it_0225_203237,7,,,,,nmpuhbnk
sft_lora_esm3_qwen3_8b_it_0225_203237,8,,,,,nmpuhbnk
sft_lora_esm3_qwen3_8b_it_0225_203237,9,,,,,nmpuhbnk
sft_lora_esm3_qwen3_8b_it_0225_203237,10,,,,,nmpuhbnk
sft_lora_esm3_qwen3_8b_it_0225_203237,11,,,,,nmpuhbnk
sft_lora_esm3_qwen3_8b_it_0225_203237,12,,,,,nmpuhbnk
sft_lora_esm3_qwen3_8b_it_0225_203237,13,,,,,nmpuhbnk
sft_lora_esm3_qwen3_8b_it_0225_203237,14,,,,,nmpuhbnk
sft_lora_esm3_qwen3_8b_it_0225_203237,15,,,,,nmpuhbnk
sft_lora_esm3_qwen3_8b_it_0225_203237,16,,,,,nmpuhbnk
sft_lora_esm3_qwen3_8b_it_0225_203237,17,,,,,nmpuhbnk
sft_lora_esm3_qwen3_8b_it_0225_203237,18,,,,,nmpuhbnk
sft_lora_esm3_qwen3_8b_it_0225_203237,19,,,,,nmpuhbnk
sft_lora_esm3_qwen3_8b_it_0225_203237,20,,,,,nmpuhbnk
sft_lora_esm3_qwen3_8b_it_0225_203237,21,,,,,nmpuhbnk
sft_lora_esm3_qwen3_8b_it_0225_203237,22,,,,,nmpuhbnk
sft_lora_esm3_qwen3_8b_it_0225_203237,23,,,,,nmpuhbnk
sft_lora_esm3_qwen3_8b_it_0225_203237,24,,,,,nmpuhbnk
sft_lora_esm3_qwen3_8b_it_0225_203237,25,,,,,nmpuhbnk
sft_lora_esm3_qwen3_8b_it_0225_203237,250,,,,,nmpuhbnk
sft_lora_esm3_qwen3_8b_it_0225_203237,251,,,,,nmpuhbnk
sft_lora_esm3_qwen3_8b_it_0225_203237,252,,,,,nmpuhbnk
sft_lora_esm3_qwen3_8b_it_0225_203237,253,,,,,nmpuhbnk
sft_lora_esm3_qwen3_8b_it_0225_203237,254,,,,,nmpuhbnk
sft_lora_esm3_qwen3_8b_it_0225_203237,255,,,,,nmpuhbnk
sft_lora_esm3_qwen3_8b_it_0225_203237,256,,,,,nmpuhbnk
sft_lora_esm3_qwen3_8b_it_0225_203237,257,,,,,nmpuhbnk
sft_lora_esm3_qwen3_8b_it_0225_203237,258,,,,,nmpuhbnk
sft_lora_esm3_qwen3_8b_it_0225_203237,259,,,,,nmpuhbnk
sft_lora_esm3_qwen3_8b_it_0225_203237,260,,,,,nmpuhbnk
sft_lora_esm3_qwen3_8b_it_0225_203237,261,,,,,nmpuhbnk
sft_lora_esm3_qwen3_8b_it_0225_203237,262,,,,,nmpuhbnk
sft_lora_esm3_qwen3_8b_it_0225_203237,263,,,,,nmpuhbnk
sft_lora_esm3_qwen3_8b_it_0225_203237,264,,,,,nmpuhbnk
sft_lora_esm3_qwen3_8b_it_0225_203237,265,,,,,nmpuhbnk
sft_lora_esm3_qwen3_8b_it_0225_203237,266,,,,,nmpuhbnk
sft_lora_esm3_qwen3_8b_it_0225_203237,267,,,,,nmpuhbnk
sft_lora_esm3_qwen3_8b_it_0225_203237,268,,,,,nmpuhbnk
sft_lora_esm3_qwen3_8b_it_0225_203237,269,,,,,nmpuhbnk
sft_lora_esm3_qwen3_8b_it_0225_203237,270,,,,,nmpuhbnk
sft_lora_esm3_qwen3_8b_it_0225_203237,271,,,,,nmpuhbnk
sft_lora_esm3_qwen3_8b_it_0225_203237,272,,,,,nmpuhbnk
sft_lora_esm3_qwen3_8b_it_0225_203237,273,,,,,nmpuhbnk
sft_lora_esm3_qwen3_8b_it_0225_203237,274,,,,,nmpuhbnk
sft_lora_esm3_qwen3_8b_it_0225_203237,275,,,,,nmpuhbnk
sft_lora_esm3_qwen3_8b_it_0225_203237,500,,,,,nmpuhbnk
sft_lora_esm3_qwen3_8b_it_0225_203237,501,,,,,nmpuhbnk
sft_lora_esm3_qwen3_8b_it_0225_203237,502,,,,,nmpuhbnk
sft_lora_esm3_qwen3_8b_it_0225_203237,503,,,,,nmpuhbnk
sft_lora_esm3_qwen3_8b_it_0225_203237,504,,,,,nmpuhbnk
sft_lora_esm3_qwen3_8b_it_0225_203237,505,,,,,nmpuhbnk
sft_lora_esm3_qwen3_8b_it_0225_203237,506,,,,,nmpuhbnk
sft_lora_esm3_qwen3_8b_it_0225_203237,507,,,,,nmpuhbnk
sft_lora_esm3_qwen3_8b_it_0225_203237,508,,,,,nmpuhbnk
sft_lora_esm3_qwen3_8b_it_0225_203237,509,,,,,nmpuhbnk
sft_lora_esm3_qwen3_8b_it_0225_203237,510,,,,,nmpuhbnk
sft_lora_esm3_qwen3_8b_it_0225_203237,511,,,,,nmpuhbnk
sft_lora_esm3_qwen3_8b_it_0225_203237,512,,,,,nmpuhbnk
sft_lora_esm3_qwen3_8b_it_0225_203237,513,,,,,nmpuhbnk
sft_lora_esm3_qwen3_8b_it_0225_203237,514,,,,,nmpuhbnk
sft_lora_esm3_qwen3_8b_it_0225_203237,515,,,,,nmpuhbnk
sft_lora_esm3_qwen3_8b_it_0225_203237,516,,,,,nmpuhbnk
sft_lora_esm3_qwen3_8b_it_0225_203237,517,,,,,nmpuhbnk
sft_lora_esm3_qwen3_8b_it_0225_203237,518,,,,,nmpuhbnk
sft_lora_esm3_qwen3_8b_it_0225_203237,519,,,,,nmpuhbnk
sft_lora_esm3_qwen3_8b_it_0225_203237,520,,,,,nmpuhbnk
sft_lora_esm3_qwen3_8b_it_0225_203237,521,,,,,nmpuhbnk
sft_lora_esm3_qwen3_8b_it_0225_203237,522,,,,,nmpuhbnk
sft_lora_esm3_qwen3_8b_it_0225_203237,523,,,,,nmpuhbnk
sft_lora_esm3_qwen3_8b_it_0225_203237,524,,,,,nmpuhbnk
sft_lora_esm3_qwen3_8b_it_0225_203237,525,,,,,nmpuhbnk
sft_lora_esm3_qwen3_8b_it_0225_203237,750,,,,,nmpuhbnk
sft_lora_esm3_qwen3_8b_it_0225_203237,751,,,,,nmpuhbnk
sft_lora_esm3_qwen3_8b_it_0225_203237,752,,,,,nmpuhbnk
sft_lora_esm3_qwen3_8b_it_0225_203237,753,,,,,nmpuhbnk
sft_lora_esm3_qwen3_8b_it_0225_203237,754,,,,,nmpuhbnk
sft_lora_esm3_qwen3_8b_it_0225_203237,755,,,,,nmpuhbnk
sft_lora_esm3_qwen3_8b_it_0225_203237,756,,,,,nmpuhbnk
sft_lora_esm3_qwen3_8b_it_0225_203237,757,,,,,nmpuhbnk
sft_lora_esm3_qwen3_8b_it_0225_203237,758,,,,,nmpuhbnk
sft_lora_esm3_qwen3_8b_it_0225_203237,759,,,,,nmpuhbnk
sft_lora_esm3_qwen3_8b_it_0225_203237,760,,,,,nmpuhbnk
sft_lora_esm3_qwen3_8b_it_0225_203237,761,,,,,nmpuhbnk
sft_lora_esm3_qwen3_8b_it_0225_203237,762,,,,,nmpuhbnk
sft_lora_esm3_qwen3_8b_it_0225_203237,763,,,,,nmpuhbnk
sft_lora_esm3_qwen3_8b_it_0225_203237,764,,,,,nmpuhbnk
sft_lora_esm3_qwen3_8b_it_0225_203237,765,,,,,nmpuhbnk
sft_lora_esm3_qwen3_8b_it_0225_203237,766,,,,,nmpuhbnk
sft_lora_esm3_qwen3_8b_it_0225_203237,767,,,,,nmpuhbnk
sft_lora_esm3_qwen3_8b_it_0225_203237,768,,,,,nmpuhbnk
sft_lora_esm3_qwen3_8b_it_0225_203237,769,,,,,nmpuhbnk
sft_lora_esm3_qwen3_8b_it_0225_203237,770,,,,,nmpuhbnk
sft_lora_esm3_qwen3_8b_it_0225_203237,771,,,,,nmpuhbnk
sft_lora_esm3_qwen3_8b_it_0225_203237,772,,,,,nmpuhbnk
sft_lora_esm3_qwen3_8b_it_0225_203237,773,,,,,nmpuhbnk
sft_lora_esm3_qwen3_8b_it_0225_203237,774,,,,,nmpuhbnk
sft_lora_esm3_qwen3_8b_it_0225_203237,775,,,,,nmpuhbnk
sft_lora_esm3_qwen3_8b_it_0225_203237,1000,,,,,nmpuhbnk
sft_lora_esm3_qwen3_8b_it_0225_203237,1001,,,,,nmpuhbnk
sft_lora_esm3_qwen3_8b_it_0225_203237,1002,,,,,nmpuhbnk
sft_lora_esm3_qwen3_8b_it_0225_203237,1003,,,,,nmpuhbnk
sft_lora_esm3_qwen3_8b_it_0225_203237,1004,,,,,nmpuhbnk
sft_lora_esm3_qwen3_8b_it_0225_203237,1005,,,,,nmpuhbnk
sft_lora_esm3_qwen3_8b_it_0225_203237,1006,,,,,nmpuhbnk
sft_lora_esm3_qwen3_8b_it_0225_203237,1007,,,,,nmpuhbnk
sft_lora_esm3_qwen3_8b_it_0225_203237,1008,,,,,nmpuhbnk
sft_lora_esm3_qwen3_8b_it_0225_203237,1009,,,,,nmpuhbnk
sft_lora_esm3_qwen3_8b_it_0225_203237,1010,,,,,nmpuhbnk
sft_lora_esm3_qwen3_8b_it_0225_203237,1011,,,,,nmpuhbnk
sft_lora_esm3_qwen3_8b_it_0225_203237,1012,,,,,nmpuhbnk
sft_lora_esm3_qwen3_8b_it_0225_203237,1013,,,,,nmpuhbnk
sft_lora_esm3_qwen3_8b_it_0225_203237,1014,,,,,nmpuhbnk
sft_lora_esm3_qwen3_8b_it_0225_203237,1015,,,,,nmpuhbnk
sft_lora_esm3_qwen3_8b_it_0225_203237,1016,,,,,nmpuhbnk
sft_lora_esm3_qwen3_8b_it_0225_203237,1017,,,,,nmpuhbnk
sft_lora_esm3_qwen3_8b_it_0225_203237,1018,,,,,nmpuhbnk
sft_lora_esm3_qwen3_8b_it_0225_203237,1019,,,,,nmpuhbnk
sft_lora_esm3_qwen3_8b_it_0225_203237,1020,,,,,nmpuhbnk
sft_lora_esm3_qwen3_8b_it_0225_203237,1021,,,,,nmpuhbnk
sft_lora_esm3_qwen3_8b_it_0225_203237,1022,,,,,nmpuhbnk
sft_lora_esm3_qwen3_8b_it_0225_203237,1023,,,,,nmpuhbnk
sft_lora_esm3_qwen3_8b_it_0225_203237,1024,,,,,nmpuhbnk
sft_lora_esm3_qwen3_8b_it_0225_203237,1025,,,,,nmpuhbnk
sft_lora_esm3_qwen3_8b_it_0225_203237,1250,,,,,nmpuhbnk
sft_lora_esm3_qwen3_8b_it_0225_203237,1251,,,,,nmpuhbnk
sft_lora_esm3_qwen3_8b_it_0225_203237,1252,,,,,nmpuhbnk
sft_lora_esm3_qwen3_8b_it_0225_203237,1253,,,,,nmpuhbnk
sft_lora_esm3_qwen3_8b_it_0225_203237,1254,,,,,nmpuhbnk
sft_lora_esm3_qwen3_8b_it_0225_203237,1255,,,,,nmpuhbnk
sft_lora_esm3_qwen3_8b_it_0225_203237,1256,,,,,nmpuhbnk
sft_lora_esm3_qwen3_8b_it_0225_203237,1257,,,,,nmpuhbnk
sft_lora_esm3_qwen3_8b_it_0225_203237,1258,,,,,nmpuhbnk
sft_lora_esm3_qwen3_8b_it_0225_203237,1259,,,,,nmpuhbnk
sft_lora_esm3_qwen3_8b_it_0225_203237,1260,,,,,nmpuhbnk
sft_lora_esm3_qwen3_8b_it_0225_203237,1261,,,,,nmpuhbnk
sft_lora_esm3_qwen3_8b_it_0225_203237,1262,,,,,nmpuhbnk
sft_lora_esm3_qwen3_8b_it_0225_203237,1263,,,,,nmpuhbnk
sft_lora_esm3_qwen3_8b_it_0225_203237,1264,,,,,nmpuhbnk
sft_lora_esm3_qwen3_8b_it_0225_203237,1265,,,,,nmpuhbnk
sft_lora_esm3_qwen3_8b_it_0225_203237,1266,,,,,nmpuhbnk
sft_lora_esm3_qwen3_8b_it_0225_203237,1267,,,,,nmpuhbnk
sft_lora_esm3_qwen3_8b_it_0225_203237,1268,,,,,nmpuhbnk
sft_lora_esm3_qwen3_8b_it_0225_203237,1269,,,,,nmpuhbnk
sft_lora_esm3_qwen3_8b_it_0225_203237,1270,,,,,nmpuhbnk
sft_lora_esm3_qwen3_8b_it_0225_203237,1271,,,,,nmpuhbnk
sft_lora_esm3_qwen3_8b_it_0225_203237,1272,,,,,nmpuhbnk
sft_lora_esm3_qwen3_8b_it_0225_203237,1273,,,,,nmpuhbnk
sft_lora_esm3_qwen3_8b_it_0225_203237,1274,,,,,nmpuhbnk
sft_lora_esm3_qwen3_8b_it_0225_203237,1275,,,,,nmpuhbnk
sft_lora_esm3_qwen3_8b_it_0225_203237,1500,,,,,nmpuhbnk
sft_lora_esm3_qwen3_8b_it_0225_203237,1501,,,,,nmpuhbnk
sft_lora_esm3_qwen3_8b_it_0225_203237,1502,,,,,nmpuhbnk
sft_lora_esm3_qwen3_8b_it_0225_203237,1503,,,,,nmpuhbnk
sft_lora_esm3_qwen3_8b_it_0225_203237,1504,,,,,nmpuhbnk
sft_lora_esm3_qwen3_8b_it_0225_203237,1505,,,,,nmpuhbnk
sft_lora_esm3_qwen3_8b_it_0225_203237,1506,,,,,nmpuhbnk
sft_lora_esm3_qwen3_8b_it_0225_203237,1507,,,,,nmpuhbnk
sft_lora_esm3_qwen3_8b_it_0225_203237,1508,,,,,nmpuhbnk
sft_lora_esm3_qwen3_8b_it_0225_203237,1509,,,,,nmpuhbnk
sft_lora_esm3_qwen3_8b_it_0225_203237,1510,,,,,nmpuhbnk
sft_lora_esm3_qwen3_8b_it_0225_203237,1511,,,,,nmpuhbnk
sft_lora_esm3_qwen3_8b_it_0225_203237,1512,,,,,nmpuhbnk
sft_lora_esm3_qwen3_8b_it_0225_203237,1513,,,,,nmpuhbnk
sft_lora_esm3_qwen3_8b_it_0225_203237,1514,,,,,nmpuhbnk
sft_lora_esm3_qwen3_8b_it_0225_203237,1515,,,,,nmpuhbnk
sft_lora_esm3_qwen3_8b_it_0225_203237,1516,,,,,nmpuhbnk
sft_lora_esm3_qwen3_8b_it_0225_203237,1517,,,,,nmpuhbnk
sft_lora_esm3_qwen3_8b_it_0225_203237,1518,,,,,nmpuhbnk
sft_lora_esm3_qwen3_8b_it_0225_203237,1677,,,,,nmpuhbnk
sft_lora_esm3_qwen3_8b_it_0226_151416,0,,,,,0vx0aryw
sft_lora_esm3_qwen3_8b_it_0226_151416,1,,,,,0vx0aryw
sft_lora_esm3_qwen3_8b_it_0226_151416,2,,,,,0vx0aryw
sft_lora_esm3_qwen3_8b_it_0226_151416,3,,,,,0vx0aryw
sft_lora_esm3_qwen3_8b_it_0226_151416,4,,,,,0vx0aryw
sft_lora_esm3_qwen3_8b_it_0226_151416,5,,,,,0vx0aryw
sft_lora_esm3_qwen3_8b_it_0226_151416,6,,,,,0vx0aryw
sft_lora_esm3_qwen3_8b_it_0226_151416,7,,,,,0vx0aryw
sft_lora_esm3_qwen3_8b_it_0226_151416,8,,,,,0vx0aryw
sft_lora_esm3_qwen3_8b_it_0226_151416,9,,,,,0vx0aryw
sft_lora_esm3_qwen3_8b_it_0226_151416,10,,,,,0vx0aryw
sft_lora_esm3_qwen3_8b_it_0226_151416,11,,,,,0vx0aryw
sft_lora_esm3_qwen3_8b_it_0226_151416,12,,,,,0vx0aryw
sft_lora_esm3_qwen3_8b_it_0226_151416,13,,,,,0vx0aryw
sft_lora_esm3_qwen3_8b_it_0226_151416,14,,,,,0vx0aryw
sft_lora_esm3_qwen3_8b_it_0226_151416,15,,,,,0vx0aryw
sft_lora_esm3_qwen3_8b_it_0226_151416,16,,,,,0vx0aryw
sft_lora_esm3_qwen3_8b_it_0226_151416,17,,,,,0vx0aryw
sft_lora_esm3_qwen3_8b_it_0226_151416,18,,,,,0vx0aryw
sft_lora_esm3_qwen3_8b_it_0226_151416,19,,,,,0vx0aryw
sft_lora_esm3_qwen3_8b_it_0226_151416,20,,,,,0vx0aryw
sft_lora_esm3_qwen3_8b_it_0226_151416,21,,,,,0vx0aryw
sft_lora_esm3_qwen3_8b_it_0226_151416,22,,,,,0vx0aryw
sft_lora_esm3_qwen3_8b_it_0226_151416,23,,,,,0vx0aryw
sft_lora_esm3_qwen3_8b_it_0226_151416,24,,,,,0vx0aryw
sft_lora_esm3_qwen3_8b_it_0226_151416,25,,,,,0vx0aryw
sft_lora_esm3_qwen3_8b_it_0226_151416,250,,,,,0vx0aryw
sft_lora_esm3_qwen3_8b_it_0226_151416,251,,,,,0vx0aryw
sft_lora_esm3_qwen3_8b_it_0226_151416,252,,,,,0vx0aryw
sft_lora_esm3_qwen3_8b_it_0226_151416,253,,,,,0vx0aryw
sft_lora_esm3_qwen3_8b_it_0226_151416,254,,,,,0vx0aryw
sft_lora_esm3_qwen3_8b_it_0226_151416,255,,,,,0vx0aryw
sft_lora_esm3_qwen3_8b_it_0226_151416,256,,,,,0vx0aryw
sft_lora_esm3_qwen3_8b_it_0226_151416,257,,,,,0vx0aryw
sft_lora_esm3_qwen3_8b_it_0226_151416,258,,,,,0vx0aryw
sft_lora_esm3_qwen3_8b_it_0226_151416,259,,,,,0vx0aryw
sft_lora_esm3_qwen3_8b_it_0226_151416,260,,,,,0vx0aryw
sft_lora_esm3_qwen3_8b_it_0226_151416,261,,,,,0vx0aryw
sft_lora_esm3_qwen3_8b_it_0226_151416,262,,,,,0vx0aryw
sft_lora_esm3_qwen3_8b_it_0226_151416,263,,,,,0vx0aryw
sft_lora_esm3_qwen3_8b_it_0226_151416,264,,,,,0vx0aryw
sft_lora_esm3_qwen3_8b_it_0226_151416,265,,,,,0vx0aryw
sft_lora_esm3_qwen3_8b_it_0226_151416,266,,,,,0vx0aryw
sft_lora_esm3_qwen3_8b_it_0226_151416,267,,,,,0vx0aryw
sft_lora_esm3_qwen3_8b_it_0226_151416,268,,,,,0vx0aryw
sft_lora_esm3_qwen3_8b_it_0226_151416,269,,,,,0vx0aryw
sft_lora_esm3_qwen3_8b_it_0226_151416,270,,,,,0vx0aryw
sft_lora_esm3_qwen3_8b_it_0226_151416,271,,,,,0vx0aryw
sft_lora_esm3_qwen3_8b_it_0226_151416,272,,,,,0vx0aryw
sft_lora_esm3_qwen3_8b_it_0226_151416,273,,,,,0vx0aryw
sft_lora_esm3_qwen3_8b_it_0226_151416,274,,,,,0vx0aryw
sft_lora_esm3_qwen3_8b_it_0226_151416,275,,,,,0vx0aryw
sft_lora_esm3_qwen3_8b_it_0226_151416,500,,,,,0vx0aryw
sft_lora_esm3_qwen3_8b_it_0226_151416,501,,,,,0vx0aryw
sft_lora_esm3_qwen3_8b_it_0226_151416,502,,,,,0vx0aryw
sft_lora_esm3_qwen3_8b_it_0226_151416,503,,,,,0vx0aryw
sft_lora_esm3_qwen3_8b_it_0226_151416,504,,,,,0vx0aryw
sft_lora_esm3_qwen3_8b_it_0226_151416,505,,,,,0vx0aryw
sft_lora_esm3_qwen3_8b_it_0226_151416,506,,,,,0vx0aryw
sft_lora_esm3_qwen3_8b_it_0226_151416,507,,,,,0vx0aryw
sft_lora_esm3_qwen3_8b_it_0226_151416,508,,,,,0vx0aryw
sft_lora_esm3_qwen3_8b_it_0226_151416,509,,,,,0vx0aryw
sft_lora_esm3_qwen3_8b_it_0226_151416,510,,,,,0vx0aryw
sft_lora_esm3_qwen3_8b_it_0226_151416,511,,,,,0vx0aryw
sft_lora_esm3_qwen3_8b_it_0226_151416,512,,,,,0vx0aryw
sft_lora_esm3_qwen3_8b_it_0226_151416,513,,,,,0vx0aryw
sft_lora_esm3_qwen3_8b_it_0226_151416,514,,,,,0vx0aryw
sft_lora_esm3_qwen3_8b_it_0226_151416,515,,,,,0vx0aryw
sft_lora_esm3_qwen3_8b_it_0226_151416,516,,,,,0vx0aryw
sft_lora_esm3_qwen3_8b_it_0226_151416,517,,,,,0vx0aryw
sft_lora_esm3_qwen3_8b_it_0226_151416,518,,,,,0vx0aryw
sft_lora_esm3_qwen3_8b_it_0226_151416,519,,,,,0vx0aryw
sft_lora_esm3_qwen3_8b_it_0226_151416,520,,,,,0vx0aryw
sft_lora_esm3_qwen3_8b_it_0226_151416,521,,,,,0vx0aryw
sft_lora_esm3_qwen3_8b_it_0226_151416,522,,,,,0vx0aryw
sft_lora_esm3_qwen3_8b_it_0226_151416,523,,,,,0vx0aryw
sft_lora_esm3_qwen3_8b_it_0226_151416,524,,,,,0vx0aryw
sft_lora_esm3_qwen3_8b_it_0226_151416,525,,,,,0vx0aryw
sft_lora_esm3_qwen3_8b_it_0226_151416,750,,,,,0vx0aryw
sft_lora_esm3_qwen3_8b_it_0226_151416,751,,,,,0vx0aryw
sft_lora_esm3_qwen3_8b_it_0226_151416,752,,,,,0vx0aryw
sft_lora_esm3_qwen3_8b_it_0226_151416,753,,,,,0vx0aryw
sft_lora_esm3_qwen3_8b_it_0226_151416,754,,,,,0vx0aryw
sft_lora_esm3_qwen3_8b_it_0226_151416,755,,,,,0vx0aryw
sft_lora_esm3_qwen3_8b_it_0226_151416,756,,,,,0vx0aryw
sft_lora_esm3_qwen3_8b_it_0226_151416,757,,,,,0vx0aryw
sft_lora_esm3_qwen3_8b_it_0226_151416,758,,,,,0vx0aryw
sft_lora_esm3_qwen3_8b_it_0226_151416,759,,,,,0vx0aryw
sft_lora_esm3_qwen3_8b_it_0226_151416,760,,,,,0vx0aryw
sft_lora_esm3_qwen3_8b_it_0226_151416,761,,,,,0vx0aryw
sft_lora_esm3_qwen3_8b_it_0226_151416,762,,,,,0vx0aryw
sft_lora_esm3_qwen3_8b_it_0226_151416,763,,,,,0vx0aryw
sft_lora_esm3_qwen3_8b_it_0226_151416,764,,,,,0vx0aryw
sft_lora_esm3_qwen3_8b_it_0226_151416,765,,,,,0vx0aryw
sft_lora_esm3_qwen3_8b_it_0226_151416,766,,,,,0vx0aryw
sft_lora_esm3_qwen3_8b_it_0226_151416,767,,,,,0vx0aryw
sft_lora_esm3_qwen3_8b_it_0226_151416,768,,,,,0vx0aryw
sft_lora_esm3_qwen3_8b_it_0226_151416,769,,,,,0vx0aryw
sft_lora_esm3_qwen3_8b_it_0226_151416,770,,,,,0vx0aryw
sft_lora_esm3_qwen3_8b_it_0226_151416,771,,,,,0vx0aryw
sft_lora_esm3_qwen3_8b_it_0226_151416,772,,,,,0vx0aryw
sft_lora_esm3_qwen3_8b_it_0226_151416,773,,,,,0vx0aryw
sft_lora_esm3_qwen3_8b_it_0226_151416,774,,,,,0vx0aryw
sft_lora_esm3_qwen3_8b_it_0226_151416,775,,,,,0vx0aryw
sft_lora_esm3_qwen3_8b_it_0226_151416,1000,,,,,0vx0aryw
sft_lora_esm3_qwen3_8b_it_0226_151416,1001,,,,,0vx0aryw
sft_lora_esm3_qwen3_8b_it_0226_151416,1002,,,,,0vx0aryw
sft_lora_esm3_qwen3_8b_it_0226_151416,1003,,,,,0vx0aryw
sft_lora_esm3_qwen3_8b_it_0226_151416,1004,,,,,0vx0aryw
sft_lora_esm3_qwen3_8b_it_0226_151416,1005,,,,,0vx0aryw
sft_lora_esm3_qwen3_8b_it_0226_151416,1006,,,,,0vx0aryw
sft_lora_esm3_qwen3_8b_it_0226_151416,1007,,,,,0vx0aryw
sft_lora_esm3_qwen3_8b_it_0226_151416,1008,,,,,0vx0aryw
sft_lora_esm3_qwen3_8b_it_0226_151416,1009,,,,,0vx0aryw
sft_lora_esm3_qwen3_8b_it_0226_151416,1010,,,,,0vx0aryw
sft_lora_esm3_qwen3_8b_it_0226_151416,1011,,,,,0vx0aryw
sft_lora_esm3_qwen3_8b_it_0226_151416,1012,,,,,0vx0aryw
sft_lora_esm3_qwen3_8b_it_0226_151416,1013,,,,,0vx0aryw
sft_lora_esm3_qwen3_8b_it_0226_151416,1014,,,,,0vx0aryw
sft_lora_esm3_qwen3_8b_it_0226_151416,1015,,,,,0vx0aryw
sft_lora_esm3_qwen3_8b_it_0226_151416,1016,,,,,0vx0aryw
sft_lora_esm3_qwen3_8b_it_0226_151416,1017,,,,,0vx0aryw
sft_lora_esm3_qwen3_8b_it_0226_151416,1018,,,,,0vx0aryw
sft_lora_esm3_qwen3_8b_it_0226_151416,1019,,,,,0vx0aryw
sft_lora_esm3_qwen3_8b_it_0226_151416,1020,,,,,0vx0aryw
sft_lora_esm3_qwen3_8b_it_0226_151416,1021,,,,,0vx0aryw
sft_lora_esm3_qwen3_8b_it_0226_151416,1022,,,,,0vx0aryw
sft_lora_esm3_qwen3_8b_it_0226_151416,1023,,,,,0vx0aryw
sft_lora_esm3_qwen3_8b_it_0226_151416,1024,,,,,0vx0aryw
sft_lora_esm3_qwen3_8b_it_0226_151416,1025,,,,,0vx0aryw
sft_lora_esm3_qwen3_8b_it_0226_151416,1250,,,,,0vx0aryw
sft_lora_esm3_qwen3_8b_it_0226_151416,1251,,,,,0vx0aryw
sft_lora_esm3_qwen3_8b_it_0226_151416,1252,,,,,0vx0aryw
sft_lora_esm3_qwen3_8b_it_0226_151416,1253,,,,,0vx0aryw
sft_lora_esm3_qwen3_8b_it_0226_151416,1254,,,,,0vx0aryw
sft_lora_esm3_qwen3_8b_it_0226_151416,1255,,,,,0vx0aryw
sft_lora_esm3_qwen3_8b_it_0226_151416,1256,,,,,0vx0aryw
sft_lora_esm3_qwen3_8b_it_0226_151416,1257,,,,,0vx0aryw
sft_lora_esm3_qwen3_8b_it_0226_151416,1258,,,,,0vx0aryw
sft_lora_esm3_qwen3_8b_it_0226_151416,1259,,,,,0vx0aryw
sft_lora_esm3_qwen3_8b_it_0226_151416,1260,,,,,0vx0aryw
sft_lora_esm3_qwen3_8b_it_0226_151416,1261,,,,,0vx0aryw
sft_lora_esm3_qwen3_8b_it_0226_151416,1262,,,,,0vx0aryw
sft_lora_esm3_qwen3_8b_it_0226_151416,1263,,,,,0vx0aryw
sft_lora_esm3_qwen3_8b_it_0226_151416,1264,,,,,0vx0aryw
sft_lora_esm3_qwen3_8b_it_0226_151416,1265,,,,,0vx0aryw
sft_lora_esm3_qwen3_8b_it_0226_151416,1266,,,,,0vx0aryw
sft_lora_esm3_qwen3_8b_it_0226_151416,1267,,,,,0vx0aryw
sft_lora_esm3_qwen3_8b_it_0226_151416,1268,,,,,0vx0aryw
sft_lora_esm3_qwen3_8b_it_0226_151416,1269,,,,,0vx0aryw
sft_lora_esm3_qwen3_8b_it_0226_151416,1270,,,,,0vx0aryw
sft_lora_esm3_qwen3_8b_it_0226_151416,1271,,,,,0vx0aryw
sft_lora_esm3_qwen3_8b_it_0226_151416,1272,,,,,0vx0aryw
sft_lora_esm3_qwen3_8b_it_0226_151416,1273,,,,,0vx0aryw
sft_lora_esm3_qwen3_8b_it_0226_151416,1274,,,,,0vx0aryw
sft_lora_esm3_qwen3_8b_it_0226_151416,1275,,,,,0vx0aryw
sft_lora_esm3_qwen3_8b_it_0226_151416,1500,,,,,0vx0aryw
sft_lora_esm3_qwen3_8b_it_0226_151416,1501,,,,,0vx0aryw
sft_lora_esm3_qwen3_8b_it_0226_151416,1502,,,,,0vx0aryw
sft_lora_esm3_qwen3_8b_it_0226_151416,1503,,,,,0vx0aryw
sft_lora_esm3_qwen3_8b_it_0226_151416,1504,,,,,0vx0aryw
sft_lora_esm3_qwen3_8b_it_0226_151416,1505,,,,,0vx0aryw
sft_lora_esm3_qwen3_8b_it_0226_151416,1506,,,,,0vx0aryw
sft_lora_esm3_qwen3_8b_it_0226_151416,1507,,,,,0vx0aryw
sft_lora_esm3_qwen3_8b_it_0226_151416,1508,,,,,0vx0aryw
sft_lora_esm3_qwen3_8b_it_0226_151416,1509,,,,,0vx0aryw
sft_lora_esm3_qwen3_8b_it_0226_151416,1510,,,,,0vx0aryw
sft_lora_esm3_qwen3_8b_it_0226_151416,1511,,,,,0vx0aryw
sft_lora_esm3_qwen3_8b_it_0226_151416,1512,,,,,0vx0aryw
sft_lora_esm3_qwen3_8b_it_0226_151416,1513,,,,,0vx0aryw
sft_lora_esm3_qwen3_8b_it_0226_151416,1514,,,,,0vx0aryw
sft_lora_esm3_qwen3_8b_it_0226_151416,1515,,,,,0vx0aryw
sft_lora_esm3_qwen3_8b_it_0226_151416,1516,,,,,0vx0aryw
sft_lora_esm3_qwen3_8b_it_0226_151416,1517,,,,,0vx0aryw
sft_lora_esm3_qwen3_8b_it_0226_151416,1518,,,,,0vx0aryw
sft_lora_esm3_qwen3_8b_it_0226_151416,1677,,,,,0vx0aryw
sft_text_qwen3_8b_it_0227_145821,0,,,,,z9ys68kg
sft_text_qwen3_8b_it_0227_145821,1,,,,,z9ys68kg
sft_text_qwen3_8b_it_0227_145821,2,,,,,z9ys68kg
sft_text_qwen3_8b_it_0227_145821,3,,,,,z9ys68kg
sft_text_qwen3_8b_it_0227_145821,4,,,,,z9ys68kg
sft_text_qwen3_8b_it_0227_145821,5,,,,,z9ys68kg
sft_text_qwen3_8b_it_0227_145821,6,,,,,z9ys68kg
sft_text_qwen3_8b_it_0227_145821,7,,,,,z9ys68kg
sft_text_qwen3_8b_it_0227_145821,8,,,,,z9ys68kg
sft_text_qwen3_8b_it_0227_145821,9,,,,,z9ys68kg
sft_text_qwen3_8b_it_0227_145821,10,,,,,z9ys68kg
sft_text_qwen3_8b_it_0227_145821,11,,,,,z9ys68kg
sft_text_qwen3_8b_it_0227_145821,12,,,,,z9ys68kg
sft_text_qwen3_8b_it_0227_145821,13,,,,,z9ys68kg
sft_text_qwen3_8b_it_0227_145821,14,,,,,z9ys68kg
sft_text_qwen3_8b_it_0227_145821,15,,,,,z9ys68kg
sft_text_qwen3_8b_it_0227_145821,16,,,,,z9ys68kg
sft_text_qwen3_8b_it_0227_145821,17,,,,,z9ys68kg
sft_text_qwen3_8b_it_0227_145821,18,,,,,z9ys68kg
sft_text_qwen3_8b_it_0227_145821,19,,,,,z9ys68kg
sft_text_qwen3_8b_it_0227_145821,20,,,,,z9ys68kg
sft_text_qwen3_8b_it_0227_145821,21,,,,,z9ys68kg
sft_text_qwen3_8b_it_0227_145821,22,,,,,z9ys68kg
sft_text_qwen3_8b_it_0227_145821,23,,,,,z9ys68kg
sft_text_qwen3_8b_it_0227_145821,24,,,,,z9ys68kg
sft_text_qwen3_8b_it_0227_145821,25,,,,,z9ys68kg
sft_text_qwen3_8b_it_0227_145821,250,,,,,z9ys68kg
sft_text_qwen3_8b_it_0227_145821,251,,,,,z9ys68kg
sft_text_qwen3_8b_it_0227_145821,252,,,,,z9ys68kg
sft_text_qwen3_8b_it_0227_145821,253,,,,,z9ys68kg
sft_text_qwen3_8b_it_0227_145821,254,,,,,z9ys68kg
sft_text_qwen3_8b_it_0227_145821,255,,,,,z9ys68kg
sft_text_qwen3_8b_it_0227_145821,256,,,,,z9ys68kg
sft_text_qwen3_8b_it_0227_145821,257,,,,,z9ys68kg
sft_text_qwen3_8b_it_0227_145821,258,,,,,z9ys68kg
sft_text_qwen3_8b_it_0227_145821,259,,,,,z9ys68kg
sft_text_qwen3_8b_it_0227_145821,260,,,,,z9ys68kg
sft_text_qwen3_8b_it_0227_145821,261,,,,,z9ys68kg
sft_text_qwen3_8b_it_0227_145821,262,,,,,z9ys68kg
sft_text_qwen3_8b_it_0227_145821,263,,,,,z9ys68kg
sft_text_qwen3_8b_it_0227_145821,264,,,,,z9ys68kg
sft_text_qwen3_8b_it_0227_145821,265,,,,,z9ys68kg
sft_text_qwen3_8b_it_0227_145821,266,,,,,z9ys68kg
sft_text_qwen3_8b_it_0227_145821,267,,,,,z9ys68kg
sft_text_qwen3_8b_it_0227_145821,268,,,,,z9ys68kg
sft_text_qwen3_8b_it_0227_145821,269,,,,,z9ys68kg
sft_text_qwen3_8b_it_0227_145821,270,,,,,z9ys68kg
sft_text_qwen3_8b_it_0227_145821,271,,,,,z9ys68kg
sft_text_qwen3_8b_it_0227_145821,272,,,,,z9ys68kg
sft_text_qwen3_8b_it_0227_145821,273,,,,,z9ys68kg
sft_text_qwen3_8b_it_0227_145821,274,,,,,z9ys68kg
sft_text_qwen3_8b_it_0227_145821,275,,,,,z9ys68kg
sft_text_qwen3_8b_it_0227_145821,500,,,,,z9ys68kg
sft_text_qwen3_8b_it_0227_145821,501,,,,,z9ys68kg
sft_text_qwen3_8b_it_0227_145821,502,,,,,z9ys68kg
sft_text_qwen3_8b_it_0227_145821,503,,,,,z9ys68kg
sft_text_qwen3_8b_it_0227_145821,504,,,,,z9ys68kg
sft_text_qwen3_8b_it_0227_145821,505,,,,,z9ys68kg
sft_text_qwen3_8b_it_0227_145821,506,,,,,z9ys68kg
sft_text_qwen3_8b_it_0227_145821,507,,,,,z9ys68kg
sft_text_qwen3_8b_it_0227_145821,508,,,,,z9ys68kg
sft_text_qwen3_8b_it_0227_145821,509,,,,,z9ys68kg
sft_text_qwen3_8b_it_0227_145821,510,,,,,z9ys68kg
sft_text_qwen3_8b_it_0227_145821,511,,,,,z9ys68kg
sft_text_qwen3_8b_it_0227_145821,512,,,,,z9ys68kg
sft_text_qwen3_8b_it_0227_145821,513,,,,,z9ys68kg
sft_text_qwen3_8b_it_0227_145821,514,,,,,z9ys68kg
sft_text_qwen3_8b_it_0227_145821,515,,,,,z9ys68kg
sft_text_qwen3_8b_it_0227_145821,516,,,,,z9ys68kg
sft_text_qwen3_8b_it_0227_145821,517,,,,,z9ys68kg
sft_text_qwen3_8b_it_0227_145821,518,,,,,z9ys68kg
sft_text_qwen3_8b_it_0227_145821,519,,,,,z9ys68kg
sft_text_qwen3_8b_it_0227_145821,520,,,,,z9ys68kg
sft_text_qwen3_8b_it_0227_145821,521,,,,,z9ys68kg
sft_text_qwen3_8b_it_0227_145821,522,,,,,z9ys68kg
sft_text_qwen3_8b_it_0227_145821,523,,,,,z9ys68kg
sft_text_qwen3_8b_it_0227_145821,524,,,,,z9ys68kg
sft_text_qwen3_8b_it_0227_145821,525,,,,,z9ys68kg
sft_text_qwen3_8b_it_0227_145821,750,,,,,z9ys68kg
sft_text_qwen3_8b_it_0227_145821,751,,,,,z9ys68kg
sft_text_qwen3_8b_it_0227_145821,752,,,,,z9ys68kg
sft_text_qwen3_8b_it_0227_145821,753,,,,,z9ys68kg
sft_text_qwen3_8b_it_0227_145821,754,,,,,z9ys68kg
sft_text_qwen3_8b_it_0227_145821,755,,,,,z9ys68kg
sft_text_qwen3_8b_it_0227_145821,756,,,,,z9ys68kg
sft_text_qwen3_8b_it_0227_145821,757,,,,,z9ys68kg
sft_text_qwen3_8b_it_0227_145821,758,,,,,z9ys68kg
sft_text_qwen3_8b_it_0227_145821,759,,,,,z9ys68kg
sft_text_qwen3_8b_it_0227_145821,760,,,,,z9ys68kg
sft_text_qwen3_8b_it_0227_145821,761,,,,,z9ys68kg
sft_text_qwen3_8b_it_0227_145821,762,,,,,z9ys68kg
sft_text_qwen3_8b_it_0227_145821,763,,,,,z9ys68kg
sft_text_qwen3_8b_it_0227_145821,764,,,,,z9ys68kg
sft_text_qwen3_8b_it_0227_145821,765,,,,,z9ys68kg
sft_text_qwen3_8b_it_0227_145821,766,,,,,z9ys68kg
sft_text_qwen3_8b_it_0227_145821,767,,,,,z9ys68kg
sft_text_qwen3_8b_it_0227_145821,768,,,,,z9ys68kg
sft_text_qwen3_8b_it_0227_145821,769,,,,,z9ys68kg
sft_text_qwen3_8b_it_0227_145821,770,,,,,z9ys68kg
sft_text_qwen3_8b_it_0227_145821,771,,,,,z9ys68kg
sft_text_qwen3_8b_it_0227_145821,772,,,,,z9ys68kg
sft_text_qwen3_8b_it_0227_145821,773,,,,,z9ys68kg
sft_text_qwen3_8b_it_0227_145821,774,,,,,z9ys68kg
sft_text_qwen3_8b_it_0227_145821,775,,,,,z9ys68kg
sft_text_qwen3_8b_it_0227_145821,1000,,,,,z9ys68kg
sft_text_qwen3_8b_it_0227_145821,1001,,,,,z9ys68kg
sft_text_qwen3_8b_it_0227_145821,1002,,,,,z9ys68kg
sft_text_qwen3_8b_it_0227_145821,1003,,,,,z9ys68kg
sft_text_qwen3_8b_it_0227_145821,1004,,,,,z9ys68kg
sft_text_qwen3_8b_it_0227_145821,1005,,,,,z9ys68kg
sft_text_qwen3_8b_it_0227_145821,1006,,,,,z9ys68kg
sft_text_qwen3_8b_it_0227_145821,1007,,,,,z9ys68kg
sft_text_qwen3_8b_it_0227_145821,1008,,,,,z9ys68kg
sft_text_qwen3_8b_it_0227_145821,1009,,,,,z9ys68kg
sft_text_qwen3_8b_it_0227_145821,1010,,,,,z9ys68kg
sft_text_qwen3_8b_it_0227_145821,1011,,,,,z9ys68kg
sft_text_qwen3_8b_it_0227_145821,1012,,,,,z9ys68kg
sft_text_qwen3_8b_it_0227_145821,1013,,,,,z9ys68kg
sft_text_qwen3_8b_it_0227_145821,1014,,,,,z9ys68kg
sft_text_qwen3_8b_it_0227_145821,1015,,,,,z9ys68kg
sft_text_qwen3_8b_it_0227_145821,1016,,,,,z9ys68kg
sft_text_qwen3_8b_it_0227_145821,1017,,,,,z9ys68kg
sft_text_qwen3_8b_it_0227_145821,1018,,,,,z9ys68kg
sft_text_qwen3_8b_it_0227_145821,1019,,,,,z9ys68kg
sft_text_qwen3_8b_it_0227_145821,1020,,,,,z9ys68kg
sft_text_qwen3_8b_it_0227_145821,1021,,,,,z9ys68kg
sft_text_qwen3_8b_it_0227_145821,1022,,,,,z9ys68kg
sft_text_qwen3_8b_it_0227_145821,1023,,,,,z9ys68kg
sft_text_qwen3_8b_it_0227_145821,1024,,,,,z9ys68kg
sft_text_qwen3_8b_it_0227_145821,1025,,,,,z9ys68kg
sft_text_qwen3_8b_it_0227_145821,1250,,,,,z9ys68kg
sft_text_qwen3_8b_it_0227_145821,1251,,,,,z9ys68kg
sft_text_qwen3_8b_it_0227_145821,1252,,,,,z9ys68kg
sft_text_qwen3_8b_it_0227_145821,1253,,,,,z9ys68kg
sft_text_qwen3_8b_it_0227_145821,1254,,,,,z9ys68kg
sft_text_qwen3_8b_it_0227_145821,1255,,,,,z9ys68kg
sft_text_qwen3_8b_it_0227_145821,1256,,,,,z9ys68kg
sft_text_qwen3_8b_it_0227_145821,1257,,,,,z9ys68kg
sft_text_qwen3_8b_it_0227_145821,1258,,,,,z9ys68kg
sft_text_qwen3_8b_it_0227_145821,1259,,,,,z9ys68kg
sft_text_qwen3_8b_it_0227_145821,1260,,,,,z9ys68kg
sft_text_qwen3_8b_it_0227_145821,1261,,,,,z9ys68kg
sft_text_qwen3_8b_it_0227_145821,1262,,,,,z9ys68kg
sft_text_qwen3_8b_it_0227_145821,1263,,,,,z9ys68kg
sft_text_qwen3_8b_it_0227_145821,1264,,,,,z9ys68kg
sft_text_qwen3_8b_it_0227_145821,1265,,,,,z9ys68kg
sft_text_qwen3_8b_it_0227_145821,1266,,,,,z9ys68kg
sft_text_qwen3_8b_it_0227_145821,1267,,,,,z9ys68kg
sft_text_qwen3_8b_it_0227_145821,1268,,,,,z9ys68kg
sft_text_qwen3_8b_it_0227_145821,1269,,,,,z9ys68kg
sft_text_qwen3_8b_it_0227_145821,1270,,,,,z9ys68kg
sft_text_qwen3_8b_it_0227_145821,1271,,,,,z9ys68kg
sft_text_qwen3_8b_it_0227_145821,1272,,,,,z9ys68kg
sft_text_qwen3_8b_it_0227_145821,1273,,,,,z9ys68kg
sft_text_qwen3_8b_it_0227_145821,1274,,,,,z9ys68kg
sft_text_qwen3_8b_it_0227_145821,1275,,,,,z9ys68kg
sft_text_qwen3_8b_it_0227_145821,1500,,,,,z9ys68kg
sft_text_qwen3_8b_it_0227_145821,1501,,,,,z9ys68kg
sft_text_qwen3_8b_it_0227_145821,1502,,,,,z9ys68kg
sft_text_qwen3_8b_it_0227_145821,1503,,,,,z9ys68kg
sft_text_qwen3_8b_it_0227_145821,1504,,,,,z9ys68kg
sft_text_qwen3_8b_it_0227_145821,1505,,,,,z9ys68kg
sft_text_qwen3_8b_it_0227_145821,1506,,,,,z9ys68kg
sft_text_qwen3_8b_it_0227_145821,1507,,,,,z9ys68kg
sft_text_qwen3_8b_it_0227_145821,1508,,,,,z9ys68kg
sft_text_qwen3_8b_it_0227_145821,1509,,,,,z9ys68kg
sft_text_qwen3_8b_it_0227_145821,1510,,,,,z9ys68kg
sft_text_qwen3_8b_it_0227_145821,1511,,,,,z9ys68kg
sft_text_qwen3_8b_it_0227_145821,1512,,,,,z9ys68kg
sft_text_qwen3_8b_it_0227_145821,1513,,,,,z9ys68kg
sft_text_qwen3_8b_it_0227_145821,1514,,,,,z9ys68kg
sft_text_qwen3_8b_it_0227_145821,1515,,,,,z9ys68kg
sft_text_qwen3_8b_it_0227_145821,1516,,,,,z9ys68kg
sft_text_qwen3_8b_it_0227_145821,1517,,,,,z9ys68kg
sft_text_qwen3_8b_it_0227_145821,1518,,,,,z9ys68kg
sft_text_qwen3_8b_it_0227_145821,1519,,,,,z9ys68kg
sft_text_qwen3_8b_it_0227_145821,1520,,,,,z9ys68kg
sft_text_qwen3_8b_it_0227_145821,1521,,,,,z9ys68kg
sft_text_qwen3_8b_it_0227_145821,1522,,,,,z9ys68kg
sft_text_qwen3_8b_it_0227_145821,1523,,,,,z9ys68kg
sft_text_qwen3_8b_it_0227_145821,1524,,,,,z9ys68kg
sft_text_qwen3_8b_it_0227_145821,1525,,,,,z9ys68kg
sft_text_qwen3_8b_it_0227_145821,1750,,,,,z9ys68kg
sft_text_qwen3_8b_it_0227_145821,1751,,,,,z9ys68kg
sft_text_qwen3_8b_it_0227_145821,1752,,,,,z9ys68kg
sft_text_qwen3_8b_it_0227_145821,1753,,,,,z9ys68kg
sft_text_qwen3_8b_it_0227_145821,1754,,,,,z9ys68kg
sft_text_qwen3_8b_it_0227_145821,1755,,,,,z9ys68kg
sft_text_qwen3_8b_it_0227_145821,1756,,,,,z9ys68kg
sft_text_qwen3_8b_it_0227_145821,1757,,,,,z9ys68kg
sft_text_qwen3_8b_it_0227_145821,1758,,,,,z9ys68kg
sft_text_qwen3_8b_it_0227_145821,1759,,,,,z9ys68kg
sft_text_qwen3_8b_it_0227_145821,1760,,,,,z9ys68kg
sft_text_qwen3_8b_it_0227_145821,1761,,,,,z9ys68kg
sft_text_qwen3_8b_it_0227_145821,1762,,,,,z9ys68kg
sft_text_qwen3_8b_it_0227_145821,1763,,,,,z9ys68kg
sft_text_qwen3_8b_it_0227_145821,1764,,,,,z9ys68kg
sft_text_qwen3_8b_it_0227_145821,1765,,,,,z9ys68kg
sft_text_qwen3_8b_it_0227_145821,1766,,,,,z9ys68kg
sft_text_qwen3_8b_it_0227_145821,1767,,,,,z9ys68kg
sft_text_qwen3_8b_it_0227_145821,1768,,,,,z9ys68kg
sft_text_qwen3_8b_it_0227_145821,1769,,,,,z9ys68kg
sft_text_qwen3_8b_it_0227_145821,1770,,,,,z9ys68kg
sft_text_qwen3_8b_it_0227_145821,1771,,,,,z9ys68kg
sft_text_qwen3_8b_it_0227_145821,1772,,,,,z9ys68kg
sft_text_qwen3_8b_it_0227_145821,1773,,,,,z9ys68kg
sft_text_qwen3_8b_it_0227_145821,1774,,,,,z9ys68kg
sft_text_qwen3_8b_it_0227_145821,1775,,,,,z9ys68kg
sft_text_qwen3_8b_it_0227_145821,2000,,,,,z9ys68kg
sft_text_qwen3_8b_it_0227_145821,2001,,,,,z9ys68kg
sft_text_qwen3_8b_it_0227_145821,2002,,,,,z9ys68kg
sft_text_qwen3_8b_it_0227_145821,2003,,,,,z9ys68kg
sft_text_qwen3_8b_it_0227_145821,2004,,,,,z9ys68kg
sft_text_qwen3_8b_it_0227_145821,2005,,,,,z9ys68kg
sft_text_qwen3_8b_it_0227_145821,2006,,,,,z9ys68kg
sft_text_qwen3_8b_it_0227_145821,2007,,,,,z9ys68kg
sft_text_qwen3_8b_it_0227_145821,2008,,,,,z9ys68kg
sft_text_qwen3_8b_it_0227_145821,2009,,,,,z9ys68kg
sft_text_qwen3_8b_it_0227_145821,2010,,,,,z9ys68kg
sft_text_qwen3_8b_it_0227_145821,2011,,,,,z9ys68kg
sft_text_qwen3_8b_it_0227_145821,2012,,,,,z9ys68kg
sft_text_qwen3_8b_it_0227_145821,2013,,,,,z9ys68kg
sft_text_qwen3_8b_it_0227_145821,2014,,,,,z9ys68kg
sft_text_qwen3_8b_it_0227_145821,2015,,,,,z9ys68kg
sft_text_qwen3_8b_it_0227_145821,2016,,,,,z9ys68kg
sft_text_qwen3_8b_it_0227_145821,2017,,,,,z9ys68kg
sft_text_qwen3_8b_it_0227_145821,2018,,,,,z9ys68kg
sft_text_qwen3_8b_it_0227_145821,2019,,,,,z9ys68kg
sft_text_qwen3_8b_it_0227_145821,2020,,,,,z9ys68kg
sft_text_qwen3_8b_it_0227_145821,2021,,,,,z9ys68kg
sft_text_qwen3_8b_it_0227_145821,2022,,,,,z9ys68kg
sft_text_qwen3_8b_it_0227_145821,2023,,,,,z9ys68kg
sft_text_qwen3_8b_it_0227_145821,2024,,,,,z9ys68kg
sft_text_qwen3_8b_it_0227_145821,2025,,,,,z9ys68kg
sft_text_qwen3_8b_it_0227_145821,2250,,,,,z9ys68kg
sft_text_qwen3_8b_it_0227_145821,2251,,,,,z9ys68kg
sft_text_qwen3_8b_it_0227_145821,2252,,,,,z9ys68kg
sft_text_qwen3_8b_it_0227_145821,2253,,,,,z9ys68kg
sft_text_qwen3_8b_it_0227_145821,2254,,,,,z9ys68kg
sft_text_qwen3_8b_it_0227_145821,2255,,,,,z9ys68kg
sft_text_qwen3_8b_it_0227_145821,2256,,,,,z9ys68kg
sft_text_qwen3_8b_it_0227_145821,2257,,,,,z9ys68kg
sft_text_qwen3_8b_it_0227_145821,2258,,,,,z9ys68kg
sft_text_qwen3_8b_it_0227_145821,2259,,,,,z9ys68kg
sft_text_qwen3_8b_it_0227_145821,2260,,,,,z9ys68kg
sft_text_qwen3_8b_it_0227_145821,2261,,,,,z9ys68kg
sft_text_qwen3_8b_it_0227_145821,2262,,,,,z9ys68kg
sft_text_qwen3_8b_it_0227_145821,2263,,,,,z9ys68kg
sft_text_qwen3_8b_it_0227_145821,2264,,,,,z9ys68kg
sft_text_qwen3_8b_it_0227_145821,2265,,,,,z9ys68kg
sft_text_qwen3_8b_it_0227_145821,2266,,,,,z9ys68kg
sft_text_qwen3_8b_it_0227_145821,2267,,,,,z9ys68kg
sft_text_qwen3_8b_it_0227_145821,2268,,,,,z9ys68kg
sft_text_qwen3_8b_it_0227_145821,2269,,,,,z9ys68kg
sft_text_qwen3_8b_it_0227_145821,2270,,,,,z9ys68kg
sft_text_qwen3_8b_it_0227_145821,2271,,,,,z9ys68kg
sft_text_qwen3_8b_it_0227_145821,2272,,,,,z9ys68kg
sft_text_qwen3_8b_it_0227_145821,2273,,,,,z9ys68kg
sft_text_qwen3_8b_it_0227_145821,2274,,,,,z9ys68kg
sft_text_qwen3_8b_it_0227_145821,2275,,,,,z9ys68kg
sft_text_qwen3_8b_it_0227_145821,2500,,,,,z9ys68kg
sft_text_qwen3_8b_it_0227_145821,2501,,,,,z9ys68kg
sft_text_qwen3_8b_it_0227_145821,2502,,,,,z9ys68kg
sft_text_qwen3_8b_it_0227_145821,2503,,,,,z9ys68kg
sft_text_qwen3_8b_it_0227_145821,2504,,,,,z9ys68kg
sft_text_qwen3_8b_it_0227_145821,2505,,,,,z9ys68kg
sft_text_qwen3_8b_it_0227_145821,2506,,,,,z9ys68kg
sft_text_qwen3_8b_it_0227_145821,2507,,,,,z9ys68kg
sft_text_qwen3_8b_it_0227_145821,2508,,,,,z9ys68kg
sft_text_qwen3_8b_it_0227_145821,2509,,,,,z9ys68kg
sft_text_qwen3_8b_it_0227_145821,2510,,,,,z9ys68kg
sft_text_qwen3_8b_it_0227_145821,2595,,,,,z9ys68kg
