experiment,step,epoch,token_avg_loss,loss,eval_loss,grad_norm,learning_rate,mean_reward,max_reward,min_reward,reward_std,pg_loss,kl_penalty,grad_norm_lora,grad_norm_multimodal,completion_mean_length,format_bonus,plddt,quality_alignment,numerical_accuracy,category_match,focal_weight
sft_esm3_mlp_combined_qwen3_8b_it_0306_010408,10,0.0010366454154356502,3.2968,14.0037,,7.598205089569092,1.8e-05,,,,,,,,,,,,,,,
sft_esm3_mlp_combined_qwen3_8b_it_0306_010408,20,0.0020732908308713003,2.4675,10.7019,,4.578925132751465,3.8e-05,,,,,,,,,,,,,,,
sft_esm3_mlp_combined_qwen3_8b_it_0306_010408,30,0.0031099362463069507,2.0685,8.091,,2.9319872856140137,5.8e-05,,,,,,,,,,,,,,,
sft_esm3_mlp_combined_qwen3_8b_it_0306_010408,40,0.004146581661742601,1.6048,6.1851,,1.9611071348190308,7.800000000000001e-05,,,,,,,,,,,,,,,
sft_esm3_mlp_combined_qwen3_8b_it_0306_010408,50,0.005183227077178251,1.2563,4.9456,,1.1051414012908936,9.8e-05,,,,,,,,,,,,,,,
sft_esm3_mlp_combined_qwen3_8b_it_0306_010408,60,0.0062198724926139015,1.1294,4.3119,,1.1458438634872437,0.000118,,,,,,,,,,,,,,,
sft_esm3_mlp_combined_qwen3_8b_it_0306_010408,70,0.007256517908049552,1.0829,4.0224,,2.0976338386535645,0.000138,,,,,,,,,,,,,,,
sft_esm3_mlp_combined_qwen3_8b_it_0306_010408,80,0.008293163323485201,0.9478,3.5449,,1.2269999980926514,0.00015800000000000002,,,,,,,,,,,,,,,
sft_esm3_mlp_combined_qwen3_8b_it_0306_010408,90,0.009329808738920852,0.9466,3.3865,,0.9476935863494873,0.00017800000000000002,,,,,,,,,,,,,,,
sft_esm3_mlp_combined_qwen3_8b_it_0306_010408,100,0.010366454154356502,0.9421,3.2921,,1.571097731590271,0.00019800000000000002,,,,,,,,,,,,,,,
sft_esm3_mlp_combined_qwen3_8b_it_0306_010408,110,0.011403099569792153,0.7994,3.0191,,0.8391125202178955,0.00019999995194549538,,,,,,,,,,,,,,,
sft_esm3_mlp_combined_qwen3_8b_it_0306_010408,120,0.012439744985227803,0.8119,3.1014,,0.7268391847610474,0.00019999978583121766,,,,,,,,,,,,,,,
sft_esm3_mlp_combined_qwen3_8b_it_0306_010408,130,0.013476390400663453,0.8186,2.9216,,0.9109889268875122,0.0001999995010640984,,,,,,,,,,,,,,,
sft_esm3_mlp_combined_qwen3_8b_it_0306_010408,140,0.014513035816099104,0.7743,2.8212,,0.7608497738838196,0.00019999909764447553,,,,,,,,,,,,,,,
sft_esm3_mlp_combined_qwen3_8b_it_0306_010408,150,0.015549681231534754,0.7378,2.8312,,0.7619828581809998,0.0001999985755728277,,,,,,,,,,,,,,,
sft_esm3_mlp_combined_qwen3_8b_it_0306_010408,160,0.016586326646970403,0.715,2.6433,,0.97300124168396,0.00019999793484977435,,,,,,,,,,,,,,,
sft_esm3_mlp_combined_qwen3_8b_it_0306_010408,170,0.017622972062406053,0.7624,2.6854,,0.8970531821250916,0.00019999717547607574,,,,,,,,,,,,,,,
sft_esm3_mlp_combined_qwen3_8b_it_0306_010408,180,0.018659617477841704,0.7968,2.7005,,1.0275262594223022,0.00019999629745263287,,,,,,,,,,,,,,,
sft_esm3_mlp_combined_qwen3_8b_it_0306_010408,190,0.019696262893277354,0.6467,2.5376,,1.0152090787887573,0.00019999530078048755,,,,,,,,,,,,,,,
sft_esm3_mlp_combined_qwen3_8b_it_0306_010408,200,0.020732908308713004,0.7328,2.6158,,1.00901198387146,0.00019999418546082237,,,,,,,,,,,,,,,
sft_esm3_mlp_combined_qwen3_8b_it_0306_010408,210,0.021769553724148655,0.729,2.5923,,0.9876882433891296,0.00019999295149496064,,,,,,,,,,,,,,,
sft_esm3_mlp_combined_qwen3_8b_it_0306_010408,220,0.022806199139584305,0.6494,2.4528,,0.8306147456169128,0.00019999159888436658,,,,,,,,,,,,,,,
sft_esm3_mlp_combined_qwen3_8b_it_0306_010408,230,0.023842844555019956,0.7393,2.549,,0.8438383340835571,0.00019999012763064505,,,,,,,,,,,,,,,
sft_esm3_mlp_combined_qwen3_8b_it_0306_010408,240,0.024879489970455606,0.5908,2.3879,,0.9675758481025696,0.00019998853773554176,,,,,,,,,,,,,,,
sft_esm3_mlp_combined_qwen3_8b_it_0306_010408,250,0.025916135385891256,0.6671,2.4462,,0.74718177318573,0.00019998682920094318,,,,,,,,,,,,,,,
sft_esm3_mlp_combined_qwen3_8b_it_0306_010408,250,0.025916135385891256,0.8358,,0.6687129139900208,,,,,,,,,,,,,,,,,
sft_esm3_mlp_combined_qwen3_8b_it_0306_010408,260,0.026952780801326907,0.6663,2.5135,,1.0736438035964966,0.00019998500202887651,,,,,,,,,,,,,,,
sft_esm3_mlp_combined_qwen3_8b_it_0306_010408,270,0.027989426216762557,0.5981,2.317,,0.8767987489700317,0.00019998305622150975,,,,,,,,,,,,,,,
sft_esm3_mlp_combined_qwen3_8b_it_0306_010408,280,0.029026071632198207,0.674,2.3539,,0.8951513171195984,0.00019998099178115172,,,,,,,,,,,,,,,
sft_esm3_mlp_combined_qwen3_8b_it_0306_010408,290,0.030062717047633858,0.5849,2.3343,,1.0061440467834473,0.00019997880871025183,,,,,,,,,,,,,,,
sft_esm3_mlp_combined_qwen3_8b_it_0306_010408,300,0.03109936246306951,0.6552,2.3348,,0.8502384424209595,0.00019997650701140046,,,,,,,,,,,,,,,
sft_esm3_mlp_combined_qwen3_8b_it_0306_010408,310,0.03213600787850516,0.6989,2.4276,,0.9384231567382812,0.00019997408668732857,,,,,,,,,,,,,,,
sft_esm3_mlp_combined_qwen3_8b_it_0306_010408,320,0.033172653293940806,0.5614,2.2103,,0.9951086640357971,0.00019997154774090804,,,,,,,,,,,,,,,
sft_esm3_mlp_combined_qwen3_8b_it_0306_010408,330,0.03420929870937646,0.6702,2.2929,,0.9693378210067749,0.00019996889017515133,,,,,,,,,,,,,,,
sft_esm3_mlp_combined_qwen3_8b_it_0306_010408,340,0.035245944124812106,0.6375,2.3792,,0.7821496725082397,0.00019996611399321178,,,,,,,,,,,,,,,
sft_esm3_mlp_combined_qwen3_8b_it_0306_010408,350,0.03628258954024776,0.6132,2.1634,,0.8746756315231323,0.00019996321919838334,,,,,,,,,,,,,,,
sft_esm3_mlp_combined_qwen3_8b_it_0306_010408,360,0.03731923495568341,0.6782,2.3439,,0.8419066071510315,0.00019996020579410084,,,,,,,,,,,,,,,
sft_esm3_mlp_combined_qwen3_8b_it_0306_010408,370,0.03835588037111906,0.5353,2.1935,,0.9604744911193848,0.0001999570737839398,,,,,,,,,,,,,,,
sft_esm3_mlp_combined_qwen3_8b_it_0306_010408,380,0.03939252578655471,0.6343,2.2549,,0.8120729923248291,0.00019995382317161635,,,,,,,,,,,,,,,
sft_esm3_mlp_combined_qwen3_8b_it_0306_010408,390,0.04042917120199036,0.6512,2.251,,0.8403823971748352,0.00019995045396098754,,,,,,,,,,,,,,,
sft_esm3_mlp_combined_qwen3_8b_it_0306_010408,400,0.04146581661742601,0.5558,2.1639,,0.7751495838165283,0.000199946966156051,,,,,,,,,,,,,,,
sft_esm3_mlp_combined_qwen3_8b_it_0306_010408,410,0.04250246203286166,0.6324,2.2611,,0.8064130544662476,0.00019994335976094508,,,,,,,,,,,,,,,
sft_esm3_mlp_combined_qwen3_8b_it_0306_010408,420,0.04353910744829731,0.6393,2.1521,,0.8495028614997864,0.00019993963477994898,,,,,,,,,,,,,,,
sft_esm3_mlp_combined_qwen3_8b_it_0306_010408,430,0.04457575286373296,0.5754,2.1776,,0.7848242521286011,0.00019993579121748242,,,,,,,,,,,,,,,
sft_esm3_mlp_combined_qwen3_8b_it_0306_010408,440,0.04561239827916861,0.6721,2.1916,,0.7729842066764832,0.0001999318290781059,,,,,,,,,,,,,,,
sft_esm3_mlp_combined_qwen3_8b_it_0306_010408,450,0.04664904369460426,0.541,2.1087,,0.8105106353759766,0.00019992774836652066,,,,,,,,,,,,,,,
sft_esm3_mlp_combined_qwen3_8b_it_0306_010408,460,0.04768568911003991,0.6374,2.1219,,0.7091825604438782,0.00019992354908756862,,,,,,,,,,,,,,,
sft_esm3_mlp_combined_qwen3_8b_it_0306_010408,470,0.04872233452547556,0.6142,2.1816,,0.7764213681221008,0.00019991923124623227,,,,,,,,,,,,,,,
sft_esm3_mlp_combined_qwen3_8b_it_0306_010408,480,0.04975897994091121,0.5312,2.0824,,0.8285860419273376,0.00019991479484763493,,,,,,,,,,,,,,,
sft_esm3_mlp_combined_qwen3_8b_it_0306_010408,490,0.05079562535634686,0.6421,2.1535,,0.7432283163070679,0.0001999102398970405,,,,,,,,,,,,,,,
sft_esm3_mlp_combined_qwen3_8b_it_0306_010408,500,0.05183227077178251,0.5131,2.0326,,0.883019745349884,0.00019990556639985362,,,,,,,,,,,,,,,
sft_esm3_mlp_combined_qwen3_8b_it_0306_010408,500,0.05183227077178251,0.7129,,0.5771343111991882,,,,,,,,,,,,,,,,,
sft_esm3_mlp_combined_qwen3_8b_it_0306_010408,510,0.05286891618721816,0.576,2.1206,,0.8502086997032166,0.00019990077436161943,,,,,,,,,,,,,,,
sft_esm3_mlp_combined_qwen3_8b_it_0306_010408,520,0.05390556160265381,0.6138,2.1258,,0.8382449150085449,0.0001998958637880239,,,,,,,,,,,,,,,
sft_esm3_mlp_combined_qwen3_8b_it_0306_010408,530,0.05494220701808946,0.4966,2.0091,,0.7720311284065247,0.0001998908346848936,,,,,,,,,,,,,,,
sft_esm3_mlp_combined_qwen3_8b_it_0306_010408,540,0.055978852433525114,0.6005,2.0443,,0.7121484279632568,0.00019988568705819567,,,,,,,,,,,,,,,
sft_esm3_mlp_combined_qwen3_8b_it_0306_010408,550,0.05701549784896076,0.5518,2.0849,,0.9054607152938843,0.00019988042091403796,,,,,,,,,,,,,,,
sft_esm3_mlp_combined_qwen3_8b_it_0306_010408,560,0.058052143264396415,0.5654,1.995,,0.7304033637046814,0.0001998750362586689,,,,,,,,,,,,,,,
sft_esm3_mlp_combined_qwen3_8b_it_0306_010408,570,0.05908878867983206,0.6498,2.0956,,0.7534503936767578,0.00019986953309847753,,,,,,,,,,,,,,,
sft_esm3_mlp_combined_qwen3_8b_it_0306_010408,580,0.060125434095267716,0.4793,2.0098,,0.990382969379425,0.00019986391143999354,,,,,,,,,,,,,,,
sft_esm3_mlp_combined_qwen3_8b_it_0306_010408,590,0.06116207951070336,0.6009,2.0708,,0.6658580303192139,0.00019985817128988722,,,,,,,,,,,,,,,
sft_esm3_mlp_combined_qwen3_8b_it_0306_010408,600,0.06219872492613902,0.5874,2.1685,,1.1560192108154297,0.0001998523126549694,,,,,,,,,,,,,,,
sft_esm3_mlp_combined_qwen3_8b_it_0306_010408,610,0.06323537034157467,0.558,1.9597,,0.983272910118103,0.00019984633554219158,,,,,,,,,,,,,,,
sft_esm3_mlp_combined_qwen3_8b_it_0306_010408,620,0.06427201575701032,0.6117,2.1216,,0.7362613677978516,0.00019984023995864574,,,,,,,,,,,,,,,
sft_esm3_mlp_combined_qwen3_8b_it_0306_010408,630,0.06530866117244596,0.5446,2.0127,,0.8124113082885742,0.00019983402591156448,,,,,,,,,,,,,,,
sft_esm3_mlp_combined_qwen3_8b_it_0306_010408,640,0.06634530658788161,0.5969,1.9354,,0.729324996471405,0.00019982769340832102,,,,,,,,,,,,,,,
sft_esm3_mlp_combined_qwen3_8b_it_0306_010408,650,0.06738195200331727,0.5516,2.0989,,0.7392311096191406,0.00019982124245642897,,,,,,,,,,,,,,,
sft_esm3_mlp_combined_qwen3_8b_it_0306_010408,660,0.06841859741875292,0.5028,1.9254,,0.7492659091949463,0.00019981467306354268,,,,,,,,,,,,,,,
sft_esm3_mlp_combined_qwen3_8b_it_0306_010408,670,0.06945524283418857,0.612,2.0744,,0.727456271648407,0.0001998079852374569,,,,,,,,,,,,,,,
sft_esm3_mlp_combined_qwen3_8b_it_0306_010408,680,0.07049188824962421,0.5426,2.0233,,0.7283622622489929,0.00019980117898610693,,,,,,,,,,,,,,,
sft_esm3_mlp_combined_qwen3_8b_it_0306_010408,690,0.07152853366505986,0.5317,1.8661,,0.7862714529037476,0.0001997942543175686,,,,,,,,,,,,,,,
sft_esm3_mlp_combined_qwen3_8b_it_0306_010408,700,0.07256517908049552,0.542,2.0843,,0.6945693492889404,0.00019978721124005829,,,,,,,,,,,,,,,
sft_esm3_mlp_combined_qwen3_8b_it_0306_010408,710,0.07360182449593117,0.4946,1.9261,,0.8253354430198669,0.00019978004976193276,,,,,,,,,,,,,,,
sft_esm3_mlp_combined_qwen3_8b_it_0306_010408,720,0.07463846991136681,0.581,1.9868,,0.6637102365493774,0.00019977276989168935,,,,,,,,,,,,,,,
sft_esm3_mlp_combined_qwen3_8b_it_0306_010408,730,0.07567511532680246,0.5186,2.0403,,0.7598875164985657,0.0001997653716379659,,,,,,,,,,,,,,,
sft_esm3_mlp_combined_qwen3_8b_it_0306_010408,740,0.07671176074223812,0.4659,1.8606,,0.8395771980285645,0.0001997578550095406,,,,,,,,,,,,,,,
sft_esm3_mlp_combined_qwen3_8b_it_0306_010408,750,0.07774840615767377,0.6103,1.9454,,0.7267850637435913,0.0001997502200153322,,,,,,,,,,,,,,,
sft_esm3_mlp_combined_qwen3_8b_it_0306_010408,750,0.07774840615767377,0.7003,,0.5320937037467957,,,,,,,,,,,,,,,,,
sft_esm3_mlp_combined_qwen3_8b_it_0306_010408,760,0.07878505157310942,0.4464,1.9302,,0.9570785164833069,0.00019974246666439984,,,,,,,,,,,,,,,
sft_esm3_mlp_combined_qwen3_8b_it_0306_010408,770,0.07982169698854506,0.6174,1.8791,,0.7742958664894104,0.00019973459496594313,,,,,,,,,,,,,,,
sft_esm3_mlp_combined_qwen3_8b_it_0306_010408,780,0.08085834240398072,0.5435,2.0179,,0.6910203099250793,0.00019972660492930208,,,,,,,,,,,,,,,
sft_esm3_mlp_combined_qwen3_8b_it_0306_010408,790,0.08189498781941637,0.4807,1.8071,,0.8335652947425842,0.0001997184965639571,,,,,,,,,,,,,,,
sft_esm3_mlp_combined_qwen3_8b_it_0306_010408,800,0.08293163323485202,0.6281,1.9822,,0.7023150324821472,0.000199710269879529,,,,,,,,,,,,,,,
sft_esm3_mlp_combined_qwen3_8b_it_0306_010408,810,0.08396827865028766,0.568,1.9376,,0.7006340622901917,0.00019970192488577904,,,,,,,,,,,,,,,
sft_esm3_mlp_combined_qwen3_8b_it_0306_010408,820,0.08500492406572333,0.5507,1.8592,,0.7141260504722595,0.00019969346159260875,,,,,,,,,,,,,,,
sft_esm3_mlp_combined_qwen3_8b_it_0306_010408,830,0.08604156948115897,0.5265,2.0219,,0.7155256271362305,0.00019968488001006018,,,,,,,,,,,,,,,
sft_esm3_mlp_combined_qwen3_8b_it_0306_010408,840,0.08707821489659462,0.475,1.8624,,0.9267891645431519,0.0001996761801483156,,,,,,,,,,,,,,,
sft_esm3_mlp_combined_qwen3_8b_it_0306_010408,850,0.08811486031203027,0.5808,1.8863,,0.7530514001846313,0.00019966736201769764,,,,,,,,,,,,,,,
sft_esm3_mlp_combined_qwen3_8b_it_0306_010408,860,0.08915150572746593,0.5466,2.0027,,0.6936579942703247,0.00019965842562866932,,,,,,,,,,,,,,,
sft_esm3_mlp_combined_qwen3_8b_it_0306_010408,870,0.09018815114290157,0.4981,1.8239,,0.865389347076416,0.0001996493709918339,,,,,,,,,,,,,,,
sft_esm3_mlp_combined_qwen3_8b_it_0306_010408,880,0.09122479655833722,0.5309,1.9505,,0.6569825410842896,0.00019964019811793504,,,,,,,,,,,,,,,
sft_esm3_mlp_combined_qwen3_8b_it_0306_010408,890,0.09226144197377287,0.5515,1.9227,,0.9475608468055725,0.0001996309070178566,,,,,,,,,,,,,,,
sft_esm3_mlp_combined_qwen3_8b_it_0306_010408,900,0.09329808738920851,0.501,1.8612,,0.6945027112960815,0.00019962149770262277,,,,,,,,,,,,,,,
sft_esm3_mlp_combined_qwen3_8b_it_0306_010408,910,0.09433473280464418,0.4725,2.0147,,0.7207450270652771,0.000199611970183398,,,,,,,,,,,,,,,
sft_esm3_mlp_combined_qwen3_8b_it_0306_010408,920,0.09537137822007982,0.5113,1.8011,,0.7303964495658875,0.00019960232447148698,,,,,,,,,,,,,,,
sft_esm3_mlp_combined_qwen3_8b_it_0306_010408,930,0.09640802363551547,0.5743,1.9352,,0.7189365029335022,0.00019959256057833468,,,,,,,,,,,,,,,
sft_esm3_mlp_combined_qwen3_8b_it_0306_010408,940,0.09744466905095112,0.564,1.9573,,1.0661983489990234,0.0001995826785155262,,,,,,,,,,,,,,,
sft_esm3_mlp_combined_qwen3_8b_it_0306_010408,950,0.09848131446638678,0.509,1.8217,,0.8795206546783447,0.00019957267829478695,,,,,,,,,,,,,,,
sft_esm3_mlp_combined_qwen3_8b_it_0306_010408,960,0.09951795988182242,0.495,1.9686,,0.5997219085693359,0.0001995625599279825,,,,,,,,,,,,,,,
sft_esm3_mlp_combined_qwen3_8b_it_0306_010408,970,0.10055460529725807,0.5023,1.7828,,0.7824118733406067,0.00019955232342711856,,,,,,,,,,,,,,,
sft_esm3_mlp_combined_qwen3_8b_it_0306_010408,980,0.10159125071269372,0.5242,1.86,,0.7362295985221863,0.00019954196880434113,,,,,,,,,,,,,,,
sft_esm3_mlp_combined_qwen3_8b_it_0306_010408,990,0.10262789612812938,0.5243,1.9206,,0.6840612292289734,0.00019953149607193624,,,,,,,,,,,,,,,
sft_esm3_mlp_combined_qwen3_8b_it_0306_010408,1000,0.10366454154356503,0.5371,1.7712,,0.7092055082321167,0.00019952090524233014,,,,,,,,,,,,,,,
sft_esm3_mlp_combined_qwen3_8b_it_0306_010408,1000,0.10366454154356503,0.6482,,0.4988367557525635,,,,,,,,,,,,,,,,,
sft_esm3_mlp_combined_qwen3_8b_it_0306_010408,1010,0.10470118695900067,0.4901,1.915,,0.6061840653419495,0.00019951019632808917,,,,,,,,,,,,,,,
sft_esm3_mlp_combined_qwen3_8b_it_0306_010408,1020,0.10573783237443632,0.6172,1.8719,,0.7199432849884033,0.00019949936934191977,,,,,,,,,,,,,,,
sft_esm3_mlp_combined_qwen3_8b_it_0306_010408,1030,0.10677447778987198,0.5073,1.7997,,0.6785241365432739,0.0001994884242966685,,,,,,,,,,,,,,,
sft_esm3_mlp_combined_qwen3_8b_it_0306_010408,1040,0.10781112320530763,0.5374,1.9253,,0.6107747554779053,0.00019947736120532201,,,,,,,,,,,,,,,
sft_esm3_mlp_combined_qwen3_8b_it_0306_010408,1050,0.10884776862074327,0.5537,1.8137,,1.0984818935394287,0.000199466180081007,,,,,,,,,,,,,,,
sft_esm3_mlp_combined_qwen3_8b_it_0306_010408,1060,0.10988441403617892,0.5532,1.9318,,0.7486489415168762,0.0001994548809369902,,,,,,,,,,,,,,,
sft_esm3_mlp_combined_qwen3_8b_it_0306_010408,1070,0.11092105945161458,0.5995,1.8903,,0.7648125886917114,0.0001994434637866784,,,,,,,,,,,,,,,
sft_esm3_mlp_combined_qwen3_8b_it_0306_010408,1080,0.11195770486705023,0.5136,1.7595,,0.7651745676994324,0.0001994319286436184,,,,,,,,,,,,,,,
sft_esm3_mlp_combined_qwen3_8b_it_0306_010408,1090,0.11299435028248588,0.5054,1.9022,,0.5954151749610901,0.00019942027552149704,,,,,,,,,,,,,,,
sft_esm3_mlp_combined_qwen3_8b_it_0306_010408,1100,0.11403099569792152,0.57,1.8466,,0.7044882774353027,0.00019940850443414106,,,,,,,,,,,,,,,
sft_esm3_mlp_combined_qwen3_8b_it_0306_010408,1110,0.11506764111335718,0.4479,1.7724,,0.5729681253433228,0.00019939661539551727,,,,,,,,,,,,,,,
sft_esm3_mlp_combined_qwen3_8b_it_0306_010408,1120,0.11610428652879283,0.5073,1.7996,,0.6768608689308167,0.00019938460841973233,,,,,,,,,,,,,,,
sft_esm3_mlp_combined_qwen3_8b_it_0306_010408,1130,0.11714093194422848,0.4837,1.761,,0.7756224870681763,0.00019937248352103293,,,,,,,,,,,,,,,
sft_esm3_mlp_combined_qwen3_8b_it_0306_010408,1140,0.11817757735966412,0.469,1.8572,,0.6606464982032776,0.0001993602407138056,,,,,,,,,,,,,,,
sft_esm3_mlp_combined_qwen3_8b_it_0306_010408,1150,0.11921422277509977,0.5218,1.8256,,1.217366099357605,0.00019934788001257686,,,,,,,,,,,,,,,
sft_esm3_mlp_combined_qwen3_8b_it_0306_010408,1160,0.12025086819053543,0.5191,1.739,,0.8416107892990112,0.00019933540143201299,,,,,,,,,,,,,,,
sft_esm3_mlp_combined_qwen3_8b_it_0306_010408,1170,0.12128751360597108,0.5272,1.9158,,0.5926351547241211,0.0001993228049869203,,,,,,,,,,,,,,,
sft_esm3_mlp_combined_qwen3_8b_it_0306_010408,1180,0.12232415902140673,0.5528,1.785,,0.7487099766731262,0.00019931009069224477,,,,,,,,,,,,,,,
sft_esm3_mlp_combined_qwen3_8b_it_0306_010408,1190,0.12336080443684237,0.4975,1.7781,,0.6678456664085388,0.0001992972585630724,,,,,,,,,,,,,,,
sft_esm3_mlp_combined_qwen3_8b_it_0306_010408,1200,0.12439744985227803,0.5033,1.8282,,0.6739287972450256,0.00019928430861462885,,,,,,,,,,,,,,,
sft_esm3_mlp_combined_qwen3_8b_it_0306_010408,1210,0.12543409526771368,0.4547,1.6924,,0.8177048563957214,0.0001992712408622796,,,,,,,,,,,,,,,
sft_esm3_mlp_combined_qwen3_8b_it_0306_010408,1220,0.12647074068314934,0.5365,1.849,,0.6689705848693848,0.00019925805532153005,,,,,,,,,,,,,,,
sft_esm3_mlp_combined_qwen3_8b_it_0306_010408,1230,0.12750738609858497,0.5636,1.8669,,0.7194206714630127,0.00019924475200802517,,,,,,,,,,,,,,,
sft_esm3_mlp_combined_qwen3_8b_it_0306_010408,1240,0.12854403151402063,0.4676,1.7667,,0.6434730291366577,0.0001992313309375498,,,,,,,,,,,,,,,
sft_esm3_mlp_combined_qwen3_8b_it_0306_010408,1250,0.12958067692945627,0.4985,1.8154,,0.6916182041168213,0.0001992177921260284,,,,,,,,,,,,,,,
sft_esm3_mlp_combined_qwen3_8b_it_0306_010408,1250,0.12958067692945627,0.6121,,0.478902667760849,,,,,,,,,,,,,,,,,
sft_esm3_mlp_combined_qwen3_8b_it_0306_010408,1260,0.13061732234489193,0.461,1.7326,,0.8545060753822327,0.00019920413558952523,,,,,,,,,,,,,,,
sft_esm3_mlp_combined_qwen3_8b_it_0306_010408,1270,0.1316539677603276,0.4648,1.7578,,0.6922927498817444,0.00019919036134424415,,,,,,,,,,,,,,,
sft_esm3_mlp_combined_qwen3_8b_it_0306_010408,1280,0.13269061317576322,0.602,1.837,,0.5982839465141296,0.0001991764694065288,,,,,,,,,,,,,,,
sft_esm3_mlp_combined_qwen3_8b_it_0306_010408,1290,0.13372725859119888,0.4379,1.7102,,0.728273332118988,0.00019916245979286236,,,,,,,,,,,,,,,
sft_esm3_mlp_combined_qwen3_8b_it_0306_010408,1300,0.13476390400663454,0.5002,1.814,,0.5988628268241882,0.00019914833251986764,,,,,,,,,,,,,,,
sft_esm3_mlp_combined_qwen3_8b_it_0306_010408,1310,0.13580054942207018,0.5233,1.8747,,0.703936755657196,0.00019913408760430712,,,,,,,,,,,,,,,
sft_esm3_mlp_combined_qwen3_8b_it_0306_010408,1320,0.13683719483750584,0.4375,1.7156,,0.7485374808311462,0.00019911972506308283,,,,,,,,,,,,,,,
sft_esm3_mlp_combined_qwen3_8b_it_0306_010408,1330,0.13787384025294147,0.5862,1.8128,,0.6652365326881409,0.00019910524491323638,,,,,,,,,,,,,,,
sft_esm3_mlp_combined_qwen3_8b_it_0306_010408,1340,0.13891048566837713,0.3974,1.7508,,0.7511788606643677,0.00019909064717194886,,,,,,,,,,,,,,,
sft_esm3_mlp_combined_qwen3_8b_it_0306_010408,1350,0.1399471310838128,0.4939,1.7886,,0.6251723766326904,0.00019907593185654104,,,,,,,,,,,,,,,
sft_esm3_mlp_combined_qwen3_8b_it_0306_010408,1360,0.14098377649924843,0.548,1.8584,,0.6464528441429138,0.00019906109898447299,,,,,,,,,,,,,,,
sft_esm3_mlp_combined_qwen3_8b_it_0306_010408,1370,0.1420204219146841,0.4334,1.7375,,0.8200892806053162,0.00019904614857334444,,,,,,,,,,,,,,,
sft_esm3_mlp_combined_qwen3_8b_it_0306_010408,1380,0.14305706733011972,0.5131,1.7514,,0.6091346144676208,0.0001990310806408945,,,,,,,,,,,,,,,
sft_esm3_mlp_combined_qwen3_8b_it_0306_010408,1390,0.14409371274555538,0.4856,1.8151,,0.694347083568573,0.0001990158952050017,,,,,,,,,,,,,,,
sft_esm3_mlp_combined_qwen3_8b_it_0306_010408,1400,0.14513035816099104,0.4573,1.7097,,0.6623088121414185,0.00019900059228368413,,,,,,,,,,,,,,,
sft_esm3_mlp_combined_qwen3_8b_it_0306_010408,1410,0.14616700357642667,0.5873,1.7932,,0.5953468084335327,0.00019898517189509909,,,,,,,,,,,,,,,
sft_esm3_mlp_combined_qwen3_8b_it_0306_010408,1420,0.14720364899186233,0.4654,1.7638,,0.7936296463012695,0.00019896963405754335,,,,,,,,,,,,,,,
sft_esm3_mlp_combined_qwen3_8b_it_0306_010408,1430,0.148240294407298,0.4998,1.6823,,0.6534949541091919,0.0001989539787894531,,,,,,,,,,,,,,,
sft_esm3_mlp_combined_qwen3_8b_it_0306_010408,1440,0.14927693982273363,0.4743,1.8764,,0.7372329831123352,0.00019893820610940375,,,,,,,,,,,,,,,
sft_esm3_mlp_combined_qwen3_8b_it_0306_010408,1450,0.1503135852381693,0.4526,1.6609,,0.6888936161994934,0.00019892231603611007,,,,,,,,,,,,,,,
sft_esm3_mlp_combined_qwen3_8b_it_0306_010408,1460,0.15135023065360492,0.5098,1.7727,,0.5807368159294128,0.00019890630858842613,,,,,,,,,,,,,,,
sft_esm3_mlp_combined_qwen3_8b_it_0306_010408,1470,0.15238687606904058,0.4481,1.806,,0.8087381720542908,0.00019889018378534527,,,,,,,,,,,,,,,
sft_esm3_mlp_combined_qwen3_8b_it_0306_010408,1480,0.15342352148447624,0.4837,1.6816,,0.7055342197418213,0.0001988739416460001,,,,,,,,,,,,,,,
sft_esm3_mlp_combined_qwen3_8b_it_0306_010408,1490,0.15446016689991188,0.5122,1.7885,,0.5841509103775024,0.00019885758218966238,,,,,,,,,,,,,,,
sft_esm3_mlp_combined_qwen3_8b_it_0306_010408,1500,0.15549681231534754,0.425,1.7079,,0.7570723295211792,0.0001988411054357431,,,,,,,,,,,,,,,
sft_esm3_mlp_combined_qwen3_8b_it_0306_010408,1500,0.15549681231534754,0.5703,,0.46813926100730896,,,,,,,,,,,,,,,,,
sft_esm3_mlp_combined_qwen3_8b_it_0306_010408,1510,0.1565334577307832,0.5408,1.7155,,0.6262417435646057,0.00019882451140379245,,,,,,,,,,,,,,,
sft_esm3_mlp_combined_qwen3_8b_it_0306_010408,1520,0.15757010314621883,0.4505,1.8833,,0.776981770992279,0.00019880780011349977,,,,,,,,,,,,,,,
sft_esm3_mlp_combined_qwen3_8b_it_0306_010408,1530,0.1586067485616545,0.4386,1.656,,0.6885315179824829,0.00019879097158469354,,,,,,,,,,,,,,,
sft_esm3_mlp_combined_qwen3_8b_it_0306_010408,1540,0.15964339397709013,0.557,1.7687,,0.5667031407356262,0.00019877402583734133,,,,,,,,,,,,,,,
sft_esm3_mlp_combined_qwen3_8b_it_0306_010408,1550,0.1606800393925258,0.439,1.7258,,0.840660572052002,0.00019875696289154977,,,,,,,,,,,,,,,
sft_esm3_mlp_combined_qwen3_8b_it_0306_010408,1560,0.16171668480796145,0.5329,1.6764,,0.620904803276062,0.00019873978276756455,,,,,,,,,,,,,,,
sft_esm3_mlp_combined_qwen3_8b_it_0306_010408,1570,0.16275333022339708,0.48,1.7797,,0.6259306073188782,0.00019872248548577048,,,,,,,,,,,,,,,
sft_esm3_mlp_combined_qwen3_8b_it_0306_010408,1580,0.16378997563883274,0.4801,1.6889,,0.8286176919937134,0.0001987050710666913,,,,,,,,,,,,,,,
sft_esm3_mlp_combined_qwen3_8b_it_0306_010408,1590,0.16482662105426837,0.4992,1.7875,,0.6463592648506165,0.00019868753953098973,,,,,,,,,,,,,,,
sft_esm3_mlp_combined_qwen3_8b_it_0306_010408,1600,0.16586326646970403,0.507,1.766,,0.6497504711151123,0.00019866989089946748,,,,,,,,,,,,,,,
sft_esm3_mlp_combined_qwen3_8b_it_0306_010408,1610,0.1668999118851397,0.4859,1.672,,0.6135083436965942,0.00019865212519306523,,,,,,,,,,,,,,,
sft_esm3_mlp_combined_qwen3_8b_it_0306_010408,1620,0.16793655730057533,0.429,1.7703,,0.6345811486244202,0.00019863424243286252,,,,,,,,,,,,,,,
sft_esm3_mlp_combined_qwen3_8b_it_0306_010408,1630,0.168973202716011,0.5399,1.7189,,0.7583489418029785,0.00019861624264007785,,,,,,,,,,,,,,,
sft_esm3_mlp_combined_qwen3_8b_it_0306_010408,1640,0.17000984813144665,0.5138,1.7909,,0.6818904876708984,0.00019859812583606842,,,,,,,,,,,,,,,
sft_esm3_mlp_combined_qwen3_8b_it_0306_010408,1650,0.17104649354688228,0.5283,1.7437,,0.5658188462257385,0.0001985798920423305,,,,,,,,,,,,,,,
sft_esm3_mlp_combined_qwen3_8b_it_0306_010408,1660,0.17208313896231794,0.4079,1.6707,,0.6629351377487183,0.00019856154128049898,,,,,,,,,,,,,,,
sft_esm3_mlp_combined_qwen3_8b_it_0306_010408,1670,0.17311978437775358,0.5294,1.6762,,0.5747819542884827,0.0001985430735723476,,,,,,,,,,,,,,,
sft_esm3_mlp_combined_qwen3_8b_it_0306_010408,1680,0.17415642979318924,0.4653,1.8074,,0.7354751229286194,0.0001985244889397889,,,,,,,,,,,,,,,
sft_esm3_mlp_combined_qwen3_8b_it_0306_010408,1690,0.1751930752086249,0.4277,1.5974,,0.6773425340652466,0.00019850578740487413,,,,,,,,,,,,,,,
sft_esm3_mlp_combined_qwen3_8b_it_0306_010408,1700,0.17622972062406053,0.5035,1.7616,,0.568976879119873,0.00019848696898979319,,,,,,,,,,,,,,,
sft_esm3_mlp_combined_qwen3_8b_it_0306_010408,1710,0.1772663660394962,0.455,1.6645,,0.6456495523452759,0.0001984680337168748,,,,,,,,,,,,,,,
sft_esm3_mlp_combined_qwen3_8b_it_0306_010408,1720,0.17830301145493185,0.5373,1.6758,,0.644303023815155,0.00019844898160858616,,,,,,,,,,,,,,,
sft_esm3_mlp_combined_qwen3_8b_it_0306_010408,1730,0.1793396568703675,0.4916,1.8063,,0.6506118178367615,0.0001984298126875332,,,,,,,,,,,,,,,
sft_esm3_mlp_combined_qwen3_8b_it_0306_010408,1740,0.18037630228580315,0.4531,1.627,,0.6496635675430298,0.00019841052697646045,,,,,,,,,,,,,,,
sft_esm3_mlp_combined_qwen3_8b_it_0306_010408,1750,0.18141294770123878,0.5221,1.762,,0.5950310230255127,0.00019839112449825103,,,,,,,,,,,,,,,
sft_esm3_mlp_combined_qwen3_8b_it_0306_010408,1750,0.18141294770123878,0.5778,,0.4569070637226105,,,,,,,,,,,,,,,,,
sft_esm3_mlp_combined_qwen3_8b_it_0306_010408,1760,0.18244959311667444,0.4951,1.7125,,0.6920062899589539,0.00019837160527592658,,,,,,,,,,,,,,,
sft_esm3_mlp_combined_qwen3_8b_it_0306_010408,1770,0.1834862385321101,0.4573,1.6378,,0.6171823143959045,0.0001983519693326472,,,,,,,,,,,,,,,
sft_esm3_mlp_combined_qwen3_8b_it_0306_010408,1780,0.18452288394754573,0.5422,1.8146,,0.6371109485626221,0.00019833221669171162,,,,,,,,,,,,,,,
sft_esm3_mlp_combined_qwen3_8b_it_0306_010408,1790,0.1855595293629814,0.4142,1.6286,,0.6508997678756714,0.0001983123473765569,,,,,,,,,,,,,,,
sft_esm3_mlp_combined_qwen3_8b_it_0306_010408,1800,0.18659617477841703,0.5323,1.6548,,0.6336105465888977,0.00019829236141075867,,,,,,,,,,,,,,,
sft_esm3_mlp_combined_qwen3_8b_it_0306_010408,1810,0.1876328201938527,0.4935,1.787,,0.6687286496162415,0.0001982722588180308,,,,,,,,,,,,,,,
sft_esm3_mlp_combined_qwen3_8b_it_0306_010408,1820,0.18866946560928835,0.4133,1.6607,,0.6138908863067627,0.00019825203962222572,,,,,,,,,,,,,,,
sft_esm3_mlp_combined_qwen3_8b_it_0306_010408,1830,0.18970611102472398,0.541,1.7583,,0.527335524559021,0.00019823170384733406,,,,,,,,,,,,,,,
sft_esm3_mlp_combined_qwen3_8b_it_0306_010408,1840,0.19074275644015964,0.4042,1.7151,,0.723913311958313,0.00019821125151748493,,,,,,,,,,,,,,,
sft_esm3_mlp_combined_qwen3_8b_it_0306_010408,1850,0.1917794018555953,0.4936,1.6622,,0.6396729350090027,0.0001981906826569456,,,,,,,,,,,,,,,
sft_esm3_mlp_combined_qwen3_8b_it_0306_010408,1860,0.19281604727103094,0.4646,1.81,,0.7689152359962463,0.00019816999729012168,,,,,,,,,,,,,,,
sft_esm3_mlp_combined_qwen3_8b_it_0306_010408,1870,0.1938526926864666,0.4435,1.6245,,0.6804531216621399,0.00019814919544155696,,,,,,,,,,,,,,,
sft_esm3_mlp_combined_qwen3_8b_it_0306_010408,1880,0.19488933810190223,0.4732,1.7327,,0.641761064529419,0.00019812827713593353,,,,,,,,,,,,,,,
sft_esm3_mlp_combined_qwen3_8b_it_0306_010408,1890,0.1959259835173379,0.4599,1.6663,,0.7375545501708984,0.00019810724239807158,,,,,,,,,,,,,,,
sft_esm3_mlp_combined_qwen3_8b_it_0306_010408,1900,0.19696262893277355,0.4394,1.5903,,0.7022842764854431,0.00019808609125292946,,,,,,,,,,,,,,,
sft_esm3_mlp_combined_qwen3_8b_it_0306_010408,1910,0.1979992743482092,0.4519,1.7746,,0.6241915225982666,0.0001980648237256037,,,,,,,,,,,,,,,
sft_esm3_mlp_combined_qwen3_8b_it_0306_010408,1920,0.19903591976364485,0.4365,1.6212,,0.82956463098526,0.00019804343984132885,,,,,,,,,,,,,,,
sft_esm3_mlp_combined_qwen3_8b_it_0306_010408,1930,0.2000725651790805,0.5173,1.714,,0.6481196284294128,0.00019802193962547757,,,,,,,,,,,,,,,
sft_esm3_mlp_combined_qwen3_8b_it_0306_010408,1940,0.20110921059451614,0.446,1.7551,,0.5794398188591003,0.0001980003231035605,,,,,,,,,,,,,,,
sft_esm3_mlp_combined_qwen3_8b_it_0306_010408,1950,0.2021458560099518,0.4324,1.6407,,0.6686264276504517,0.00019797859030122635,,,,,,,,,,,,,,,
sft_esm3_mlp_combined_qwen3_8b_it_0306_010408,1960,0.20318250142538744,0.4759,1.7499,,0.6019099354743958,0.00019795674124426174,,,,,,,,,,,,,,,
sft_esm3_mlp_combined_qwen3_8b_it_0306_010408,1970,0.2042191468408231,0.4849,1.6853,,0.6358875632286072,0.00019793477595859125,,,,,,,,,,,,,,,
sft_esm3_mlp_combined_qwen3_8b_it_0306_010408,1980,0.20525579225625876,0.4292,1.6172,,0.6271407008171082,0.00019791269447027739,,,,,,,,,,,,,,,
sft_esm3_mlp_combined_qwen3_8b_it_0306_010408,1990,0.2062924376716944,0.4642,1.7569,,0.5699418187141418,0.0001978904968055205,,,,,,,,,,,,,,,
sft_esm3_mlp_combined_qwen3_8b_it_0306_010408,2000,0.20732908308713005,0.4431,1.5576,,0.824497640132904,0.00019786818299065884,,,,,,,,,,,,,,,
sft_esm3_mlp_combined_qwen3_8b_it_0306_010408,2000,0.20732908308713005,0.5773,,0.4440760910511017,,,,,,,,,,,,,,,,,
sft_esm3_mlp_combined_qwen3_8b_it_0306_010408,2010,0.20836572850256568,0.4451,1.7143,,0.5709652900695801,0.00019784575305216838,,,,,,,,,,,,,,,
sft_esm3_mlp_combined_qwen3_8b_it_0306_010408,2020,0.20940237391800134,0.4962,1.7029,,0.6852856278419495,0.00019782320701666303,,,,,,,,,,,,,,,
sft_esm3_mlp_combined_qwen3_8b_it_0306_010408,2030,0.210439019333437,0.4284,1.5754,,0.6364147663116455,0.00019780054491089425,,,,,,,,,,,,,,,
sft_esm3_mlp_combined_qwen3_8b_it_0306_010408,2040,0.21147566474887264,0.5015,1.7434,,0.5588940382003784,0.00019777776676175142,,,,,,,,,,,,,,,
sft_esm3_mlp_combined_qwen3_8b_it_0306_010408,2050,0.2125123101643083,0.5145,1.6866,,0.6777424812316895,0.00019775487259626146,,,,,,,,,,,,,,,
sft_esm3_mlp_combined_qwen3_8b_it_0306_010408,2060,0.21354895557974396,0.4379,1.6365,,0.6028539538383484,0.00019773186244158905,,,,,,,,,,,,,,,
sft_esm3_mlp_combined_qwen3_8b_it_0306_010408,2070,0.2145856009951796,0.475,1.6731,,0.5631822347640991,0.00019770873632503642,,,,,,,,,,,,,,,
sft_esm3_mlp_combined_qwen3_8b_it_0306_010408,2080,0.21562224641061525,0.4512,1.5973,,0.6185286045074463,0.00019768549427404342,,,,,,,,,,,,,,,
sft_esm3_mlp_combined_qwen3_8b_it_0306_010408,2090,0.2166588918260509,0.4226,1.7079,,0.5743542909622192,0.00019766213631618746,,,,,,,,,,,,,,,
sft_esm3_mlp_combined_qwen3_8b_it_0306_010408,2100,0.21769553724148655,0.5107,1.6906,,0.6394733786582947,0.00019763866247918355,,,,,,,,,,,,,,,
sft_esm3_mlp_combined_qwen3_8b_it_0306_010408,2110,0.2187321826569222,0.3738,1.57,,0.5991103649139404,0.00019761507279088402,,,,,,,,,,,,,,,
sft_esm3_mlp_combined_qwen3_8b_it_0306_010408,2120,0.21976882807235784,0.431,1.68,,0.5773212313652039,0.00019759136727927885,,,,,,,,,,,,,,,
sft_esm3_mlp_combined_qwen3_8b_it_0306_010408,2130,0.2208054734877935,0.5253,1.6819,,0.7491353154182434,0.0001975675459724953,,,,,,,,,,,,,,,
sft_esm3_mlp_combined_qwen3_8b_it_0306_010408,2140,0.22184211890322916,0.4702,1.6608,,0.5846356749534607,0.00019754360889879814,,,,,,,,,,,,,,,
sft_esm3_mlp_combined_qwen3_8b_it_0306_010408,2150,0.2228787643186648,0.4801,1.6656,,0.5765239596366882,0.0001975195560865894,,,,,,,,,,,,,,,
sft_esm3_mlp_combined_qwen3_8b_it_0306_010408,2160,0.22391540973410046,0.3677,1.6201,,0.6674190163612366,0.0001974953875644085,,,,,,,,,,,,,,,
sft_esm3_mlp_combined_qwen3_8b_it_0306_010408,2170,0.2249520551495361,0.4733,1.6377,,0.58744215965271,0.00019747110336093218,,,,,,,,,,,,,,,
sft_esm3_mlp_combined_qwen3_8b_it_0306_010408,2180,0.22598870056497175,0.4761,1.7261,,0.8623985648155212,0.00019744670350497437,,,,,,,,,,,,,,,
sft_esm3_mlp_combined_qwen3_8b_it_0306_010408,2190,0.2270253459804074,0.4242,1.5598,,0.5921305418014526,0.00019742218802548623,,,,,,,,,,,,,,,
sft_esm3_mlp_combined_qwen3_8b_it_0306_010408,2200,0.22806199139584304,0.54,1.6857,,0.5579861998558044,0.0001973975569515562,,,,,,,,,,,,,,,
sft_esm3_mlp_combined_qwen3_8b_it_0306_010408,2210,0.2290986368112787,0.4177,1.6723,,0.7726428508758545,0.00019737281031240975,,,,,,,,,,,,,,,
sft_esm3_mlp_combined_qwen3_8b_it_0306_010408,2220,0.23013528222671437,0.4946,1.6167,,0.6033894419670105,0.00019734794813740955,,,,,,,,,,,,,,,
sft_esm3_mlp_combined_qwen3_8b_it_0306_010408,2230,0.23117192764215,0.5178,1.743,,0.65590500831604,0.00019732297045605535,,,,,,,,,,,,,,,
sft_esm3_mlp_combined_qwen3_8b_it_0306_010408,2240,0.23220857305758566,0.4152,1.5945,,0.5900640487670898,0.00019729787729798394,,,,,,,,,,,,,,,
sft_esm3_mlp_combined_qwen3_8b_it_0306_010408,2250,0.2332452184730213,0.4491,1.6306,,0.5701109170913696,0.00019727266869296912,,,,,,,,,,,,,,,
sft_esm3_mlp_combined_qwen3_8b_it_0306_010408,2250,0.2332452184730213,0.5389,,0.43708017468452454,,,,,,,,,,,,,,,,,
sft_esm3_mlp_combined_qwen3_8b_it_0306_010408,2260,0.23428186388845695,0.4733,1.7882,,0.6920375823974609,0.0001972473446709217,,,,,,,,,,,,,,,
sft_esm3_mlp_combined_qwen3_8b_it_0306_010408,2270,0.23531850930389261,0.4191,1.54,,0.6742355227470398,0.0001972219052618894,,,,,,,,,,,,,,,
sft_esm3_mlp_combined_qwen3_8b_it_0306_010408,2280,0.23635515471932825,0.4771,1.7401,,0.6510651707649231,0.00019719635049605686,,,,,,,,,,,,,,,
sft_esm3_mlp_combined_qwen3_8b_it_0306_010408,2290,0.2373918001347639,0.433,1.6821,,4.620326042175293,0.0001971706804037456,,,,,,,,,,,,,,,
sft_esm3_mlp_combined_qwen3_8b_it_0306_010408,2300,0.23842844555019954,0.4872,1.5863,,0.6375514268875122,0.000197144895015414,,,,,,,,,,,,,,,
sft_esm3_mlp_combined_qwen3_8b_it_0306_010408,2310,0.2394650909656352,0.4354,1.7392,,0.6742386221885681,0.00019711899436165723,,,,,,,,,,,,,,,
sft_esm3_mlp_combined_qwen3_8b_it_0306_010408,2320,0.24050173638107086,0.4179,1.5931,,0.6115943193435669,0.0001970929784732072,,,,,,,,,,,,,,,
sft_esm3_mlp_combined_qwen3_8b_it_0306_010408,2330,0.2415383817965065,0.4758,1.6805,,0.5786077976226807,0.0001970668473809325,,,,,,,,,,,,,,,
sft_esm3_mlp_combined_qwen3_8b_it_0306_010408,2340,0.24257502721194216,0.4982,1.6829,,0.7015663981437683,0.0001970406011158386,,,,,,,,,,,,,,,
sft_esm3_mlp_combined_qwen3_8b_it_0306_010408,2350,0.24361167262737782,0.4373,1.5538,,0.6167076826095581,0.00019701423970906745,,,,,,,,,,,,,,,
sft_esm3_mlp_combined_qwen3_8b_it_0306_010408,2360,0.24464831804281345,0.4733,1.7256,,0.5213825106620789,0.00019698776319189768,,,,,,,,,,,,,,,
sft_esm3_mlp_combined_qwen3_8b_it_0306_010408,2370,0.2456849634582491,0.4266,1.5979,,0.6636963486671448,0.00019696117159574445,,,,,,,,,,,,,,,
sft_esm3_mlp_combined_qwen3_8b_it_0306_010408,2380,0.24672160887368474,0.5087,1.6263,,0.6107097864151001,0.00019693446495215963,,,,,,,,,,,,,,,
sft_esm3_mlp_combined_qwen3_8b_it_0306_010408,2390,0.2477582542891204,0.4684,1.7156,,0.5536463260650635,0.00019690764329283135,,,,,,,,,,,,,,,
sft_esm3_mlp_combined_qwen3_8b_it_0306_010408,2400,0.24879489970455607,0.4051,1.5056,,0.7294474244117737,0.00019688070664958441,,,,,,,,,,,,,,,
sft_esm3_mlp_combined_qwen3_8b_it_0306_010408,2410,0.2498315451199917,0.4636,1.6717,,0.5273503065109253,0.00019685365505437994,,,,,,,,,,,,,,,
sft_esm3_mlp_combined_qwen3_8b_it_0306_010408,2420,0.25086819053542736,0.4397,1.7133,,0.6618818640708923,0.0001968264885393155,,,,,,,,,,,,,,,
sft_esm3_mlp_combined_qwen3_8b_it_0306_010408,2430,0.251904835950863,0.4696,1.5627,,0.633318305015564,0.00019679920713662504,,,,,,,,,,,,,,,
sft_esm3_mlp_combined_qwen3_8b_it_0306_010408,2440,0.2529414813662987,0.4128,1.7119,,0.5928648710250854,0.00019677181087867873,,,,,,,,,,,,,,,
sft_esm3_mlp_combined_qwen3_8b_it_0306_010408,2450,0.2539781267817343,0.423,1.5924,,0.7312642931938171,0.00019674429979798315,,,,,,,,,,,,,,,
sft_esm3_mlp_combined_qwen3_8b_it_0306_010408,2460,0.25501477219716995,0.5082,1.6335,,0.5672817230224609,0.00019671667392718098,,,,,,,,,,,,,,,
sft_esm3_mlp_combined_qwen3_8b_it_0306_010408,2470,0.2560514176126056,0.4604,1.6872,,0.5839261412620544,0.00019668893329905117,,,,,,,,,,,,,,,
sft_esm3_mlp_combined_qwen3_8b_it_0306_010408,2480,0.25708806302804127,0.4378,1.5505,,0.6403946876525879,0.00019666107794650891,,,,,,,,,,,,,,,
sft_esm3_mlp_combined_qwen3_8b_it_0306_010408,2490,0.2581247084434769,0.5095,1.7128,,0.5693321228027344,0.00019663310790260537,,,,,,,,,,,,,,,
sft_esm3_mlp_combined_qwen3_8b_it_0306_010408,2500,0.25916135385891254,0.4502,1.6093,,0.6265734434127808,0.0001966050232005279,,,,,,,,,,,,,,,
sft_esm3_mlp_combined_qwen3_8b_it_0306_010408,2500,0.25916135385891254,0.5253,,0.4308350384235382,,,,,,,,,,,,,,,,,
sft_esm3_mlp_combined_qwen3_8b_it_0306_010408,2510,0.2601979992743482,0.4756,1.5709,,0.7657956480979919,0.00019657682387359989,,,,,,,,,,,,,,,
sft_esm3_mlp_combined_qwen3_8b_it_0306_010408,2520,0.26123464468978386,0.4399,1.6673,,0.5971217751502991,0.00019654850995528062,,,,,,,,,,,,,,,
sft_esm3_mlp_combined_qwen3_8b_it_0306_010408,2530,0.2622712901052195,0.4402,1.5817,,0.6403796076774597,0.00019652008147916553,,,,,,,,,,,,,,,
sft_esm3_mlp_combined_qwen3_8b_it_0306_010408,2540,0.2633079355206552,0.4562,1.6555,,0.5796261429786682,0.00019649153847898587,,,,,,,,,,,,,,,
sft_esm3_mlp_combined_qwen3_8b_it_0306_010408,2550,0.2643445809360908,0.4917,1.6496,,0.6082628965377808,0.00019646288098860876,,,,,,,,,,,,,,,
sft_esm3_mlp_combined_qwen3_8b_it_0306_010408,2560,0.26538122635152644,0.4014,1.5695,,0.7472825050354004,0.0001964341090420372,,,,,,,,,,,,,,,
sft_esm3_mlp_combined_qwen3_8b_it_0306_010408,2570,0.26641787176696213,0.5125,1.658,,0.5848101377487183,0.00019640522267341,,,,,,,,,,,,,,,
sft_esm3_mlp_combined_qwen3_8b_it_0306_010408,2580,0.26745451718239777,0.4411,1.6559,,0.6226806640625,0.0001963762219170018,,,,,,,,,,,,,,,
sft_esm3_mlp_combined_qwen3_8b_it_0306_010408,2590,0.2684911625978334,0.4426,1.5194,,0.5810574889183044,0.00019634710680722282,,,,,,,,,,,,,,,
sft_esm3_mlp_combined_qwen3_8b_it_0306_010408,2600,0.2695278080132691,0.4923,1.688,,0.6613352298736572,0.00019631787737861903,,,,,,,,,,,,,,,
sft_esm3_mlp_combined_qwen3_8b_it_0306_010408,2610,0.2705644534287047,0.4525,1.5948,,0.7494983077049255,0.0001962885336658721,,,,,,,,,,,,,,,
sft_esm3_mlp_combined_qwen3_8b_it_0306_010408,2620,0.27160109884414035,0.4136,1.5862,,0.5907981395721436,0.0001962590757037992,,,,,,,,,,,,,,,
sft_esm3_mlp_combined_qwen3_8b_it_0306_010408,2630,0.272637744259576,0.487,1.6341,,0.49345770478248596,0.00019622950352735316,,,,,,,,,,,,,,,
sft_esm3_mlp_combined_qwen3_8b_it_0306_010408,2640,0.2736743896750117,0.4321,1.5329,,0.601572573184967,0.0001961998171716223,,,,,,,,,,,,,,,
sft_esm3_mlp_combined_qwen3_8b_it_0306_010408,2650,0.2747110350904473,0.4162,1.6911,,0.5793704390525818,0.00019617001667183033,,,,,,,,,,,,,,,
sft_esm3_mlp_combined_qwen3_8b_it_0306_010408,2660,0.27574768050588294,0.4929,1.6346,,0.6810295581817627,0.00019614010206333652,,,,,,,,,,,,,,,
sft_esm3_mlp_combined_qwen3_8b_it_0306_010408,2670,0.27678432592131863,0.4078,1.5607,,0.6329342126846313,0.00019611007338163545,,,,,,,,,,,,,,,
sft_esm3_mlp_combined_qwen3_8b_it_0306_010408,2680,0.27782097133675426,0.4705,1.6581,,0.5471596121788025,0.0001960799306623571,,,,,,,,,,,,,,,
sft_esm3_mlp_combined_qwen3_8b_it_0306_010408,2690,0.2788576167521899,0.467,1.539,,0.6904300451278687,0.00019604967394126673,,,,,,,,,,,,,,,
sft_esm3_mlp_combined_qwen3_8b_it_0306_010408,2700,0.2798942621676256,0.5622,1.5961,,0.5960335731506348,0.0001960193032542649,,,,,,,,,,,,,,,
sft_esm3_mlp_combined_qwen3_8b_it_0306_010408,2710,0.2809309075830612,0.4227,1.6488,,0.5296673774719238,0.0001959888186373873,,,,,,,,,,,,,,,
sft_esm3_mlp_combined_qwen3_8b_it_0306_010408,2720,0.28196755299849685,0.4381,1.5332,,0.6403321623802185,0.00019595822012680498,,,,,,,,,,,,,,,
sft_esm3_mlp_combined_qwen3_8b_it_0306_010408,2730,0.28300419841393254,0.4341,1.6344,,0.567141056060791,0.00019592750775882393,,,,,,,,,,,,,,,
sft_esm3_mlp_combined_qwen3_8b_it_0306_010408,2740,0.2840408438293682,0.4324,1.6409,,0.6977913975715637,0.00019589668156988537,,,,,,,,,,,,,,,
sft_esm3_mlp_combined_qwen3_8b_it_0306_010408,2750,0.2850774892448038,0.4483,1.5643,,0.5919944047927856,0.0001958657415965655,,,,,,,,,,,,,,,
sft_esm3_mlp_combined_qwen3_8b_it_0306_010408,2750,0.2850774892448038,0.5447,,0.42644181847572327,,,,,,,,,,,,,,,,,
sft_esm3_mlp_combined_qwen3_8b_it_0306_010408,2760,0.28611413466023944,0.4339,1.6718,,0.5566091537475586,0.00019583468787557557,,,,,,,,,,,,,,,
sft_esm3_mlp_combined_qwen3_8b_it_0306_010408,2770,0.2871507800756751,0.4186,1.5332,,0.6896963119506836,0.00019580352044376177,,,,,,,,,,,,,,,
sft_esm3_mlp_combined_qwen3_8b_it_0306_010408,2780,0.28818742549111076,0.4394,1.6333,,0.6278589367866516,0.00019577223933810528,,,,,,,,,,,,,,,
sft_esm3_mlp_combined_qwen3_8b_it_0306_010408,2790,0.2892240709065464,0.4421,1.6807,,0.630159854888916,0.00019574084459572202,,,,,,,,,,,,,,,
sft_esm3_mlp_combined_qwen3_8b_it_0306_010408,2800,0.2902607163219821,0.4311,1.5361,,0.5983289480209351,0.00019570933625386285,,,,,,,,,,,,,,,
sft_esm3_mlp_combined_qwen3_8b_it_0306_010408,2810,0.2912973617374177,0.4639,1.6674,,0.514384925365448,0.00019567771434991343,,,,,,,,,,,,,,,
sft_esm3_mlp_combined_qwen3_8b_it_0306_010408,2820,0.29233400715285335,0.4979,1.6062,,0.6118561625480652,0.00019564597892139407,,,,,,,,,,,,,,,
sft_esm3_mlp_combined_qwen3_8b_it_0306_010408,2830,0.29337065256828904,0.4315,1.5394,,0.5998656749725342,0.00019561413000595987,,,,,,,,,,,,,,,
sft_esm3_mlp_combined_qwen3_8b_it_0306_010408,2840,0.29440729798372467,0.4349,1.6809,,0.5386484265327454,0.00019558216764140057,,,,,,,,,,,,,,,
sft_esm3_mlp_combined_qwen3_8b_it_0306_010408,2850,0.2954439433991603,0.4457,1.5686,,0.7221664190292358,0.00019555009186564046,,,,,,,,,,,,,,,
sft_esm3_mlp_combined_qwen3_8b_it_0306_010408,2860,0.296480588814596,0.5049,1.655,,0.542188286781311,0.0001955179027167385,,,,,,,,,,,,,,,
sft_esm3_mlp_combined_qwen3_8b_it_0306_010408,2870,0.2975172342300316,0.4949,1.6461,,0.6028952598571777,0.00019548560023288807,,,,,,,,,,,,,,,
sft_esm3_mlp_combined_qwen3_8b_it_0306_010408,2880,0.29855387964546726,0.4368,1.5457,,0.5765940546989441,0.00019545318445241705,,,,,,,,,,,,,,,
sft_esm3_mlp_combined_qwen3_8b_it_0306_010408,2890,0.29959052506090295,0.4741,1.6709,,0.5629331469535828,0.0001954206554137878,,,,,,,,,,,,,,,
sft_esm3_mlp_combined_qwen3_8b_it_0306_010408,2900,0.3006271704763386,0.4758,1.6761,,0.6995649933815002,0.00019538801315559706,,,,,,,,,,,,,,,
sft_esm3_mlp_combined_qwen3_8b_it_0306_010408,2910,0.3016638158917742,0.4607,1.5409,,0.6206335425376892,0.0001953552577165758,,,,,,,,,,,,,,,
sft_esm3_mlp_combined_qwen3_8b_it_0306_010408,2920,0.30270046130720984,0.4253,1.6912,,0.573845624923706,0.00019532238913558942,,,,,,,,,,,,,,,
sft_esm3_mlp_combined_qwen3_8b_it_0306_010408,2930,0.30373710672264553,0.41,1.543,,0.6572516560554504,0.0001952894074516375,,,,,,,,,,,,,,,
sft_esm3_mlp_combined_qwen3_8b_it_0306_010408,2940,0.30477375213808117,0.4785,1.6238,,0.5932513475418091,0.0001952563127038538,,,,,,,,,,,,,,,
sft_esm3_mlp_combined_qwen3_8b_it_0306_010408,2950,0.3058103975535168,0.4569,1.6512,,0.5900197625160217,0.00019522310493150634,,,,,,,,,,,,,,,
sft_esm3_mlp_combined_qwen3_8b_it_0306_010408,2960,0.3068470429689525,0.4154,1.5002,,0.6107557415962219,0.00019518978417399708,,,,,,,,,,,,,,,
sft_esm3_mlp_combined_qwen3_8b_it_0306_010408,2970,0.3078836883843881,0.4538,1.6238,,0.5245757699012756,0.00019515635047086217,,,,,,,,,,,,,,,
sft_esm3_mlp_combined_qwen3_8b_it_0306_010408,2980,0.30892033379982375,0.4508,1.5828,,0.6861737370491028,0.00019512280386177174,,,,,,,,,,,,,,,
sft_esm3_mlp_combined_qwen3_8b_it_0306_010408,2990,0.30995697921525944,0.4647,1.5571,,0.6240400671958923,0.00019508914438652985,,,,,,,,,,,,,,,
sft_esm3_mlp_combined_qwen3_8b_it_0306_010408,3000,0.3109936246306951,0.4634,1.6756,,0.5213919281959534,0.00019505537208507455,,,,,,,,,,,,,,,
sft_esm3_mlp_combined_qwen3_8b_it_0306_010408,3000,0.3109936246306951,0.5459,,0.4206724762916565,,,,,,,,,,,,,,,,,
sft_esm3_mlp_combined_qwen3_8b_it_0306_010408,3010,0.3120302700461307,0.4008,1.5243,,0.6236351132392883,0.0001950214869974777,,,,,,,,,,,,,,,
sft_esm3_mlp_combined_qwen3_8b_it_0306_010408,3020,0.3130669154615664,0.4874,1.6019,,0.5509400367736816,0.00019498748916394498,,,,,,,,,,,,,,,
sft_esm3_mlp_combined_qwen3_8b_it_0306_010408,3030,0.31410356087700203,0.4332,1.6877,,0.7464199662208557,0.00019495337862481592,,,,,,,,,,,,,,,
sft_esm3_mlp_combined_qwen3_8b_it_0306_010408,3040,0.31514020629243766,0.398,1.5109,,0.5909199118614197,0.0001949191554205637,,,,,,,,,,,,,,,
sft_esm3_mlp_combined_qwen3_8b_it_0306_010408,3050,0.3161768517078733,0.444,1.6044,,0.576878547668457,0.00019488481959179524,,,,,,,,,,,,,,,
sft_esm3_mlp_combined_qwen3_8b_it_0306_010408,3060,0.317213497123309,0.4715,1.5879,,0.6950360536575317,0.00019485037117925104,,,,,,,,,,,,,,,
sft_esm3_mlp_combined_qwen3_8b_it_0306_010408,3070,0.3182501425387446,0.4828,1.5183,,0.5679594874382019,0.00019481581022380521,,,,,,,,,,,,,,,
sft_esm3_mlp_combined_qwen3_8b_it_0306_010408,3080,0.31928678795418025,0.415,1.6243,,0.5191779136657715,0.00019478113676646539,,,,,,,,,,,,,,,
sft_esm3_mlp_combined_qwen3_8b_it_0306_010408,3090,0.32032343336961594,0.4375,1.5512,,0.6250690817832947,0.00019474635084837272,,,,,,,,,,,,,,,
sft_esm3_mlp_combined_qwen3_8b_it_0306_010408,3100,0.3213600787850516,0.4538,1.6358,,0.6077860593795776,0.00019471145251080175,,,,,,,,,,,,,,,
sft_esm3_mlp_combined_qwen3_8b_it_0306_010408,3110,0.3223967242004872,0.4191,1.6513,,0.6034262776374817,0.0001946764417951605,,,,,,,,,,,,,,,
sft_esm3_mlp_combined_qwen3_8b_it_0306_010408,3120,0.3234333696159229,0.4273,1.5026,,0.6564921140670776,0.00019464131874299015,,,,,,,,,,,,,,,
sft_esm3_mlp_combined_qwen3_8b_it_0306_010408,3130,0.3244700150313585,0.4924,1.5945,,0.5298018455505371,0.0001946060833959654,,,,,,,,,,,,,,,
sft_esm3_mlp_combined_qwen3_8b_it_0306_010408,3140,0.32550666044679416,0.5051,1.6627,,0.6471084356307983,0.00019457073579589405,,,,,,,,,,,,,,,
sft_esm3_mlp_combined_qwen3_8b_it_0306_010408,3150,0.32654330586222985,0.4351,1.501,,0.5975656509399414,0.00019453527598471712,,,,,,,,,,,,,,,
sft_esm3_mlp_combined_qwen3_8b_it_0306_010408,3160,0.3275799512776655,0.4451,1.654,,0.536069929599762,0.0001944997040045087,,,,,,,,,,,,,,,
sft_esm3_mlp_combined_qwen3_8b_it_0306_010408,3170,0.3286165966931011,0.4038,1.5462,,0.6567459106445312,0.00019446401989747618,,,,,,,,,,,,,,,
sft_esm3_mlp_combined_qwen3_8b_it_0306_010408,3180,0.32965324210853675,0.4488,1.5578,,0.5884658098220825,0.00019442822370595975,,,,,,,,,,,,,,,
sft_esm3_mlp_combined_qwen3_8b_it_0306_010408,3190,0.33068988752397244,0.4503,1.6861,,0.634429931640625,0.00019439231547243276,,,,,,,,,,,,,,,
sft_esm3_mlp_combined_qwen3_8b_it_0306_010408,3200,0.33172653293940807,0.4003,1.5252,,0.7178120613098145,0.00019435629523950138,,,,,,,,,,,,,,,
sft_esm3_mlp_combined_qwen3_8b_it_0306_010408,3210,0.3327631783548437,0.443,1.6191,,0.5280889868736267,0.0001943201630499048,,,,,,,,,,,,,,,
sft_esm3_mlp_combined_qwen3_8b_it_0306_010408,3220,0.3337998237702794,0.4531,1.6425,,0.7186868190765381,0.00019428391894651498,,,,,,,,,,,,,,,
sft_esm3_mlp_combined_qwen3_8b_it_0306_010408,3230,0.334836469185715,0.4364,1.5117,,0.5586583018302917,0.00019424756297233657,,,,,,,,,,,,,,,
sft_esm3_mlp_combined_qwen3_8b_it_0306_010408,3240,0.33587311460115066,0.4632,1.6854,,0.5110188126564026,0.00019421109517050718,,,,,,,,,,,,,,,
sft_esm3_mlp_combined_qwen3_8b_it_0306_010408,3250,0.33690976001658635,0.3974,1.5006,,0.7613301873207092,0.00019417451558429694,,,,,,,,,,,,,,,
sft_esm3_mlp_combined_qwen3_8b_it_0306_010408,3250,0.33690976001658635,0.5082,,0.42026960849761963,,,,,,,,,,,,,,,,,
sft_esm3_mlp_combined_qwen3_8b_it_0306_010408,3260,0.337946405432022,0.4794,1.583,,0.609120786190033,0.00019413782425710863,,,,,,,,,,,,,,,
sft_esm3_mlp_combined_qwen3_8b_it_0306_010408,3270,0.3389830508474576,0.4489,1.6379,,0.5253788232803345,0.00019410102123247768,,,,,,,,,,,,,,,
sft_esm3_mlp_combined_qwen3_8b_it_0306_010408,3280,0.3400196962628933,0.4234,1.5008,,0.6471748352050781,0.00019406410655407202,,,,,,,,,,,,,,,
sft_esm3_mlp_combined_qwen3_8b_it_0306_010408,3290,0.34105634167832893,0.4494,1.6148,,0.5241298079490662,0.00019402708026569203,,,,,,,,,,,,,,,
sft_esm3_mlp_combined_qwen3_8b_it_0306_010408,3300,0.34209298709376457,0.48,1.6551,,0.6631320714950562,0.0001939899424112706,,,,,,,,,,,,,,,
sft_esm3_mlp_combined_qwen3_8b_it_0306_010408,3310,0.34312963250920026,0.3817,1.5301,,0.6054807901382446,0.00019395269303487287,,,,,,,,,,,,,,,
sft_esm3_mlp_combined_qwen3_8b_it_0306_010408,3320,0.3441662779246359,0.4126,1.6184,,0.5235105752944946,0.00019391533218069643,,,,,,,,,,,,,,,
sft_esm3_mlp_combined_qwen3_8b_it_0306_010408,3330,0.3452029233400715,0.4414,1.5304,,0.5692247748374939,0.0001938778598930711,,,,,,,,,,,,,,,
sft_esm3_mlp_combined_qwen3_8b_it_0306_010408,3340,0.34623956875550715,0.4244,1.5675,,0.5791975855827332,0.00019384027621645889,,,,,,,,,,,,,,,
sft_esm3_mlp_combined_qwen3_8b_it_0306_010408,3350,0.34727621417094284,0.4734,1.5952,,0.637232780456543,0.00019380258119545399,,,,,,,,,,,,,,,
sft_esm3_mlp_combined_qwen3_8b_it_0306_010408,3360,0.3483128595863785,0.3999,1.5054,,0.5498738884925842,0.00019376477487478272,,,,,,,,,,,,,,,
sft_esm3_mlp_combined_qwen3_8b_it_0306_010408,3370,0.3493495050018141,0.444,1.5844,,0.5474360585212708,0.00019372685729930343,,,,,,,,,,,,,,,
sft_esm3_mlp_combined_qwen3_8b_it_0306_010408,3380,0.3503861504172498,0.4675,1.5672,,0.7679764628410339,0.00019368882851400653,,,,,,,,,,,,,,,
sft_esm3_mlp_combined_qwen3_8b_it_0306_010408,3390,0.35142279583268543,0.382,1.5878,,0.5915052890777588,0.00019365068856401428,,,,,,,,,,,,,,,
sft_esm3_mlp_combined_qwen3_8b_it_0306_010408,3400,0.35245944124812106,0.4772,1.5993,,0.5358601212501526,0.000193612437494581,,,,,,,,,,,,,,,
sft_esm3_mlp_combined_qwen3_8b_it_0306_010408,3410,0.35349608666355675,0.3526,1.5336,,0.5532149076461792,0.00019357407535109276,,,,,,,,,,,,,,,
sft_esm3_mlp_combined_qwen3_8b_it_0306_010408,3420,0.3545327320789924,0.484,1.5659,,0.5941175818443298,0.00019353560217906735,,,,,,,,,,,,,,,
sft_esm3_mlp_combined_qwen3_8b_it_0306_010408,3430,0.355569377494428,0.4933,1.6665,,0.8485034704208374,0.00019349701802415446,,,,,,,,,,,,,,,
sft_esm3_mlp_combined_qwen3_8b_it_0306_010408,3440,0.3566060229098637,0.3897,1.4663,,0.5606885552406311,0.00019345832293213535,,,,,,,,,,,,,,,
sft_esm3_mlp_combined_qwen3_8b_it_0306_010408,3450,0.35764266832529934,0.4934,1.557,,0.5138546824455261,0.00019341951694892292,,,,,,,,,,,,,,,
sft_esm3_mlp_combined_qwen3_8b_it_0306_010408,3460,0.358679313740735,0.4135,1.5773,,0.721886932849884,0.00019338060012056177,,,,,,,,,,,,,,,
sft_esm3_mlp_combined_qwen3_8b_it_0306_010408,3470,0.3597159591561706,0.4118,1.573,,0.6857011914253235,0.0001933415724932278,,,,,,,,,,,,,,,
sft_esm3_mlp_combined_qwen3_8b_it_0306_010408,3480,0.3607526045716063,0.4736,1.5885,,0.5203754901885986,0.00019330243411322856,,,,,,,,,,,,,,,
sft_esm3_mlp_combined_qwen3_8b_it_0306_010408,3490,0.3617892499870419,0.371,1.5184,,0.6174993515014648,0.00019326318502700294,,,,,,,,,,,,,,,
sft_esm3_mlp_combined_qwen3_8b_it_0306_010408,3500,0.36282589540247756,0.4266,1.5768,,0.5419466495513916,0.0001932238252811212,,,,,,,,,,,,,,,
sft_esm3_mlp_combined_qwen3_8b_it_0306_010408,3500,0.36282589540247756,0.4887,,0.41335898637771606,,,,,,,,,,,,,,,,,
sft_esm3_mlp_combined_qwen3_8b_it_0306_010408,3510,0.36386254081791325,0.4393,1.5944,,0.589100182056427,0.0001931843549222849,,,,,,,,,,,,,,,
sft_esm3_mlp_combined_qwen3_8b_it_0306_010408,3520,0.3648991862333489,0.3682,1.5147,,0.6761285066604614,0.0001931447739973268,,,,,,,,,,,,,,,
sft_esm3_mlp_combined_qwen3_8b_it_0306_010408,3530,0.3659358316487845,0.4101,1.5921,,0.5551846623420715,0.00019310508255321093,,,,,,,,,,,,,,,
sft_esm3_mlp_combined_qwen3_8b_it_0306_010408,3540,0.3669724770642202,0.4211,1.5532,,0.7325056195259094,0.00019306528063703246,,,,,,,,,,,,,,,
sft_esm3_mlp_combined_qwen3_8b_it_0306_010408,3550,0.36800912247965584,0.4251,1.5546,,0.580591082572937,0.0001930253682960175,,,,,,,,,,,,,,,
sft_esm3_mlp_combined_qwen3_8b_it_0306_010408,3560,0.36904576789509147,0.4763,1.6524,,0.5821804404258728,0.00019298534557752337,,,,,,,,,,,,,,,
sft_esm3_mlp_combined_qwen3_8b_it_0306_010408,3570,0.37008241331052716,0.3897,1.5145,,0.6064778566360474,0.0001929452125290382,,,,,,,,,,,,,,,
sft_esm3_mlp_combined_qwen3_8b_it_0306_010408,3580,0.3711190587259628,0.4381,1.5577,,0.5662849545478821,0.00019290496919818114,,,,,,,,,,,,,,,
sft_esm3_mlp_combined_qwen3_8b_it_0306_010408,3590,0.3721557041413984,0.3832,1.6493,,0.7016916871070862,0.0001928646156327021,,,,,,,,,,,,,,,
sft_esm3_mlp_combined_qwen3_8b_it_0306_010408,3600,0.37319234955683406,0.3884,1.5176,,0.5565366148948669,0.00019282415188048187,,,,,,,,,,,,,,,
sft_esm3_mlp_combined_qwen3_8b_it_0306_010408,3610,0.37422899497226975,0.4587,1.5617,,0.5128602981567383,0.00019278357798953194,,,,,,,,,,,,,,,
sft_esm3_mlp_combined_qwen3_8b_it_0306_010408,3620,0.3752656403877054,0.3748,1.5248,,0.6653034090995789,0.00019274289400799448,,,,,,,,,,,,,,,
sft_esm3_mlp_combined_qwen3_8b_it_0306_010408,3630,0.376302285803141,0.4106,1.5368,,0.5335695147514343,0.00019270209998414228,,,,,,,,,,,,,,,
sft_esm3_mlp_combined_qwen3_8b_it_0306_010408,3640,0.3773389312185767,0.5097,1.5856,,0.577669620513916,0.00019266119596637876,,,,,,,,,,,,,,,
sft_esm3_mlp_combined_qwen3_8b_it_0306_010408,3650,0.37837557663401233,0.3703,1.509,,0.5867695808410645,0.00019262018200323774,,,,,,,,,,,,,,,
sft_esm3_mlp_combined_qwen3_8b_it_0306_010408,3660,0.37941222204944797,0.5267,1.586,,0.5678274631500244,0.0001925790581433836,,,,,,,,,,,,,,,
sft_esm3_mlp_combined_qwen3_8b_it_0306_010408,3670,0.38044886746488366,0.4024,1.6326,,0.6222628951072693,0.00019253782443561106,,,,,,,,,,,,,,,
sft_esm3_mlp_combined_qwen3_8b_it_0306_010408,3680,0.3814855128803193,0.4099,1.5011,,0.6207395792007446,0.0001924964809288452,,,,,,,,,,,,,,,
sft_esm3_mlp_combined_qwen3_8b_it_0306_010408,3690,0.3825221582957549,0.4839,1.5551,,0.5001740455627441,0.00019245502767214134,,,,,,,,,,,,,,,
sft_esm3_mlp_combined_qwen3_8b_it_0306_010408,3700,0.3835588037111906,0.3711,1.5092,,0.6009032726287842,0.00019241346471468508,,,,,,,,,,,,,,,
sft_esm3_mlp_combined_qwen3_8b_it_0306_010408,3710,0.38459544912662624,0.4408,1.5776,,0.5131984353065491,0.00019237179210579216,,,,,,,,,,,,,,,
sft_esm3_mlp_combined_qwen3_8b_it_0306_010408,3720,0.3856320945420619,0.4587,1.6075,,0.5797728300094604,0.00019233000989490843,,,,,,,,,,,,,,,
sft_esm3_mlp_combined_qwen3_8b_it_0306_010408,3730,0.38666873995749756,0.3602,1.5095,,0.67817223072052,0.0001922881181316097,,,,,,,,,,,,,,,
sft_esm3_mlp_combined_qwen3_8b_it_0306_010408,3740,0.3877053853729332,0.4895,1.5627,,0.5486442446708679,0.00019224611686560197,,,,,,,,,,,,,,,
sft_esm3_mlp_combined_qwen3_8b_it_0306_010408,3750,0.38874203078836883,0.3948,1.5836,,0.7008852362632751,0.00019220400614672093,,,,,,,,,,,,,,,
sft_esm3_mlp_combined_qwen3_8b_it_0306_010408,3750,0.38874203078836883,0.4992,,0.4087120294570923,,,,,,,,,,,,,,,,,
sft_esm3_mlp_combined_qwen3_8b_it_0306_010408,3760,0.38977867620380446,0.4177,1.5211,,0.6668890118598938,0.0001921617860249323,,,,,,,,,,,,,,,
sft_esm3_mlp_combined_qwen3_8b_it_0306_010408,3770,0.39081532161924015,0.4694,1.5892,,0.576068639755249,0.00019211945655033157,,,,,,,,,,,,,,,
sft_esm3_mlp_combined_qwen3_8b_it_0306_010408,3780,0.3918519670346758,0.4048,1.5072,,0.5184717178344727,0.00019207701777314396,,,,,,,,,,,,,,,
sft_esm3_mlp_combined_qwen3_8b_it_0306_010408,3790,0.3928886124501114,0.4261,1.575,,0.5547011494636536,0.00019203446974372439,,,,,,,,,,,,,,,
sft_esm3_mlp_combined_qwen3_8b_it_0306_010408,3800,0.3939252578655471,0.4782,1.621,,0.6585066318511963,0.0001919918125125574,,,,,,,,,,,,,,,
sft_esm3_mlp_combined_qwen3_8b_it_0306_010408,3810,0.39496190328098274,0.3402,1.5028,,0.5461810827255249,0.00019194904613025715,,,,,,,,,,,,,,,
sft_esm3_mlp_combined_qwen3_8b_it_0306_010408,3820,0.3959985486964184,0.4529,1.5361,,0.5089845657348633,0.00019190617064756725,,,,,,,,,,,,,,,
sft_esm3_mlp_combined_qwen3_8b_it_0306_010408,3830,0.39703519411185406,0.4203,1.515,,0.6566956639289856,0.00019186318611536077,,,,,,,,,,,,,,,
sft_esm3_mlp_combined_qwen3_8b_it_0306_010408,3840,0.3980718395272897,0.3711,1.5594,,0.5249775648117065,0.00019182009258464025,,,,,,,,,,,,,,,
sft_esm3_mlp_combined_qwen3_8b_it_0306_010408,3850,0.39910848494272533,0.4747,1.574,,0.5882236361503601,0.00019177689010653744,,,,,,,,,,,,,,,
sft_esm3_mlp_combined_qwen3_8b_it_0306_010408,3860,0.400145130358161,0.4326,1.5122,,0.584431529045105,0.00019173357873231343,,,,,,,,,,,,,,,
sft_esm3_mlp_combined_qwen3_8b_it_0306_010408,3870,0.40118177577359665,0.4537,1.6215,,0.6443204283714294,0.00019169015851335853,,,,,,,,,,,,,,,
sft_esm3_mlp_combined_qwen3_8b_it_0306_010408,3880,0.4022184211890323,0.4755,1.566,,0.6007131934165955,0.00019164662950119218,,,,,,,,,,,,,,,
sft_esm3_mlp_combined_qwen3_8b_it_0306_010408,3890,0.4032550666044679,0.3859,1.4971,,0.6164790987968445,0.00019160299174746285,,,,,,,,,,,,,,,
sft_esm3_mlp_combined_qwen3_8b_it_0306_010408,3900,0.4042917120199036,0.4063,1.6075,,0.5229465365409851,0.00019155924530394813,,,,,,,,,,,,,,,
sft_esm3_mlp_combined_qwen3_8b_it_0306_010408,3910,0.40532835743533924,0.3641,1.5041,,0.6744875311851501,0.0001915153902225545,,,,,,,,,,,,,,,
sft_esm3_mlp_combined_qwen3_8b_it_0306_010408,3920,0.40636500285077487,0.454,1.5481,,0.5620049834251404,0.0001914714265553174,,,,,,,,,,,,,,,
sft_esm3_mlp_combined_qwen3_8b_it_0306_010408,3930,0.40740164826621056,0.4543,1.5258,,0.619799017906189,0.00019142735435440106,,,,,,,,,,,,,,,
sft_esm3_mlp_combined_qwen3_8b_it_0306_010408,3940,0.4084382936816462,0.3959,1.5111,,0.6112759709358215,0.00019138317367209853,,,,,,,,,,,,,,,
sft_esm3_mlp_combined_qwen3_8b_it_0306_010408,3950,0.4094749390970818,0.4165,1.5525,,0.6082704663276672,0.00019133888456083153,,,,,,,,,,,,,,,
sft_esm3_mlp_combined_qwen3_8b_it_0306_010408,3960,0.4105115845125175,0.5337,1.6132,,0.5543808937072754,0.00019129448707315048,,,,,,,,,,,,,,,
sft_esm3_mlp_combined_qwen3_8b_it_0306_010408,3970,0.41154822992795315,0.3592,1.5019,,0.5623288154602051,0.00019124998126173435,,,,,,,,,,,,,,,
sft_esm3_mlp_combined_qwen3_8b_it_0306_010408,3980,0.4125848753433888,0.445,1.566,,0.498884916305542,0.00019120536717939074,,,,,,,,,,,,,,,
sft_esm3_mlp_combined_qwen3_8b_it_0306_010408,3990,0.41362152075882447,0.4339,1.4908,,0.6036494374275208,0.00019116064487905557,,,,,,,,,,,,,,,
sft_esm3_mlp_combined_qwen3_8b_it_0306_010408,4000,0.4146581661742601,0.4029,1.602,,0.5962198972702026,0.00019111581441379322,,,,,,,,,,,,,,,
sft_esm3_mlp_combined_qwen3_8b_it_0306_010408,4000,0.4146581661742601,0.469,,0.40397146344184875,,,,,,,,,,,,,,,,,
sft_esm3_mlp_combined_qwen3_8b_it_0306_010408,4010,0.41569481158969573,0.4549,1.6097,,0.5519488453865051,0.00019107087583679645,,,,,,,,,,,,,,,
sft_esm3_mlp_combined_qwen3_8b_it_0306_010408,4020,0.41673145700513137,0.3995,1.4679,,0.6059325337409973,0.00019102582920138631,,,,,,,,,,,,,,,
sft_esm3_mlp_combined_qwen3_8b_it_0306_010408,4030,0.41776810242056706,0.4648,1.6016,,0.5319671630859375,0.00019098067456101197,,,,,,,,,,,,,,,
sft_esm3_mlp_combined_qwen3_8b_it_0306_010408,4040,0.4188047478360027,0.4511,1.5547,,0.6735473275184631,0.00019093541196925086,,,,,,,,,,,,,,,
sft_esm3_mlp_combined_qwen3_8b_it_0306_010408,4050,0.4198413932514383,0.392,1.4965,,0.5793274641036987,0.00019089004147980837,,,,,,,,,,,,,,,
sft_esm3_mlp_combined_qwen3_8b_it_0306_010408,4060,0.420878038666874,0.4632,1.5519,,0.538056492805481,0.00019084456314651807,,,,,,,,,,,,,,,
sft_esm3_mlp_combined_qwen3_8b_it_0306_010408,4070,0.42191468408230964,0.4224,1.5016,,0.6506003737449646,0.00019079897702334138,,,,,,,,,,,,,,,
sft_esm3_mlp_combined_qwen3_8b_it_0306_010408,4080,0.4229513294977453,0.4456,1.5528,,0.5437598824501038,0.00019075328316436763,,,,,,,,,,,,,,,
sft_esm3_mlp_combined_qwen3_8b_it_0306_010408,4090,0.42398797491318096,0.4835,1.5775,,0.5116537809371948,0.000190707481623814,,,,,,,,,,,,,,,
sft_esm3_mlp_combined_qwen3_8b_it_0306_010408,4100,0.4250246203286166,0.3718,1.4725,,0.6014133095741272,0.00019066157245602546,,,,,,,,,,,,,,,
sft_esm3_mlp_combined_qwen3_8b_it_0306_010408,4110,0.42606126574405223,0.4727,1.5375,,0.5478833913803101,0.00019061555571547466,,,,,,,,,,,,,,,
sft_esm3_mlp_combined_qwen3_8b_it_0306_010408,4120,0.4270979111594879,0.4524,1.5996,,0.7274998426437378,0.00019056943145676186,,,,,,,,,,,,,,,
sft_esm3_mlp_combined_qwen3_8b_it_0306_010408,4130,0.42813455657492355,0.3796,1.4306,,0.5696590542793274,0.00019052319973461495,,,,,,,,,,,,,,,
sft_esm3_mlp_combined_qwen3_8b_it_0306_010408,4140,0.4291712019903592,0.4699,1.5554,,0.5066081285476685,0.00019047686060388928,,,,,,,,,,,,,,,
sft_esm3_mlp_combined_qwen3_8b_it_0306_010408,4150,0.4302078474057949,0.3974,1.5548,,0.6250494122505188,0.0001904304141195677,,,,,,,,,,,,,,,
sft_esm3_mlp_combined_qwen3_8b_it_0306_010408,4160,0.4312444928212305,0.4794,1.4862,,0.5360016822814941,0.0001903838603367603,,,,,,,,,,,,,,,
sft_esm3_mlp_combined_qwen3_8b_it_0306_010408,4170,0.43228113823666614,0.4482,1.5985,,0.54422527551651,0.0001903371993107047,,,,,,,,,,,,,,,
sft_esm3_mlp_combined_qwen3_8b_it_0306_010408,4180,0.4333177836521018,0.3851,1.4484,,0.7714735269546509,0.0001902904310967656,,,,,,,,,,,,,,,
sft_esm3_mlp_combined_qwen3_8b_it_0306_010408,4190,0.43435442906753746,0.5089,1.5831,,0.5377123951911926,0.00019024355575043492,,,,,,,,,,,,,,,
sft_esm3_mlp_combined_qwen3_8b_it_0306_010408,4200,0.4353910744829731,0.4134,1.6456,,0.6308497786521912,0.00019019657332733174,,,,,,,,,,,,,,,
sft_esm3_mlp_combined_qwen3_8b_it_0306_010408,4210,0.43642771989840873,0.3917,1.4208,,0.6260226368904114,0.00019014948388320214,,,,,,,,,,,,,,,
sft_esm3_mlp_combined_qwen3_8b_it_0306_010408,4220,0.4374643653138444,0.4386,1.5701,,0.4689141809940338,0.00019010228747391925,,,,,,,,,,,,,,,
sft_esm3_mlp_combined_qwen3_8b_it_0306_010408,4230,0.43850101072928005,0.3725,1.4708,,0.6629546880722046,0.00019005498415548299,,,,,,,,,,,,,,,
sft_esm3_mlp_combined_qwen3_8b_it_0306_010408,4240,0.4395376561447157,0.4628,1.5094,,0.5587039589881897,0.00019000757398402026,,,,,,,,,,,,,,,
sft_esm3_mlp_combined_qwen3_8b_it_0306_010408,4250,0.44057430156015137,0.4355,1.6119,,0.504949152469635,0.00018996005701578473,,,,,,,,,,,,,,,
sft_esm3_mlp_combined_qwen3_8b_it_0306_010408,4250,0.44057430156015137,0.4676,,0.4034995436668396,,,,,,,,,,,,,,,,,
sft_esm3_mlp_combined_qwen3_8b_it_0306_010408,4260,0.441610946975587,0.4061,1.4906,,0.6421886086463928,0.00018991243330715666,,,,,,,,,,,,,,,
sft_esm3_mlp_combined_qwen3_8b_it_0306_010408,4270,0.44264759239102264,0.4843,1.5951,,0.5232327580451965,0.00018986470291464314,,,,,,,,,,,,,,,
sft_esm3_mlp_combined_qwen3_8b_it_0306_010408,4280,0.4436842378064583,0.4519,1.545,,0.5572845339775085,0.0001898168658948777,,,,,,,,,,,,,,,
sft_esm3_mlp_combined_qwen3_8b_it_0306_010408,4290,0.44472088322189396,0.4419,1.4795,,0.6156915426254272,0.0001897689223046205,,,,,,,,,,,,,,,
sft_esm3_mlp_combined_qwen3_8b_it_0306_010408,4300,0.4457575286373296,0.4103,1.5805,,0.5409334301948547,0.00018972087220075806,,,,,,,,,,,,,,,
sft_esm3_mlp_combined_qwen3_8b_it_0306_010408,4310,0.4467941740527652,0.4315,1.5611,,0.5815865993499756,0.0001896727156403033,,,,,,,,,,,,,,,
sft_esm3_mlp_combined_qwen3_8b_it_0306_010408,4320,0.4478308194682009,0.3791,1.4827,,0.5300958156585693,0.0001896244526803955,,,,,,,,,,,,,,,
sft_esm3_mlp_combined_qwen3_8b_it_0306_010408,4330,0.44886746488363655,0.4363,1.5153,,0.5658108592033386,0.00018957608337830014,,,,,,,,,,,,,,,
sft_esm3_mlp_combined_qwen3_8b_it_0306_010408,4340,0.4499041102990722,0.4211,1.5054,,0.6312065720558167,0.0001895276077914089,,,,,,,,,,,,,,,
sft_esm3_mlp_combined_qwen3_8b_it_0306_010408,4350,0.45094075571450787,0.375,1.5915,,0.5139359831809998,0.00018947902597723959,,,,,,,,,,,,,,,
sft_esm3_mlp_combined_qwen3_8b_it_0306_010408,4360,0.4519774011299435,0.45,1.5431,,0.5486561059951782,0.00018943033799343598,,,,,,,,,,,,,,,
sft_esm3_mlp_combined_qwen3_8b_it_0306_010408,4370,0.45301404654537913,0.4109,1.4592,,0.5347575545310974,0.0001893815438977679,,,,,,,,,,,,,,,
sft_esm3_mlp_combined_qwen3_8b_it_0306_010408,4380,0.4540506919608148,0.4095,1.5943,,0.5481092929840088,0.00018933264374813112,,,,,,,,,,,,,,,
sft_esm3_mlp_combined_qwen3_8b_it_0306_010408,4390,0.45508733737625046,0.4764,1.5406,,0.6816368103027344,0.0001892836376025471,,,,,,,,,,,,,,,
sft_esm3_mlp_combined_qwen3_8b_it_0306_010408,4400,0.4561239827916861,0.371,1.4791,,0.5527973771095276,0.0001892345255191631,,,,,,,,,,,,,,,
sft_esm3_mlp_combined_qwen3_8b_it_0306_010408,4410,0.4571606282071218,0.4207,1.6013,,0.5513664484024048,0.00018918530755625222,,,,,,,,,,,,,,,
sft_esm3_mlp_combined_qwen3_8b_it_0306_010408,4420,0.4581972736225574,0.3909,1.4268,,0.6015375852584839,0.0001891359837722131,,,,,,,,,,,,,,,
sft_esm3_mlp_combined_qwen3_8b_it_0306_010408,4430,0.45923391903799304,0.4509,1.5607,,0.5198348164558411,0.00018908655422556988,,,,,,,,,,,,,,,
sft_esm3_mlp_combined_qwen3_8b_it_0306_010408,4440,0.46027056445342873,0.4637,1.5681,,0.6430416107177734,0.0001890370189749723,,,,,,,,,,,,,,,
sft_esm3_mlp_combined_qwen3_8b_it_0306_010408,4450,0.46130720986886437,0.399,1.4464,,0.5457212924957275,0.00018898737807919545,,,,,,,,,,,,,,,
sft_esm3_mlp_combined_qwen3_8b_it_0306_010408,4460,0.4623438552843,0.4006,1.624,,0.5500580668449402,0.00018893763159713977,,,,,,,,,,,,,,,
sft_esm3_mlp_combined_qwen3_8b_it_0306_010408,4470,0.46338050069973563,0.404,1.4574,,0.5974887609481812,0.000188887779587831,,,,,,,,,,,,,,,
sft_esm3_mlp_combined_qwen3_8b_it_0306_010408,4480,0.4644171461151713,0.4226,1.536,,0.5011343955993652,0.00018883782211042013,,,,,,,,,,,,,,,
sft_esm3_mlp_combined_qwen3_8b_it_0306_010408,4490,0.46545379153060695,0.4383,1.5691,,0.6038835048675537,0.00018878775922418316,,,,,,,,,,,,,,,
sft_esm3_mlp_combined_qwen3_8b_it_0306_010408,4500,0.4664904369460426,0.4018,1.4418,,0.5166742205619812,0.0001887375909885214,,,,,,,,,,,,,,,
sft_esm3_mlp_combined_qwen3_8b_it_0306_010408,4500,0.4664904369460426,0.48,,0.4017578661441803,,,,,,,,,,,,,,,,,
sft_esm3_mlp_combined_qwen3_8b_it_0306_010408,4510,0.4675270823614783,0.3832,1.5596,,0.49396470189094543,0.0001886873174629609,,,,,,,,,,,,,,,
sft_esm3_mlp_combined_qwen3_8b_it_0306_010408,4520,0.4685637277769139,0.355,1.5427,,0.6449151039123535,0.0001886369387071528,,,,,,,,,,,,,,,
sft_esm3_mlp_combined_qwen3_8b_it_0306_010408,4530,0.46960037319234954,0.495,1.4868,,0.5488845109939575,0.00018858645478087306,,,,,,,,,,,,,,,
sft_esm3_mlp_combined_qwen3_8b_it_0306_010408,4540,0.47063701860778523,0.4085,1.6383,,0.5878297090530396,0.0001885358657440224,,,,,,,,,,,,,,,
sft_esm3_mlp_combined_qwen3_8b_it_0306_010408,4550,0.47167366402322086,0.3707,1.4397,,0.5760806202888489,0.00018848517165662626,,,,,,,,,,,,,,,
sft_esm3_mlp_combined_qwen3_8b_it_0306_010408,4560,0.4727103094386565,0.48,1.5111,,0.5765261650085449,0.0001884343725788348,,,,,,,,,,,,,,,
sft_esm3_mlp_combined_qwen3_8b_it_0306_010408,4570,0.4737469548540922,0.4288,1.5585,,0.6040831208229065,0.00018838346857092265,,,,,,,,,,,,,,,
sft_esm3_mlp_combined_qwen3_8b_it_0306_010408,4580,0.4747836002695278,0.3589,1.4058,,0.5581718683242798,0.00018833245969328903,,,,,,,,,,,,,,,
sft_esm3_mlp_combined_qwen3_8b_it_0306_010408,4590,0.47582024568496345,0.4564,1.5742,,0.5224798917770386,0.00018828134600645753,,,,,,,,,,,,,,,
sft_esm3_mlp_combined_qwen3_8b_it_0306_010408,4600,0.4768568911003991,0.3789,1.5361,,0.5943132638931274,0.00018823012757107613,,,,,,,,,,,,,,,
sft_esm3_mlp_combined_qwen3_8b_it_0306_010408,4610,0.47789353651583477,0.4348,1.4578,,0.4929638206958771,0.00018817880444791705,,,,,,,,,,,,,,,
sft_esm3_mlp_combined_qwen3_8b_it_0306_010408,4620,0.4789301819312704,0.4044,1.6025,,0.5296070575714111,0.0001881273766978768,,,,,,,,,,,,,,,
sft_esm3_mlp_combined_qwen3_8b_it_0306_010408,4630,0.47996682734670604,0.398,1.4744,,0.6591331362724304,0.00018807584438197602,,,,,,,,,,,,,,,
sft_esm3_mlp_combined_qwen3_8b_it_0306_010408,4640,0.4810034727621417,0.4274,1.5296,,0.5537130236625671,0.00018802420756135936,,,,,,,,,,,,,,,
sft_esm3_mlp_combined_qwen3_8b_it_0306_010408,4650,0.48204011817757736,0.4633,1.5776,,0.5528603792190552,0.0001879724662972955,,,,,,,,,,,,,,,
sft_esm3_mlp_combined_qwen3_8b_it_0306_010408,4660,0.483076763593013,0.4138,1.458,,0.5924287438392639,0.00018792062065117708,,,,,,,,,,,,,,,
sft_esm3_mlp_combined_qwen3_8b_it_0306_010408,4670,0.4841134090084487,0.4077,1.6193,,0.47976091504096985,0.00018786867068452056,,,,,,,,,,,,,,,
sft_esm3_mlp_combined_qwen3_8b_it_0306_010408,4680,0.4851500544238843,0.3704,1.4501,,0.6019721627235413,0.00018781661645896617,,,,,,,,,,,,,,,
sft_esm3_mlp_combined_qwen3_8b_it_0306_010408,4690,0.48618669983931995,0.4292,1.509,,0.5058095455169678,0.0001877644580362779,,,,,,,,,,,,,,,
sft_esm3_mlp_combined_qwen3_8b_it_0306_010408,4700,0.48722334525475564,0.455,1.6079,,0.5409306287765503,0.00018771219547834326,,,,,,,,,,,,,,,
sft_esm3_mlp_combined_qwen3_8b_it_0306_010408,4710,0.48825999067019127,0.4327,1.4477,,0.5822596549987793,0.00018765982884717344,,,,,,,,,,,,,,,
sft_esm3_mlp_combined_qwen3_8b_it_0306_010408,4720,0.4892966360856269,0.3732,1.6307,,0.5274143218994141,0.00018760735820490308,,,,,,,,,,,,,,,
sft_esm3_mlp_combined_qwen3_8b_it_0306_010408,4730,0.49033328150106253,0.4633,1.491,,0.5796424150466919,0.00018755478361379016,,,,,,,,,,,,,,,
sft_esm3_mlp_combined_qwen3_8b_it_0306_010408,4740,0.4913699269164982,0.3446,1.4661,,0.5506582260131836,0.00018750210513621615,,,,,,,,,,,,,,,
sft_esm3_mlp_combined_qwen3_8b_it_0306_010408,4750,0.49240657233193386,0.4055,1.6047,,0.5765417814254761,0.00018744932283468565,,,,,,,,,,,,,,,
sft_esm3_mlp_combined_qwen3_8b_it_0306_010408,4750,0.49240657233193386,0.4616,,0.39753854274749756,,,,,,,,,,,,,,,,,
sft_esm3_mlp_combined_qwen3_8b_it_0306_010408,4760,0.4934432177473695,0.402,1.4295,,0.5847504138946533,0.0001873964367718265,,,,,,,,,,,,,,,
sft_esm3_mlp_combined_qwen3_8b_it_0306_010408,4770,0.4944798631628052,0.4245,1.5154,,0.5308607816696167,0.00018734344701038959,,,,,,,,,,,,,,,
sft_esm3_mlp_combined_qwen3_8b_it_0306_010408,4780,0.4955165085782408,0.4609,1.5167,,0.604564905166626,0.000187290353613249,,,,,,,,,,,,,,,
sft_esm3_mlp_combined_qwen3_8b_it_0306_010408,4790,0.49655315399367644,0.397,1.4039,,0.545804500579834,0.00018723715664340166,,,,,,,,,,,,,,,
sft_esm3_mlp_combined_qwen3_8b_it_0306_010408,4800,0.49758979940911213,0.3853,1.5098,,0.5153405070304871,0.00018718385616396739,,,,,,,,,,,,,,,
sft_esm3_mlp_combined_qwen3_8b_it_0306_010408,4810,0.49862644482454777,0.4857,1.5035,,0.5919575691223145,0.00018713045223818893,,,,,,,,,,,,,,,
sft_esm3_mlp_combined_qwen3_8b_it_0306_010408,4820,0.4996630902399834,0.3295,1.4576,,0.5236721634864807,0.0001870769449294316,,,,,,,,,,,,,,,
sft_esm3_mlp_combined_qwen3_8b_it_0306_010408,4830,0.500699735655419,0.4279,1.5869,,0.5336093902587891,0.00018702333430118353,,,,,,,,,,,,,,,
sft_esm3_mlp_combined_qwen3_8b_it_0306_010408,4840,0.5017363810708547,0.4289,1.509,,0.5927267670631409,0.00018696962041705542,,,,,,,,,,,,,,,
sft_esm3_mlp_combined_qwen3_8b_it_0306_010408,4850,0.5027730264862904,0.4187,1.5174,,0.5559136271476746,0.00018691580334078038,,,,,,,,,,,,,,,
sft_esm3_mlp_combined_qwen3_8b_it_0306_010408,4860,0.503809671901726,0.4812,1.5241,,0.599505603313446,0.0001868618831362141,,,,,,,,,,,,,,,
sft_esm3_mlp_combined_qwen3_8b_it_0306_010408,4870,0.5048463173171617,0.3366,1.4599,,0.6051629781723022,0.00018680785986733452,,,,,,,,,,,,,,,
sft_esm3_mlp_combined_qwen3_8b_it_0306_010408,4880,0.5058829627325974,0.3636,1.508,,0.5606697201728821,0.00018675373359824203,,,,,,,,,,,,,,,
sft_esm3_mlp_combined_qwen3_8b_it_0306_010408,4890,0.5069196081480329,0.5017,1.5278,,0.6028861999511719,0.00018669950439315896,,,,,,,,,,,,,,,
sft_esm3_mlp_combined_qwen3_8b_it_0306_010408,4900,0.5079562535634686,0.4035,1.4584,,0.5696994066238403,0.00018664517231643007,,,,,,,,,,,,,,,
sft_esm3_mlp_combined_qwen3_8b_it_0306_010408,4910,0.5089928989789043,0.4676,1.5472,,0.5472151637077332,0.000186590737432522,,,,,,,,,,,,,,,
sft_esm3_mlp_combined_qwen3_8b_it_0306_010408,4920,0.5100295443943399,0.3913,1.4482,,0.614458441734314,0.0001865361998060234,,,,,,,,,,,,,,,
sft_esm3_mlp_combined_qwen3_8b_it_0306_010408,4930,0.5110661898097756,0.403,1.5475,,0.482172429561615,0.00018648155950164492,,,,,,,,,,,,,,,
sft_esm3_mlp_combined_qwen3_8b_it_0306_010408,4940,0.5121028352252112,0.4352,1.5381,,0.5193643569946289,0.00018642681658421892,,,,,,,,,,,,,,,
sft_esm3_mlp_combined_qwen3_8b_it_0306_010408,4950,0.5131394806406469,0.3894,1.4931,,0.5282149910926819,0.00018637197111869957,,,,,,,,,,,,,,,
sft_esm3_mlp_combined_qwen3_8b_it_0306_010408,4960,0.5141761260560825,0.4337,1.5001,,0.496786892414093,0.00018631702317016275,,,,,,,,,,,,,,,
sft_esm3_mlp_combined_qwen3_8b_it_0306_010408,4970,0.5152127714715181,0.5301,1.557,,0.5995614528656006,0.0001862619728038059,,,,,,,,,,,,,,,
sft_esm3_mlp_combined_qwen3_8b_it_0306_010408,4980,0.5162494168869538,0.3718,1.4344,,0.49268805980682373,0.0001862068200849479,,,,,,,,,,,,,,,
sft_esm3_mlp_combined_qwen3_8b_it_0306_010408,4990,0.5172860623023895,0.3959,1.5599,,0.5217416882514954,0.00018615156507902924,,,,,,,,,,,,,,,
sft_esm3_mlp_combined_qwen3_8b_it_0306_010408,5000,0.5183227077178251,0.4231,1.4633,,0.6669925451278687,0.00018609620785161167,,,,,,,,,,,,,,,
sft_esm3_mlp_combined_qwen3_8b_it_0306_010408,5000,0.5183227077178251,0.4058,,0.3942946195602417,,,,,,,,,,,,,,,,,
sft_esm3_mlp_combined_qwen3_8b_it_0306_010408,5010,0.5193593531332608,0.3663,1.4821,,0.5053560137748718,0.0001860407484683783,,,,,,,,,,,,,,,
sft_esm3_mlp_combined_qwen3_8b_it_0306_010408,5020,0.5203959985486964,0.487,1.5587,,0.5451399087905884,0.00018598518699513333,,,,,,,,,,,,,,,
sft_esm3_mlp_combined_qwen3_8b_it_0306_010408,5030,0.521432643964132,0.3772,1.4706,,0.6276171803474426,0.0001859295234978022,,,,,,,,,,,,,,,
sft_esm3_mlp_combined_qwen3_8b_it_0306_010408,5040,0.5224692893795677,0.4061,1.4821,,0.4959412217140198,0.00018587375804243137,,,,,,,,,,,,,,,
sft_esm3_mlp_combined_qwen3_8b_it_0306_010408,5050,0.5235059347950034,0.4605,1.5468,,0.8219445943832397,0.00018581789069518827,,,,,,,,,,,,,,,
sft_esm3_mlp_combined_qwen3_8b_it_0306_010408,5060,0.524542580210439,0.376,1.399,,0.5229567289352417,0.00018576192152236127,,,,,,,,,,,,,,,
sft_esm3_mlp_combined_qwen3_8b_it_0306_010408,5070,0.5255792256258747,0.4506,1.5187,,0.5236271023750305,0.0001857058505903595,,,,,,,,,,,,,,,
sft_esm3_mlp_combined_qwen3_8b_it_0306_010408,5080,0.5266158710413104,0.3979,1.5243,,0.6714038252830505,0.00018564967796571286,,,,,,,,,,,,,,,
sft_esm3_mlp_combined_qwen3_8b_it_0306_010408,5090,0.5276525164567459,0.4526,1.4614,,0.5469889044761658,0.0001855934037150719,,,,,,,,,,,,,,,
sft_esm3_mlp_combined_qwen3_8b_it_0306_010408,5100,0.5286891618721816,0.4035,1.5449,,0.5447632074356079,0.0001855370279052078,,,,,,,,,,,,,,,
sft_esm3_mlp_combined_qwen3_8b_it_0306_010408,5110,0.5297258072876173,0.3761,1.3955,,0.5886102914810181,0.00018548055060301215,,,,,,,,,,,,,,,
sft_esm3_mlp_combined_qwen3_8b_it_0306_010408,5120,0.5307624527030529,0.4721,1.5387,,0.5537194609642029,0.00018542397187549706,,,,,,,,,,,,,,,
sft_esm3_mlp_combined_qwen3_8b_it_0306_010408,5130,0.5317990981184886,0.4143,1.5303,,0.6236017942428589,0.00018536729178979488,,,,,,,,,,,,,,,
sft_esm3_mlp_combined_qwen3_8b_it_0306_010408,5140,0.5328357435339243,0.4436,1.4499,,0.5518729090690613,0.00018531051041315838,,,,,,,,,,,,,,,
sft_esm3_mlp_combined_qwen3_8b_it_0306_010408,5150,0.5338723889493598,0.4221,1.6104,,0.5475431680679321,0.00018525362781296036,,,,,,,,,,,,,,,
sft_esm3_mlp_combined_qwen3_8b_it_0306_010408,5160,0.5349090343647955,0.3905,1.4485,,0.6020500659942627,0.00018519664405669377,,,,,,,,,,,,,,,
sft_esm3_mlp_combined_qwen3_8b_it_0306_010408,5170,0.5359456797802312,0.4597,1.509,,0.5301352739334106,0.00018513955921197167,,,,,,,,,,,,,,,
sft_esm3_mlp_combined_qwen3_8b_it_0306_010408,5180,0.5369823251956668,0.4878,1.5376,,0.5274538397789001,0.0001850823733465269,,,,,,,,,,,,,,,
sft_esm3_mlp_combined_qwen3_8b_it_0306_010408,5190,0.5380189706111025,0.4115,1.4386,,0.5464156866073608,0.00018502508652821234,,,,,,,,,,,,,,,
sft_esm3_mlp_combined_qwen3_8b_it_0306_010408,5200,0.5390556160265382,0.3859,1.5776,,0.5011977553367615,0.00018496769882500055,,,,,,,,,,,,,,,
sft_esm3_mlp_combined_qwen3_8b_it_0306_010408,5210,0.5400922614419738,0.4627,1.5211,,0.6372057199478149,0.00018491021030498384,,,,,,,,,,,,,,,
sft_esm3_mlp_combined_qwen3_8b_it_0306_010408,5220,0.5411289068574094,0.4066,1.4667,,0.47897040843963623,0.00018485262103637404,,,,,,,,,,,,,,,
sft_esm3_mlp_combined_qwen3_8b_it_0306_010408,5230,0.542165552272845,0.4059,1.5461,,0.5470263957977295,0.00018479493108750268,,,,,,,,,,,,,,,
sft_esm3_mlp_combined_qwen3_8b_it_0306_010408,5240,0.5432021976882807,0.376,1.4231,,0.627012312412262,0.00018473714052682063,,,,,,,,,,,,,,,
sft_esm3_mlp_combined_qwen3_8b_it_0306_010408,5250,0.5442388431037164,0.4152,1.4907,,0.4993865191936493,0.0001846792494228982,,,,,,,,,,,,,,,
sft_esm3_mlp_combined_qwen3_8b_it_0306_010408,5250,0.5442388431037164,0.4552,,0.39018991589546204,,,,,,,,,,,,,,,,,
sft_esm3_mlp_combined_qwen3_8b_it_0306_010408,5260,0.545275488519152,0.4166,1.538,,0.6175150275230408,0.00018462125784442495,,,,,,,,,,,,,,,
sft_esm3_mlp_combined_qwen3_8b_it_0306_010408,5270,0.5463121339345877,0.4058,1.4353,,0.574861466884613,0.0001845631658602097,,,,,,,,,,,,,,,
sft_esm3_mlp_combined_qwen3_8b_it_0306_010408,5280,0.5473487793500234,0.42,1.5462,,0.5108598470687866,0.0001845049735391804,,,,,,,,,,,,,,,
sft_esm3_mlp_combined_qwen3_8b_it_0306_010408,5290,0.5483854247654589,0.3873,1.4997,,0.6648775339126587,0.00018444668095038403,,,,,,,,,,,,,,,
sft_esm3_mlp_combined_qwen3_8b_it_0306_010408,5300,0.5494220701808946,0.417,1.4524,,0.5135678052902222,0.00018438828816298654,,,,,,,,,,,,,,,
sft_esm3_mlp_combined_qwen3_8b_it_0306_010408,5310,0.5504587155963303,0.3818,1.563,,0.49100401997566223,0.0001843297952462728,,,,,,,,,,,,,,,
sft_esm3_mlp_combined_qwen3_8b_it_0306_010408,5320,0.5514953610117659,0.4015,1.4013,,0.5985267758369446,0.00018427120226964644,,,,,,,,,,,,,,,
sft_esm3_mlp_combined_qwen3_8b_it_0306_010408,5330,0.5525320064272016,0.4693,1.5313,,0.5283083915710449,0.00018421250930262989,,,,,,,,,,,,,,,
sft_esm3_mlp_combined_qwen3_8b_it_0306_010408,5340,0.5535686518426373,0.4597,1.5391,,0.6674370169639587,0.00018415371641486412,,,,,,,,,,,,,,,
sft_esm3_mlp_combined_qwen3_8b_it_0306_010408,5350,0.5546052972580728,0.4034,1.4168,,0.587155282497406,0.0001840948236761087,,,,,,,,,,,,,,,
sft_esm3_mlp_combined_qwen3_8b_it_0306_010408,5360,0.5556419426735085,0.4272,1.5362,,0.48112937808036804,0.00018403583115624174,,,,,,,,,,,,,,,
sft_esm3_mlp_combined_qwen3_8b_it_0306_010408,5370,0.5566785880889442,0.4621,1.5276,,0.6428830623626709,0.00018397673892525966,,,,,,,,,,,,,,,
sft_esm3_mlp_combined_qwen3_8b_it_0306_010408,5380,0.5577152335043798,0.3548,1.5135,,0.45684459805488586,0.00018391754705327727,,,,,,,,,,,,,,,
sft_esm3_mlp_combined_qwen3_8b_it_0306_010408,5390,0.5587518789198155,0.454,1.5325,,0.5017808675765991,0.00018385825561052747,,,,,,,,,,,,,,,
sft_esm3_mlp_combined_qwen3_8b_it_0306_010408,5400,0.5597885243352512,0.3497,1.4253,,0.5933493375778198,0.00018379886466736144,,,,,,,,,,,,,,,
sft_esm3_mlp_combined_qwen3_8b_it_0306_010408,5410,0.5608251697506867,0.3909,1.4655,,0.4810568392276764,0.0001837393742942484,,,,,,,,,,,,,,,
sft_esm3_mlp_combined_qwen3_8b_it_0306_010408,5420,0.5618618151661224,0.5152,1.5154,,0.5798661112785339,0.0001836797845617755,,,,,,,,,,,,,,,
sft_esm3_mlp_combined_qwen3_8b_it_0306_010408,5430,0.5628984605815581,0.351,1.4193,,0.5332244634628296,0.00018362009554064777,,,,,,,,,,,,,,,
sft_esm3_mlp_combined_qwen3_8b_it_0306_010408,5440,0.5639351059969937,0.4076,1.4666,,0.5304902195930481,0.00018356030730168812,,,,,,,,,,,,,,,
sft_esm3_mlp_combined_qwen3_8b_it_0306_010408,5450,0.5649717514124294,0.4184,1.5106,,0.6130317449569702,0.00018350041991583712,,,,,,,,,,,,,,,
sft_esm3_mlp_combined_qwen3_8b_it_0306_010408,5460,0.5660083968278651,0.421,1.4991,,0.48156142234802246,0.00018344043345415301,,,,,,,,,,,,,,,
sft_esm3_mlp_combined_qwen3_8b_it_0306_010408,5470,0.5670450422433007,0.446,1.5577,,0.6436881422996521,0.00018338034798781166,,,,,,,,,,,,,,,
sft_esm3_mlp_combined_qwen3_8b_it_0306_010408,5480,0.5680816876587363,0.3499,1.3979,,0.4754655361175537,0.0001833201635881062,,,,,,,,,,,,,,,
sft_esm3_mlp_combined_qwen3_8b_it_0306_010408,5490,0.569118333074172,0.4083,1.5524,,0.5108122229576111,0.00018325988032644736,,,,,,,,,,,,,,,
sft_esm3_mlp_combined_qwen3_8b_it_0306_010408,5500,0.5701549784896076,0.3863,1.4925,,0.6572183966636658,0.0001831994982743631,,,,,,,,,,,,,,,
sft_esm3_mlp_combined_qwen3_8b_it_0306_010408,5500,0.5701549784896076,0.4584,,0.3873242437839508,,,,,,,,,,,,,,,,,
sft_esm3_mlp_combined_qwen3_8b_it_0306_010408,5510,0.5711916239050433,0.4226,1.4266,,0.5177978873252869,0.0001831390175034986,,,,,,,,,,,,,,,
sft_esm3_mlp_combined_qwen3_8b_it_0306_010408,5520,0.5722282693204789,0.4324,1.5541,,0.5130497217178345,0.00018307843808561613,,,,,,,,,,,,,,,
sft_esm3_mlp_combined_qwen3_8b_it_0306_010408,5530,0.5732649147359146,0.3505,1.4585,,0.5932374000549316,0.00018301776009259507,,,,,,,,,,,,,,,
sft_esm3_mlp_combined_qwen3_8b_it_0306_010408,5540,0.5743015601513503,0.4534,1.541,,0.4801289141178131,0.00018295698359643172,,,,,,,,,,,,,,,
sft_esm3_mlp_combined_qwen3_8b_it_0306_010408,5550,0.5753382055667858,0.4245,1.515,,0.6279893517494202,0.0001828961086692393,,,,,,,,,,,,,,,
sft_esm3_mlp_combined_qwen3_8b_it_0306_010408,5560,0.5763748509822215,0.3862,1.4383,,0.5814895629882812,0.00018283513538324778,,,,,,,,,,,,,,,
sft_esm3_mlp_combined_qwen3_8b_it_0306_010408,5570,0.5774114963976572,0.4126,1.5407,,0.5109565258026123,0.00018277406381080383,,,,,,,,,,,,,,,
sft_esm3_mlp_combined_qwen3_8b_it_0306_010408,5580,0.5784481418130928,0.3483,1.4471,,0.6501891016960144,0.0001827128940243708,,,,,,,,,,,,,,,
sft_esm3_mlp_combined_qwen3_8b_it_0306_010408,5590,0.5794847872285285,0.4299,1.4913,,0.6027421355247498,0.00018265162609652853,,,,,,,,,,,,,,,
sft_esm3_mlp_combined_qwen3_8b_it_0306_010408,5600,0.5805214326439642,0.4028,1.5357,,0.5428863167762756,0.0001825902600999733,,,,,,,,,,,,,,,
sft_esm3_mlp_combined_qwen3_8b_it_0306_010408,5610,0.5815580780593997,0.4117,1.4221,,0.5702452659606934,0.00018252879610751772,,,,,,,,,,,,,,,
sft_esm3_mlp_combined_qwen3_8b_it_0306_010408,5620,0.5825947234748354,0.3973,1.4997,,0.5144875645637512,0.0001824672341920908,,,,,,,,,,,,,,,
sft_esm3_mlp_combined_qwen3_8b_it_0306_010408,5630,0.5836313688902711,0.4209,1.5341,,0.6024963855743408,0.00018240557442673763,,,,,,,,,,,,,,,
sft_esm3_mlp_combined_qwen3_8b_it_0306_010408,5640,0.5846680143057067,0.4144,1.4317,,0.5092599987983704,0.00018234381688461942,,,,,,,,,,,,,,,
sft_esm3_mlp_combined_qwen3_8b_it_0306_010408,5650,0.5857046597211424,0.3722,1.5605,,0.5330538749694824,0.0001822819616390134,,,,,,,,,,,,,,,
sft_esm3_mlp_combined_qwen3_8b_it_0306_010408,5660,0.5867413051365781,0.3572,1.4319,,0.5396391749382019,0.00018222000876331278,,,,,,,,,,,,,,,
sft_esm3_mlp_combined_qwen3_8b_it_0306_010408,5670,0.5877779505520137,0.4395,1.4661,,0.49301615357398987,0.00018215795833102653,,,,,,,,,,,,,,,
sft_esm3_mlp_combined_qwen3_8b_it_0306_010408,5680,0.5888145959674493,0.355,1.5183,,0.5858680605888367,0.00018209581041577936,,,,,,,,,,,,,,,
sft_esm3_mlp_combined_qwen3_8b_it_0306_010408,5690,0.589851241382885,0.3964,1.4323,,0.6038278341293335,0.00018203356509131178,,,,,,,,,,,,,,,
sft_esm3_mlp_combined_qwen3_8b_it_0306_010408,5700,0.5908878867983206,0.4394,1.5597,,0.4774221181869507,0.00018197122243147974,,,,,,,,,,,,,,,
sft_esm3_mlp_combined_qwen3_8b_it_0306_010408,5710,0.5919245322137563,0.4433,1.496,,0.6621390581130981,0.00018190878251025475,,,,,,,,,,,,,,,
sft_esm3_mlp_combined_qwen3_8b_it_0306_010408,5720,0.592961177629192,0.4214,1.4394,,0.5625699758529663,0.0001818462454017237,,,,,,,,,,,,,,,
sft_esm3_mlp_combined_qwen3_8b_it_0306_010408,5730,0.5939978230446276,0.4046,1.5617,,0.5347899198532104,0.00018178361118008883,,,,,,,,,,,,,,,
sft_esm3_mlp_combined_qwen3_8b_it_0306_010408,5740,0.5950344684600632,0.3873,1.4243,,0.6026853322982788,0.0001817208799196676,,,,,,,,,,,,,,,
sft_esm3_mlp_combined_qwen3_8b_it_0306_010408,5750,0.5960711138754989,0.407,1.4852,,0.5336219668388367,0.00018165805169489255,,,,,,,,,,,,,,,
sft_esm3_mlp_combined_qwen3_8b_it_0306_010408,5750,0.5960711138754989,0.4536,,0.3880477249622345,,,,,,,,,,,,,,,,,
sft_esm3_mlp_combined_qwen3_8b_it_0306_010408,5760,0.5971077592909345,0.3991,1.5098,,0.5704396963119507,0.0001815951265803113,,,,,,,,,,,,,,,
sft_esm3_mlp_combined_qwen3_8b_it_0306_010408,5770,0.5981444047063702,0.4012,1.4248,,0.6350104212760925,0.0001815321046505865,,,,,,,,,,,,,,,
sft_esm3_mlp_combined_qwen3_8b_it_0306_010408,5780,0.5991810501218059,0.4281,1.5342,,0.5122162699699402,0.00018146898598049558,,,,,,,,,,,,,,,
sft_esm3_mlp_combined_qwen3_8b_it_0306_010408,5790,0.6002176955372415,0.3736,1.4749,,0.6349571943283081,0.0001814057706449308,,,,,,,,,,,,,,,
sft_esm3_mlp_combined_qwen3_8b_it_0306_010408,5800,0.6012543409526772,0.4676,1.4518,,0.5462356209754944,0.00018134245871889916,,,,,,,,,,,,,,,
sft_esm3_mlp_combined_qwen3_8b_it_0306_010408,5810,0.6022909863681127,0.4011,1.5539,,0.4995466470718384,0.00018127905027752217,,,,,,,,,,,,,,,
sft_esm3_mlp_combined_qwen3_8b_it_0306_010408,5820,0.6033276317835484,0.3823,1.412,,0.4849245846271515,0.0001812155453960359,,,,,,,,,,,,,,,
sft_esm3_mlp_combined_qwen3_8b_it_0306_010408,5830,0.6043642771989841,0.4053,1.4754,,0.5042667388916016,0.00018115194414979087,,,,,,,,,,,,,,,
sft_esm3_mlp_combined_qwen3_8b_it_0306_010408,5840,0.6054009226144197,0.4187,1.5734,,0.5441162586212158,0.00018108824661425195,,,,,,,,,,,,,,,
sft_esm3_mlp_combined_qwen3_8b_it_0306_010408,5850,0.6064375680298554,0.4269,1.4044,,0.552968442440033,0.00018102445286499825,,,,,,,,,,,,,,,
sft_esm3_mlp_combined_qwen3_8b_it_0306_010408,5860,0.6074742134452911,0.4415,1.5692,,0.5134543180465698,0.00018096056297772298,,,,,,,,,,,,,,,
sft_esm3_mlp_combined_qwen3_8b_it_0306_010408,5870,0.6085108588607266,0.4097,1.4342,,0.5600976347923279,0.0001808965770282335,,,,,,,,,,,,,,,
sft_esm3_mlp_combined_qwen3_8b_it_0306_010408,5880,0.6095475042761623,0.4187,1.4578,,0.5246951580047607,0.0001808324950924511,,,,,,,,,,,,,,,
sft_esm3_mlp_combined_qwen3_8b_it_0306_010408,5890,0.610584149691598,0.4617,1.5008,,0.5434414744377136,0.000180768317246411,,,,,,,,,,,,,,,
sft_esm3_mlp_combined_qwen3_8b_it_0306_010408,5900,0.6116207951070336,0.3954,1.4095,,0.5853005647659302,0.00018070404356626218,,,,,,,,,,,,,,,
sft_esm3_mlp_combined_qwen3_8b_it_0306_010408,5910,0.6126574405224693,0.3577,1.5026,,0.510931134223938,0.00018063967412826736,,,,,,,,,,,,,,,
sft_esm3_mlp_combined_qwen3_8b_it_0306_010408,5920,0.613694085937905,0.4477,1.4466,,0.6200836896896362,0.0001805752090088029,,,,,,,,,,,,,,,
sft_esm3_mlp_combined_qwen3_8b_it_0306_010408,5930,0.6147307313533406,0.3735,1.4441,,0.5242909789085388,0.00018051064828435861,,,,,,,,,,,,,,,
sft_esm3_mlp_combined_qwen3_8b_it_0306_010408,5940,0.6157673767687762,0.442,1.5575,,0.4769168496131897,0.00018044599203153783,,,,,,,,,,,,,,,
sft_esm3_mlp_combined_qwen3_8b_it_0306_010408,5950,0.6168040221842119,0.3829,1.3989,,0.6094135046005249,0.00018038124032705718,,,,,,,,,,,,,,,
sft_esm3_mlp_combined_qwen3_8b_it_0306_010408,5960,0.6178406675996475,0.4187,1.49,,0.5401615500450134,0.00018031639324774657,,,,,,,,,,,,,,,
sft_esm3_mlp_combined_qwen3_8b_it_0306_010408,5970,0.6188773130150832,0.4314,1.5043,,0.5819069743156433,0.00018025145087054907,,,,,,,,,,,,,,,
sft_esm3_mlp_combined_qwen3_8b_it_0306_010408,5980,0.6199139584305189,0.3738,1.4014,,0.5790914297103882,0.00018018641327252085,,,,,,,,,,,,,,,
sft_esm3_mlp_combined_qwen3_8b_it_0306_010408,5990,0.6209506038459545,0.3978,1.4939,,0.48669466376304626,0.00018012128053083095,,,,,,,,,,,,,,,
sft_esm3_mlp_combined_qwen3_8b_it_0306_010408,6000,0.6219872492613902,0.4036,1.4479,,0.6533015966415405,0.00018005605272276146,,,,,,,,,,,,,,,
sft_esm3_mlp_combined_qwen3_8b_it_0306_010408,6000,0.6219872492613902,0.4711,,0.38310113549232483,,,,,,,,,,,,,,,,,
sft_esm3_mlp_combined_qwen3_8b_it_0306_010408,6010,0.6230238946768258,0.416,1.4621,,0.5272810459136963,0.00017999072992570713,,,,,,,,,,,,,,,
sft_esm3_mlp_combined_qwen3_8b_it_0306_010408,6020,0.6240605400922614,0.4774,1.4919,,0.5300768613815308,0.00017992531221717556,,,,,,,,,,,,,,,
sft_esm3_mlp_combined_qwen3_8b_it_0306_010408,6030,0.6250971855076971,0.4461,1.4775,,0.5350263118743896,0.00017985979967478685,,,,,,,,,,,,,,,
sft_esm3_mlp_combined_qwen3_8b_it_0306_010408,6040,0.6261338309231328,0.4098,1.5107,,0.4620247185230255,0.00017979419237627365,,,,,,,,,,,,,,,
sft_esm3_mlp_combined_qwen3_8b_it_0306_010408,6050,0.6271704763385684,0.4321,1.5118,,0.6072582602500916,0.00017972849039948104,,,,,,,,,,,,,,,
sft_esm3_mlp_combined_qwen3_8b_it_0306_010408,6060,0.6282071217540041,0.3854,1.4194,,0.5128024220466614,0.00017966269382236648,,,,,,,,,,,,,,,
sft_esm3_mlp_combined_qwen3_8b_it_0306_010408,6070,0.6292437671694396,0.4686,1.496,,0.4979768991470337,0.00017959680272299964,,,,,,,,,,,,,,,
sft_esm3_mlp_combined_qwen3_8b_it_0306_010408,6080,0.6302804125848753,0.3661,1.4625,,0.6472129225730896,0.00017953081717956234,,,,,,,,,,,,,,,
sft_esm3_mlp_combined_qwen3_8b_it_0306_010408,6090,0.631317058000311,0.3477,1.5146,,0.5488554835319519,0.00017946473727034845,,,,,,,,,,,,,,,
sft_esm3_mlp_combined_qwen3_8b_it_0306_010408,6100,0.6323537034157466,0.4074,1.4916,,0.5517231225967407,0.00017939856307376388,,,,,,,,,,,,,,,
sft_esm3_mlp_combined_qwen3_8b_it_0306_010408,6110,0.6333903488311823,0.3854,1.3685,,0.5823243260383606,0.00017933229466832632,,,,,,,,,,,,,,,
sft_esm3_mlp_combined_qwen3_8b_it_0306_010408,6120,0.634426994246618,0.3826,1.4691,,0.4855203330516815,0.00017926593213266528,,,,,,,,,,,,,,,
sft_esm3_mlp_combined_qwen3_8b_it_0306_010408,6130,0.6354636396620535,0.4546,1.5152,,0.5565938353538513,0.00017919947554552196,,,,,,,,,,,,,,,
sft_esm3_mlp_combined_qwen3_8b_it_0306_010408,6140,0.6365002850774892,0.3682,1.4132,,0.5856984257698059,0.00017913292498574922,,,,,,,,,,,,,,,
sft_esm3_mlp_combined_qwen3_8b_it_0306_010408,6150,0.6375369304929249,0.3923,1.4915,,0.5221431255340576,0.0001790662805323113,,,,,,,,,,,,,,,
sft_esm3_mlp_combined_qwen3_8b_it_0306_010408,6160,0.6385735759083605,0.4189,1.4251,,0.5459516644477844,0.00017899954226428393,,,,,,,,,,,,,,,
sft_esm3_mlp_combined_qwen3_8b_it_0306_010408,6170,0.6396102213237962,0.4125,1.5098,,0.5234940052032471,0.0001789327102608541,,,,,,,,,,,,,,,
sft_esm3_mlp_combined_qwen3_8b_it_0306_010408,6180,0.6406468667392319,0.4481,1.5172,,0.5471693277359009,0.00017886578460132011,,,,,,,,,,,,,,,
sft_esm3_mlp_combined_qwen3_8b_it_0306_010408,6190,0.6416835121546675,0.3286,1.4072,,0.5147290825843811,0.00017879876536509127,,,,,,,,,,,,,,,
sft_esm3_mlp_combined_qwen3_8b_it_0306_010408,6200,0.6427201575701031,0.419,1.5266,,0.51288902759552,0.000178731652631688,,,,,,,,,,,,,,,
sft_esm3_mlp_combined_qwen3_8b_it_0306_010408,6210,0.6437568029855388,0.4052,1.444,,0.6607027649879456,0.00017866444648074166,,,,,,,,,,,,,,,
sft_esm3_mlp_combined_qwen3_8b_it_0306_010408,6220,0.6447934484009744,0.3923,1.4479,,0.5119706988334656,0.00017859714699199438,,,,,,,,,,,,,,,
sft_esm3_mlp_combined_qwen3_8b_it_0306_010408,6230,0.6458300938164101,0.4329,1.4678,,0.45441997051239014,0.0001785297542452991,,,,,,,,,,,,,,,
sft_esm3_mlp_combined_qwen3_8b_it_0306_010408,6240,0.6468667392318458,0.366,1.4064,,0.5591163039207458,0.00017846226832061944,,,,,,,,,,,,,,,
sft_esm3_mlp_combined_qwen3_8b_it_0306_010408,6250,0.6479033846472814,0.3546,1.4492,,0.49837061762809753,0.0001783946892980295,,,,,,,,,,,,,,,
sft_esm3_mlp_combined_qwen3_8b_it_0306_010408,6250,0.6479033846472814,0.4724,,0.3820732533931732,,,,,,,,,,,,,,,,,
sft_esm3_mlp_combined_qwen3_8b_it_0306_010408,6260,0.648940030062717,0.4452,1.4742,,0.5370898842811584,0.00017832701725771388,,,,,,,,,,,,,,,
sft_esm3_mlp_combined_qwen3_8b_it_0306_010408,6270,0.6499766754781527,0.3428,1.4112,,0.5257253646850586,0.0001782592522799676,,,,,,,,,,,,,,,
sft_esm3_mlp_combined_qwen3_8b_it_0306_010408,6280,0.6510133208935883,0.3804,1.4571,,0.4514904022216797,0.0001781913944451958,,,,,,,,,,,,,,,
sft_esm3_mlp_combined_qwen3_8b_it_0306_010408,6290,0.652049966309024,0.4118,1.4452,,0.7319955825805664,0.000178123443833914,,,,,,,,,,,,,,,
sft_esm3_mlp_combined_qwen3_8b_it_0306_010408,6300,0.6530866117244597,0.3755,1.4837,,0.4654780626296997,0.0001780554005267477,,,,,,,,,,,,,,,
sft_esm3_mlp_combined_qwen3_8b_it_0306_010408,6310,0.6541232571398953,0.3967,1.4439,,0.5547196865081787,0.00017798726460443233,,,,,,,,,,,,,,,
sft_esm3_mlp_combined_qwen3_8b_it_0306_010408,6320,0.655159902555331,0.3956,1.4274,,0.632162868976593,0.0001779190361478133,,,,,,,,,,,,,,,
sft_esm3_mlp_combined_qwen3_8b_it_0306_010408,6330,0.6561965479707667,0.3822,1.4772,,0.5286613702774048,0.00017785071523784582,,,,,,,,,,,,,,,
sft_esm3_mlp_combined_qwen3_8b_it_0306_010408,6340,0.6572331933862022,0.439,1.5308,,0.6229611039161682,0.00017778230195559472,,,,,,,,,,,,,,,
sft_esm3_mlp_combined_qwen3_8b_it_0306_010408,6350,0.6582698388016379,0.3071,1.4139,,0.5613670349121094,0.00017771379638223452,,,,,,,,,,,,,,,
sft_esm3_mlp_combined_qwen3_8b_it_0306_010408,6360,0.6593064842170735,0.4661,1.4745,,0.4835030436515808,0.00017764519859904914,,,,,,,,,,,,,,,
sft_esm3_mlp_combined_qwen3_8b_it_0306_010408,6370,0.6603431296325092,0.3612,1.4458,,0.7305859923362732,0.000177576508687432,,,,,,,,,,,,,,,
sft_esm3_mlp_combined_qwen3_8b_it_0306_010408,6380,0.6613797750479449,0.3683,1.4383,,0.5587407946586609,0.00017750772672888582,,,,,,,,,,,,,,,
sft_esm3_mlp_combined_qwen3_8b_it_0306_010408,6390,0.6624164204633805,0.4612,1.5152,,0.50620037317276,0.00017743885280502254,,,,,,,,,,,,,,,
sft_esm3_mlp_combined_qwen3_8b_it_0306_010408,6400,0.6634530658788161,0.368,1.4488,,0.5523916482925415,0.00017736988699756318,,,,,,,,,,,,,,,
sft_esm3_mlp_combined_qwen3_8b_it_0306_010408,6410,0.6644897112942518,0.3594,1.4576,,0.47560733556747437,0.0001773008293883378,,,,,,,,,,,,,,,
sft_esm3_mlp_combined_qwen3_8b_it_0306_010408,6420,0.6655263567096874,0.3851,1.4933,,0.5888247489929199,0.00017723168005928539,,,,,,,,,,,,,,,
sft_esm3_mlp_combined_qwen3_8b_it_0306_010408,6430,0.6665630021251231,0.3697,1.372,,0.5492026805877686,0.00017716243909245377,,,,,,,,,,,,,,,
sft_esm3_mlp_combined_qwen3_8b_it_0306_010408,6440,0.6675996475405588,0.4048,1.495,,0.5090485215187073,0.0001770931065699995,,,,,,,,,,,,,,,
sft_esm3_mlp_combined_qwen3_8b_it_0306_010408,6450,0.6686362929559944,0.3627,1.474,,0.6836345791816711,0.00017702368257418777,,,,,,,,,,,,,,,
sft_esm3_mlp_combined_qwen3_8b_it_0306_010408,6460,0.66967293837143,0.4119,1.4171,,0.4933173954486847,0.0001769541671873923,,,,,,,,,,,,,,,
sft_esm3_mlp_combined_qwen3_8b_it_0306_010408,6470,0.6707095837868657,0.3875,1.5572,,0.5404702425003052,0.00017688456049209524,,,,,,,,,,,,,,,
sft_esm3_mlp_combined_qwen3_8b_it_0306_010408,6480,0.6717462292023013,0.3814,1.4535,,0.6282719373703003,0.00017681486257088705,,,,,,,,,,,,,,,
sft_esm3_mlp_combined_qwen3_8b_it_0306_010408,6490,0.672782874617737,0.404,1.4598,,0.5283654928207397,0.00017674507350646655,,,,,,,,,,,,,,,
sft_esm3_mlp_combined_qwen3_8b_it_0306_010408,6500,0.6738195200331727,0.3915,1.5079,,0.6256105899810791,0.0001766751933816406,,,,,,,,,,,,,,,
sft_esm3_mlp_combined_qwen3_8b_it_0306_010408,6500,0.6738195200331727,0.4245,,0.37943482398986816,,,,,,,,,,,,,,,,,
sft_esm3_mlp_combined_qwen3_8b_it_0306_010408,6510,0.6748561654486083,0.3914,1.4045,,0.5599173307418823,0.00017660522227932408,,,,,,,,,,,,,,,
sft_esm3_mlp_combined_qwen3_8b_it_0306_010408,6520,0.675892810864044,0.4464,1.5325,,0.49246057868003845,0.00017653516028253994,,,,,,,,,,,,,,,
sft_esm3_mlp_combined_qwen3_8b_it_0306_010408,6530,0.6769294562794796,0.36,1.4138,,0.5695907473564148,0.00017646500747441884,,,,,,,,,,,,,,,
sft_esm3_mlp_combined_qwen3_8b_it_0306_010408,6540,0.6779661016949152,0.4224,1.4519,,0.4950980842113495,0.00017639476393819929,,,,,,,,,,,,,,,
sft_esm3_mlp_combined_qwen3_8b_it_0306_010408,6550,0.6790027471103509,0.4029,1.5398,,0.5765064358711243,0.00017632442975722742,,,,,,,,,,,,,,,
sft_esm3_mlp_combined_qwen3_8b_it_0306_010408,6560,0.6800393925257866,0.3748,1.3861,,0.5637131333351135,0.00017625400501495694,,,,,,,,,,,,,,,
sft_esm3_mlp_combined_qwen3_8b_it_0306_010408,6570,0.6810760379412222,0.3886,1.4989,,0.47087839245796204,0.00017618348979494896,,,,,,,,,,,,,,,
sft_esm3_mlp_combined_qwen3_8b_it_0306_010408,6580,0.6821126833566579,0.4376,1.4579,,0.6129555702209473,0.00017611288418087196,,,,,,,,,,,,,,,
sft_esm3_mlp_combined_qwen3_8b_it_0306_010408,6590,0.6831493287720936,0.3829,1.3794,,0.5090144872665405,0.00017604218825650173,,,,,,,,,,,,,,,
sft_esm3_mlp_combined_qwen3_8b_it_0306_010408,6600,0.6841859741875291,0.367,1.5286,,0.5033524036407471,0.0001759714021057211,,,,,,,,,,,,,,,
sft_esm3_mlp_combined_qwen3_8b_it_0306_010408,6610,0.6852226196029648,0.3805,1.4282,,0.6105337142944336,0.0001759005258125201,,,,,,,,,,,,,,,
sft_esm3_mlp_combined_qwen3_8b_it_0306_010408,6620,0.6862592650184005,0.3616,1.4855,,0.5181137919425964,0.00017582955946099558,,,,,,,,,,,,,,,
sft_esm3_mlp_combined_qwen3_8b_it_0306_010408,6630,0.6872959104338361,0.3515,1.5223,,0.5356408357620239,0.00017575850313535142,,,,,,,,,,,,,,,
sft_esm3_mlp_combined_qwen3_8b_it_0306_010408,6640,0.6883325558492718,0.4043,1.3896,,0.5350277423858643,0.00017568735691989804,,,,,,,,,,,,,,,
sft_esm3_mlp_combined_qwen3_8b_it_0306_010408,6650,0.6893692012647074,0.3859,1.5378,,0.4995739459991455,0.00017561612089905267,,,,,,,,,,,,,,,
sft_esm3_mlp_combined_qwen3_8b_it_0306_010408,6660,0.690405846680143,0.484,1.4911,,0.6608572006225586,0.00017554479515733906,,,,,,,,,,,,,,,
sft_esm3_mlp_combined_qwen3_8b_it_0306_010408,6670,0.6914424920955787,0.3405,1.3827,,0.5395162105560303,0.0001754733797793874,,,,,,,,,,,,,,,
sft_esm3_mlp_combined_qwen3_8b_it_0306_010408,6680,0.6924791375110143,0.4397,1.4976,,0.49306631088256836,0.00017540187484993425,,,,,,,,,,,,,,,
sft_esm3_mlp_combined_qwen3_8b_it_0306_010408,6690,0.69351578292645,0.3597,1.4284,,0.5871477723121643,0.0001753302804538224,,,,,,,,,,,,,,,
sft_esm3_mlp_combined_qwen3_8b_it_0306_010408,6700,0.6945524283418857,0.3945,1.4466,,0.4918365776538849,0.00017525859667600084,,,,,,,,,,,,,,,
sft_esm3_mlp_combined_qwen3_8b_it_0306_010408,6710,0.6955890737573213,0.4267,1.5324,,0.5928035974502563,0.00017518682360152463,,,,,,,,,,,,,,,
sft_esm3_mlp_combined_qwen3_8b_it_0306_010408,6720,0.696625719172757,0.3418,1.3744,,0.5259472131729126,0.00017511496131555467,,,,,,,,,,,,,,,
sft_esm3_mlp_combined_qwen3_8b_it_0306_010408,6730,0.6976623645881926,0.4389,1.4818,,0.5749549865722656,0.00017504300990335784,,,,,,,,,,,,,,,
sft_esm3_mlp_combined_qwen3_8b_it_0306_010408,6740,0.6986990100036282,0.4375,1.5016,,0.7368844151496887,0.0001749709694503067,,,,,,,,,,,,,,,
sft_esm3_mlp_combined_qwen3_8b_it_0306_010408,6750,0.6997356554190639,0.3876,1.3781,,0.5283634662628174,0.00017489884004187947,,,,,,,,,,,,,,,
sft_esm3_mlp_combined_qwen3_8b_it_0306_010408,6750,0.6997356554190639,0.4567,,0.37749549746513367,,,,,,,,,,,,,,,,,
sft_esm3_mlp_combined_qwen3_8b_it_0306_010408,6760,0.7007723008344996,0.4081,1.4887,,0.47917917370796204,0.00017482662176365995,,,,,,,,,,,,,,,
sft_esm3_mlp_combined_qwen3_8b_it_0306_010408,6770,0.7018089462499352,0.3693,1.4541,,0.6337282061576843,0.00017475431470133734,,,,,,,,,,,,,,,
sft_esm3_mlp_combined_qwen3_8b_it_0306_010408,6780,0.7028455916653709,0.4044,1.459,,0.5437795519828796,0.0001746819189407062,,,,,,,,,,,,,,,
sft_esm3_mlp_combined_qwen3_8b_it_0306_010408,6790,0.7038822370808065,0.4086,1.519,,0.6563374996185303,0.00017460943456766635,,,,,,,,,,,,,,,
sft_esm3_mlp_combined_qwen3_8b_it_0306_010408,6800,0.7049188824962421,0.3596,1.4147,,0.5650702714920044,0.00017453686166822276,,,,,,,,,,,,,,,
sft_esm3_mlp_combined_qwen3_8b_it_0306_010408,6810,0.7059555279116778,0.4565,1.4559,,0.4869285821914673,0.00017446420032848542,,,,,,,,,,,,,,,
sft_esm3_mlp_combined_qwen3_8b_it_0306_010408,6820,0.7069921733271135,0.3692,1.4709,,0.5903561115264893,0.00017439145063466923,,,,,,,,,,,,,,,
sft_esm3_mlp_combined_qwen3_8b_it_0306_010408,6830,0.7080288187425491,0.3677,1.3981,,0.5056526064872742,0.000174318612673094,,,,,,,,,,,,,,,
sft_esm3_mlp_combined_qwen3_8b_it_0306_010408,6840,0.7090654641579848,0.4514,1.5241,,0.5104149580001831,0.00017424568653018417,,,,,,,,,,,,,,,
sft_esm3_mlp_combined_qwen3_8b_it_0306_010408,6850,0.7101021095734205,0.3191,1.413,,0.5996108651161194,0.0001741726722924689,,,,,,,,,,,,,,,
sft_esm3_mlp_combined_qwen3_8b_it_0306_010408,6860,0.711138754988856,0.3699,1.4511,,0.5614352226257324,0.00017409957004658187,,,,,,,,,,,,,,,
sft_esm3_mlp_combined_qwen3_8b_it_0306_010408,6870,0.7121754004042917,0.4435,1.5355,,0.6157987117767334,0.00017402637987926108,,,,,,,,,,,,,,,
sft_esm3_mlp_combined_qwen3_8b_it_0306_010408,6880,0.7132120458197274,0.369,1.354,,0.4518046975135803,0.000173953101877349,,,,,,,,,,,,,,,
sft_esm3_mlp_combined_qwen3_8b_it_0306_010408,6890,0.714248691235163,0.4093,1.4497,,0.49118199944496155,0.0001738797361277922,,,,,,,,,,,,,,,
sft_esm3_mlp_combined_qwen3_8b_it_0306_010408,6900,0.7152853366505987,0.3394,1.4498,,0.5757914781570435,0.00017380628271764146,,,,,,,,,,,,,,,
sft_esm3_mlp_combined_qwen3_8b_it_0306_010408,6910,0.7163219820660344,0.341,1.4426,,0.5463186502456665,0.00017373274173405147,,,,,,,,,,,,,,,
sft_esm3_mlp_combined_qwen3_8b_it_0306_010408,6920,0.71735862748147,0.4154,1.5197,,0.5549689531326294,0.00017365911326428096,,,,,,,,,,,,,,,
sft_esm3_mlp_combined_qwen3_8b_it_0306_010408,6930,0.7183952728969056,0.3471,1.3733,,0.6468015313148499,0.00017358539739569233,,,,,,,,,,,,,,,
sft_esm3_mlp_combined_qwen3_8b_it_0306_010408,6940,0.7194319183123412,0.38,1.46,,0.5879062414169312,0.00017351159421575174,,,,,,,,,,,,,,,
sft_esm3_mlp_combined_qwen3_8b_it_0306_010408,6950,0.7204685637277769,0.4352,1.5068,,0.5934736132621765,0.00017343770381202895,,,,,,,,,,,,,,,
sft_esm3_mlp_combined_qwen3_8b_it_0306_010408,6960,0.7215052091432126,0.3663,1.3958,,0.5518680810928345,0.00017336372627219725,,,,,,,,,,,,,,,
sft_esm3_mlp_combined_qwen3_8b_it_0306_010408,6970,0.7225418545586482,0.3924,1.5114,,0.5103850960731506,0.00017328966168403322,,,,,,,,,,,,,,,
sft_esm3_mlp_combined_qwen3_8b_it_0306_010408,6980,0.7235784999740839,0.4338,1.4665,,0.6041204929351807,0.00017321551013541685,,,,,,,,,,,,,,,
sft_esm3_mlp_combined_qwen3_8b_it_0306_010408,6990,0.7246151453895195,0.3647,1.4636,,0.48610424995422363,0.00017314127171433118,,,,,,,,,,,,,,,
sft_esm3_mlp_combined_qwen3_8b_it_0306_010408,7000,0.7256517908049551,0.4425,1.5352,,0.5298511385917664,0.00017306694650886248,,,,,,,,,,,,,,,
sft_esm3_mlp_combined_qwen3_8b_it_0306_010408,7000,0.7256517908049551,0.4663,,0.37444639205932617,,,,,,,,,,,,,,,,,
sft_esm3_mlp_combined_qwen3_8b_it_0306_010408,7010,0.7266884362203908,0.386,1.414,,0.633687436580658,0.00017299253460719983,,,,,,,,,,,,,,,
sft_esm3_mlp_combined_qwen3_8b_it_0306_010408,7020,0.7277250816358265,0.391,1.4999,,0.5389833450317383,0.00017291803609763528,,,,,,,,,,,,,,,
sft_esm3_mlp_combined_qwen3_8b_it_0306_010408,7030,0.7287617270512621,0.4593,1.457,,0.6062605381011963,0.00017284345106856363,,,,,,,,,,,,,,,
sft_esm3_mlp_combined_qwen3_8b_it_0306_010408,7040,0.7297983724666978,0.3581,1.388,,0.5586423873901367,0.00017276877960848235,,,,,,,,,,,,,,,
sft_esm3_mlp_combined_qwen3_8b_it_0306_010408,7050,0.7308350178821335,0.4726,1.5303,,0.5391196012496948,0.00017269402180599138,,,,,,,,,,,,,,,
sft_esm3_mlp_combined_qwen3_8b_it_0306_010408,7060,0.731871663297569,0.4342,1.4202,,0.5874900817871094,0.00017261917774979318,,,,,,,,,,,,,,,
sft_esm3_mlp_combined_qwen3_8b_it_0306_010408,7070,0.7329083087130047,0.3933,1.4434,,0.49256253242492676,0.00017254424752869256,,,,,,,,,,,,,,,
sft_esm3_mlp_combined_qwen3_8b_it_0306_010408,7080,0.7339449541284404,0.4383,1.4975,,0.5638055205345154,0.00017246923123159652,,,,,,,,,,,,,,,
sft_esm3_mlp_combined_qwen3_8b_it_0306_010408,7090,0.734981599543876,0.3408,1.4029,,0.5321687459945679,0.0001723941289475143,,,,,,,,,,,,,,,
sft_esm3_mlp_combined_qwen3_8b_it_0306_010408,7100,0.7360182449593117,0.3877,1.4896,,0.5314649939537048,0.00017231894076555698,,,,,,,,,,,,,,,
sft_esm3_mlp_combined_qwen3_8b_it_0306_010408,7110,0.7370548903747474,0.4148,1.4719,,0.6513801217079163,0.00017224366677493774,,,,,,,,,,,,,,,
sft_esm3_mlp_combined_qwen3_8b_it_0306_010408,7120,0.7380915357901829,0.3588,1.3987,,0.48649001121520996,0.00017216830706497143,,,,,,,,,,,,,,,
sft_esm3_mlp_combined_qwen3_8b_it_0306_010408,7130,0.7391281812056186,0.4096,1.4567,,0.48269233107566833,0.00017209286172507472,,,,,,,,,,,,,,,
sft_esm3_mlp_combined_qwen3_8b_it_0306_010408,7140,0.7401648266210543,0.4029,1.4114,,0.5633978843688965,0.00017201733084476587,,,,,,,,,,,,,,,
sft_esm3_mlp_combined_qwen3_8b_it_0306_010408,7150,0.7412014720364899,0.37,1.4647,,0.47509053349494934,0.00017194171451366454,,,,,,,,,,,,,,,
sft_esm3_mlp_combined_qwen3_8b_it_0306_010408,7160,0.7422381174519256,0.4429,1.4773,,0.5349145531654358,0.0001718660128214919,,,,,,,,,,,,,,,
sft_esm3_mlp_combined_qwen3_8b_it_0306_010408,7170,0.7432747628673613,0.3508,1.4141,,0.5371698141098022,0.00017179022585807037,,,,,,,,,,,,,,,
sft_esm3_mlp_combined_qwen3_8b_it_0306_010408,7180,0.7443114082827968,0.379,1.4903,,0.5154187679290771,0.00017171435371332345,,,,,,,,,,,,,,,
sft_esm3_mlp_combined_qwen3_8b_it_0306_010408,7190,0.7453480536982325,0.4341,1.4695,,0.5794472098350525,0.00017163839647727587,,,,,,,,,,,,,,,
sft_esm3_mlp_combined_qwen3_8b_it_0306_010408,7200,0.7463846991136681,0.3687,1.4154,,0.5602428913116455,0.0001715623542400532,,,,,,,,,,,,,,,
sft_esm3_mlp_combined_qwen3_8b_it_0306_010408,7210,0.7474213445291038,0.401,1.4554,,0.5000751614570618,0.00017148622709188186,,,,,,,,,,,,,,,
sft_esm3_mlp_combined_qwen3_8b_it_0306_010408,7220,0.7484579899445395,0.3917,1.4049,,0.5840665698051453,0.00017141001512308916,,,,,,,,,,,,,,,
sft_esm3_mlp_combined_qwen3_8b_it_0306_010408,7230,0.7494946353599751,0.3837,1.4863,,0.5157343745231628,0.00017133371842410292,,,,,,,,,,,,,,,
sft_esm3_mlp_combined_qwen3_8b_it_0306_010408,7240,0.7505312807754108,0.4258,1.4396,,0.5614994764328003,0.00017125733708545156,,,,,,,,,,,,,,,
sft_esm3_mlp_combined_qwen3_8b_it_0306_010408,7250,0.7515679261908464,0.3581,1.4029,,0.5761623382568359,0.00017118087119776386,,,,,,,,,,,,,,,
sft_esm3_mlp_combined_qwen3_8b_it_0306_010408,7250,0.7515679261908464,0.461,,0.37549176812171936,,,,,,,,,,,,,,,,,
sft_esm3_mlp_combined_qwen3_8b_it_0306_010408,7260,0.752604571606282,0.3813,1.4647,,0.47059452533721924,0.00017110432085176895,,,,,,,,,,,,,,,
sft_esm3_mlp_combined_qwen3_8b_it_0306_010408,7270,0.7536412170217177,0.4217,1.4642,,0.6116552352905273,0.00017102768613829625,,,,,,,,,,,,,,,
sft_esm3_mlp_combined_qwen3_8b_it_0306_010408,7280,0.7546778624371534,0.3512,1.3657,,0.45016369223594666,0.00017095096714827518,,,,,,,,,,,,,,,
sft_esm3_mlp_combined_qwen3_8b_it_0306_010408,7290,0.755714507852589,0.4266,1.4494,,0.486566960811615,0.00017087416397273521,,,,,,,,,,,,,,,
sft_esm3_mlp_combined_qwen3_8b_it_0306_010408,7300,0.7567511532680247,0.3492,1.4403,,0.6399690508842468,0.0001707972767028057,,,,,,,,,,,,,,,
sft_esm3_mlp_combined_qwen3_8b_it_0306_010408,7310,0.7577877986834604,0.4003,1.4129,,0.46200090646743774,0.00017072030542971572,,,,,,,,,,,,,,,
sft_esm3_mlp_combined_qwen3_8b_it_0306_010408,7320,0.7588244440988959,0.4755,1.5716,,0.5590789914131165,0.0001706432502447941,,,,,,,,,,,,,,,
sft_esm3_mlp_combined_qwen3_8b_it_0306_010408,7330,0.7598610895143316,0.3408,1.3871,,0.5662947297096252,0.00017056611123946922,,,,,,,,,,,,,,,
sft_esm3_mlp_combined_qwen3_8b_it_0306_010408,7340,0.7608977349297673,0.4149,1.4598,,0.5340346097946167,0.0001704888885052689,,,,,,,,,,,,,,,
sft_esm3_mlp_combined_qwen3_8b_it_0306_010408,7350,0.7619343803452029,0.3627,1.4566,,0.6313505172729492,0.00017041158213382027,,,,,,,,,,,,,,,
sft_esm3_mlp_combined_qwen3_8b_it_0306_010408,7360,0.7629710257606386,0.3945,1.4348,,0.43030622601509094,0.00017033419221684974,,,,,,,,,,,,,,,
sft_esm3_mlp_combined_qwen3_8b_it_0306_010408,7370,0.7640076711760743,0.4645,1.4954,,0.503337562084198,0.00017025671884618286,,,,,,,,,,,,,,,
sft_esm3_mlp_combined_qwen3_8b_it_0306_010408,7380,0.7650443165915098,0.3555,1.4344,,0.6003665924072266,0.00017017916211374418,,,,,,,,,,,,,,,
sft_esm3_mlp_combined_qwen3_8b_it_0306_010408,7390,0.7660809620069455,0.4346,1.4165,,0.5329621434211731,0.00017010152211155717,,,,,,,,,,,,,,,
sft_esm3_mlp_combined_qwen3_8b_it_0306_010408,7400,0.7671176074223812,0.4312,1.5249,,0.6042088270187378,0.00017002379893174408,,,,,,,,,,,,,,,
sft_esm3_mlp_combined_qwen3_8b_it_0306_010408,7410,0.7681542528378168,0.3592,1.3848,,0.5474156141281128,0.00016994599266652584,,,,,,,,,,,,,,,
sft_esm3_mlp_combined_qwen3_8b_it_0306_010408,7420,0.7691908982532525,0.4397,1.4828,,0.4401315748691559,0.00016986810340822208,,,,,,,,,,,,,,,
sft_esm3_mlp_combined_qwen3_8b_it_0306_010408,7430,0.7702275436686882,0.3789,1.4604,,0.6506692171096802,0.00016979013124925074,,,,,,,,,,,,,,,
sft_esm3_mlp_combined_qwen3_8b_it_0306_010408,7440,0.7712641890841238,0.4116,1.3711,,0.5087814927101135,0.00016971207628212821,,,,,,,,,,,,,,,
sft_esm3_mlp_combined_qwen3_8b_it_0306_010408,7450,0.7723008344995594,0.3998,1.4626,,0.5028235912322998,0.00016963393859946918,,,,,,,,,,,,,,,
sft_esm3_mlp_combined_qwen3_8b_it_0306_010408,7460,0.7733374799149951,0.3646,1.4259,,0.616633415222168,0.00016955571829398633,,,,,,,,,,,,,,,
sft_esm3_mlp_combined_qwen3_8b_it_0306_010408,7470,0.7743741253304307,0.4463,1.4377,,0.4409044086933136,0.00016947741545849057,,,,,,,,,,,,,,,
sft_esm3_mlp_combined_qwen3_8b_it_0306_010408,7480,0.7754107707458664,0.3784,1.5223,,0.6154346466064453,0.00016939903018589058,,,,,,,,,,,,,,,
sft_esm3_mlp_combined_qwen3_8b_it_0306_010408,7490,0.776447416161302,0.3228,1.3808,,0.556540846824646,0.00016932056256919296,,,,,,,,,,,,,,,
sft_esm3_mlp_combined_qwen3_8b_it_0306_010408,7500,0.7774840615767377,0.4402,1.464,,0.4944770038127899,0.00016924201270150194,,,,,,,,,,,,,,,
sft_esm3_mlp_combined_qwen3_8b_it_0306_010408,7500,0.7774840615767377,0.4599,,0.37631934881210327,,,,,,,,,,,,,,,,,
sft_esm3_mlp_combined_qwen3_8b_it_0306_010408,7510,0.7785207069921734,0.3758,1.4865,,0.6268556118011475,0.00016916338067601933,,,,,,,,,,,,,,,
sft_esm3_mlp_combined_qwen3_8b_it_0306_010408,7520,0.7795573524076089,0.3365,1.3932,,0.4903012812137604,0.0001690846665860445,,,,,,,,,,,,,,,
sft_esm3_mlp_combined_qwen3_8b_it_0306_010408,7530,0.7805939978230446,0.4469,1.4964,,0.4937763810157776,0.0001690058705249742,,,,,,,,,,,,,,,
sft_esm3_mlp_combined_qwen3_8b_it_0306_010408,7540,0.7816306432384803,0.3665,1.3604,,0.5126203298568726,0.0001689269925863023,,,,,,,,,,,,,,,
sft_esm3_mlp_combined_qwen3_8b_it_0306_010408,7550,0.7826672886539159,0.4202,1.4858,,0.5023120641708374,0.00016884803286362,,,,,,,,,,,,,,,
sft_esm3_mlp_combined_qwen3_8b_it_0306_010408,7560,0.7837039340693516,0.3555,1.4997,,0.7812842726707458,0.00016876899145061542,,,,,,,,,,,,,,,
sft_esm3_mlp_combined_qwen3_8b_it_0306_010408,7570,0.7847405794847873,0.3645,1.38,,0.4905698299407959,0.00016868986844107364,,,,,,,,,,,,,,,
sft_esm3_mlp_combined_qwen3_8b_it_0306_010408,7580,0.7857772249002228,0.3914,1.518,,0.4957917630672455,0.00016861066392887656,,,,,,,,,,,,,,,
sft_esm3_mlp_combined_qwen3_8b_it_0306_010408,7590,0.7868138703156585,0.3543,1.3665,,0.6736475825309753,0.00016853137800800278,,,,,,,,,,,,,,,
sft_esm3_mlp_combined_qwen3_8b_it_0306_010408,7600,0.7878505157310942,0.435,1.4496,,0.49055802822113037,0.00016845201077252754,,,,,,,,,,,,,,,
sft_esm3_mlp_combined_qwen3_8b_it_0306_010408,7610,0.7888871611465298,0.3962,1.4748,,0.5274975299835205,0.00016837256231662246,,,,,,,,,,,,,,,
sft_esm3_mlp_combined_qwen3_8b_it_0306_010408,7620,0.7899238065619655,0.403,1.368,,0.5913428664207458,0.00016829303273455562,,,,,,,,,,,,,,,
sft_esm3_mlp_combined_qwen3_8b_it_0306_010408,7630,0.7909604519774012,0.3798,1.5185,,0.46924901008605957,0.00016821342212069138,,,,,,,,,,,,,,,
sft_esm3_mlp_combined_qwen3_8b_it_0306_010408,7640,0.7919970973928367,0.4216,1.4405,,0.5975407361984253,0.00016813373056949013,,,,,,,,,,,,,,,
sft_esm3_mlp_combined_qwen3_8b_it_0306_010408,7650,0.7930337428082724,0.349,1.3894,,0.5216546058654785,0.0001680539581755084,,,,,,,,,,,,,,,
sft_esm3_mlp_combined_qwen3_8b_it_0306_010408,7660,0.7940703882237081,0.4337,1.534,,0.5450637936592102,0.00016797410503339858,,,,,,,,,,,,,,,
sft_esm3_mlp_combined_qwen3_8b_it_0306_010408,7670,0.7951070336391437,0.3871,1.3884,,0.5374116897583008,0.0001678941712379089,,,,,,,,,,,,,,,
sft_esm3_mlp_combined_qwen3_8b_it_0306_010408,7680,0.7961436790545794,0.3809,1.4365,,0.499702125787735,0.0001678141568838833,,,,,,,,,,,,,,,
sft_esm3_mlp_combined_qwen3_8b_it_0306_010408,7690,0.7971803244700151,0.4274,1.4735,,0.5430838465690613,0.00016773406206626126,,,,,,,,,,,,,,,
sft_esm3_mlp_combined_qwen3_8b_it_0306_010408,7700,0.7982169698854507,0.4126,1.3548,,0.5226513147354126,0.00016765388688007776,,,,,,,,,,,,,,,
sft_esm3_mlp_combined_qwen3_8b_it_0306_010408,7710,0.7992536153008863,0.3642,1.4869,,0.5128280520439148,0.00016757363142046321,,,,,,,,,,,,,,,
sft_esm3_mlp_combined_qwen3_8b_it_0306_010408,7720,0.800290260716322,0.4297,1.4331,,0.5635079145431519,0.00016749329578264312,,,,,,,,,,,,,,,
sft_esm3_mlp_combined_qwen3_8b_it_0306_010408,7730,0.8013269061317576,0.3926,1.3694,,0.5018700957298279,0.00016741288006193826,,,,,,,,,,,,,,,
sft_esm3_mlp_combined_qwen3_8b_it_0306_010408,7740,0.8023635515471933,0.4117,1.5086,,0.5358562469482422,0.00016733238435376427,,,,,,,,,,,,,,,
sft_esm3_mlp_combined_qwen3_8b_it_0306_010408,7750,0.803400196962629,0.4062,1.4035,,0.649713397026062,0.00016725180875363192,,,,,,,,,,,,,,,
sft_esm3_mlp_combined_qwen3_8b_it_0306_010408,7750,0.803400196962629,0.443,,0.37406784296035767,,,,,,,,,,,,,,,,,
sft_esm3_mlp_combined_qwen3_8b_it_0306_010408,7760,0.8044368423780646,0.3833,1.489,,0.5253614187240601,0.00016717115335714667,,,,,,,,,,,,,,,
sft_esm3_mlp_combined_qwen3_8b_it_0306_010408,7770,0.8054734877935003,0.459,1.4329,,0.5411052703857422,0.0001670904182600085,,,,,,,,,,,,,,,
sft_esm3_mlp_combined_qwen3_8b_it_0306_010408,7780,0.8065101332089358,0.3682,1.3792,,0.6053614616394043,0.00016700960355801224,,,,,,,,,,,,,,,
sft_esm3_mlp_combined_qwen3_8b_it_0306_010408,7790,0.8075467786243715,0.3898,1.4713,,0.48240625858306885,0.00016692870934704697,,,,,,,,,,,,,,,
sft_esm3_mlp_combined_qwen3_8b_it_0306_010408,7800,0.8085834240398072,0.3818,1.4353,,0.6459616422653198,0.0001668477357230962,,,,,,,,,,,,,,,
sft_esm3_mlp_combined_qwen3_8b_it_0306_010408,7810,0.8096200694552428,0.4312,1.4239,,0.48021751642227173,0.00016676668278223762,,,,,,,,,,,,,,,
sft_esm3_mlp_combined_qwen3_8b_it_0306_010408,7820,0.8106567148706785,0.4391,1.4731,,0.5352953672409058,0.00016668555062064307,,,,,,,,,,,,,,,
sft_esm3_mlp_combined_qwen3_8b_it_0306_010408,7830,0.8116933602861142,0.4033,1.3905,,0.48700520396232605,0.00016660433933457836,,,,,,,,,,,,,,,
sft_esm3_mlp_combined_qwen3_8b_it_0306_010408,7840,0.8127300057015497,0.4017,1.4609,,0.48183417320251465,0.0001665230490204032,,,,,,,,,,,,,,,
sft_esm3_mlp_combined_qwen3_8b_it_0306_010408,7850,0.8137666511169854,0.3939,1.475,,0.5634968280792236,0.00016644167977457105,,,,,,,,,,,,,,,
sft_esm3_mlp_combined_qwen3_8b_it_0306_010408,7860,0.8148032965324211,0.3855,1.3471,,0.5801621675491333,0.0001663602316936291,,,,,,,,,,,,,,,
sft_esm3_mlp_combined_qwen3_8b_it_0306_010408,7870,0.8158399419478567,0.4137,1.4823,,0.49674564599990845,0.00016627870487421795,,,,,,,,,,,,,,,
sft_esm3_mlp_combined_qwen3_8b_it_0306_010408,7880,0.8168765873632924,0.3434,1.4055,,0.5172331929206848,0.00016619709941307172,,,,,,,,,,,,,,,
sft_esm3_mlp_combined_qwen3_8b_it_0306_010408,7890,0.8179132327787281,0.4267,1.3962,,0.4888051748275757,0.00016611541540701778,,,,,,,,,,,,,,,
sft_esm3_mlp_combined_qwen3_8b_it_0306_010408,7900,0.8189498781941636,0.3923,1.5314,,0.5117422938346863,0.00016603365295297682,,,,,,,,,,,,,,,
sft_esm3_mlp_combined_qwen3_8b_it_0306_010408,7910,0.8199865236095993,0.3723,1.3444,,0.5646607279777527,0.00016595181214796242,,,,,,,,,,,,,,,
sft_esm3_mlp_combined_qwen3_8b_it_0306_010408,7920,0.821023169025035,0.4087,1.4522,,0.47253677248954773,0.0001658698930890813,,,,,,,,,,,,,,,
sft_esm3_mlp_combined_qwen3_8b_it_0306_010408,7930,0.8220598144404706,0.3532,1.5101,,0.6621338129043579,0.00016578789587353294,,,,,,,,,,,,,,,
sft_esm3_mlp_combined_qwen3_8b_it_0306_010408,7940,0.8230964598559063,0.3615,1.3624,,0.5598440170288086,0.00016570582059860956,,,,,,,,,,,,,,,
sft_esm3_mlp_combined_qwen3_8b_it_0306_010408,7950,0.824133105271342,0.4027,1.4549,,0.49687251448631287,0.00016562366736169604,,,,,,,,,,,,,,,
sft_esm3_mlp_combined_qwen3_8b_it_0306_010408,7960,0.8251697506867776,0.3939,1.4319,,0.7177188396453857,0.00016554143626026972,,,,,,,,,,,,,,,
sft_esm3_mlp_combined_qwen3_8b_it_0306_010408,7970,0.8262063961022132,0.4607,1.4365,,0.445286363363266,0.00016545912739190035,,,,,,,,,,,,,,,
sft_esm3_mlp_combined_qwen3_8b_it_0306_010408,7980,0.8272430415176489,0.3976,1.5309,,0.6861628890037537,0.00016537674085424995,,,,,,,,,,,,,,,
sft_esm3_mlp_combined_qwen3_8b_it_0306_010408,7990,0.8282796869330845,0.3545,1.3547,,0.5132462978363037,0.0001652942767450727,,,,,,,,,,,,,,,
sft_esm3_mlp_combined_qwen3_8b_it_0306_010408,8000,0.8293163323485202,0.397,1.4578,,0.45827558636665344,0.0001652117351622148,,,,,,,,,,,,,,,
sft_esm3_mlp_combined_qwen3_8b_it_0306_010408,8000,0.8293163323485202,0.4227,,0.3698214590549469,,,,,,,,,,,,,,,,,
sft_esm3_mlp_combined_qwen3_8b_it_0306_010408,8010,0.8303529777639559,0.3577,1.4355,,0.5603209733963013,0.00016512911620361444,,,,,,,,,,,,,,,
sft_esm3_mlp_combined_qwen3_8b_it_0306_010408,8020,0.8313896231793915,0.4138,1.3941,,0.5399854183197021,0.00016504641996730154,,,,,,,,,,,,,,,
sft_esm3_mlp_combined_qwen3_8b_it_0306_010408,8030,0.8324262685948272,0.3922,1.4978,,0.5681164860725403,0.00016496364655139772,,,,,,,,,,,,,,,
sft_esm3_mlp_combined_qwen3_8b_it_0306_010408,8040,0.8334629140102627,0.3528,1.3617,,0.6096344590187073,0.00016488079605411627,,,,,,,,,,,,,,,
sft_esm3_mlp_combined_qwen3_8b_it_0306_010408,8050,0.8344995594256984,0.3835,1.421,,0.5214381814002991,0.0001647978685737618,,,,,,,,,,,,,,,
sft_esm3_mlp_combined_qwen3_8b_it_0306_010408,8060,0.8355362048411341,0.4261,1.4889,,0.61624675989151,0.00016471486420873037,,,,,,,,,,,,,,,
sft_esm3_mlp_combined_qwen3_8b_it_0306_010408,8070,0.8365728502565697,0.3508,1.34,,0.5247325897216797,0.0001646317830575092,,,,,,,,,,,,,,,
sft_esm3_mlp_combined_qwen3_8b_it_0306_010408,8080,0.8376094956720054,0.3838,1.4977,,0.48527050018310547,0.0001645486252186767,,,,,,,,,,,,,,,
sft_esm3_mlp_combined_qwen3_8b_it_0306_010408,8090,0.8386461410874411,0.3537,1.4063,,0.6118981242179871,0.00016446539079090217,,,,,,,,,,,,,,,
sft_esm3_mlp_combined_qwen3_8b_it_0306_010408,8100,0.8396827865028766,0.4156,1.4157,,0.5250023603439331,0.00016438207987294585,,,,,,,,,,,,,,,
sft_esm3_mlp_combined_qwen3_8b_it_0306_010408,8110,0.8407194319183123,0.3921,1.4646,,0.49429062008857727,0.00016429869256365872,,,,,,,,,,,,,,,
sft_esm3_mlp_combined_qwen3_8b_it_0306_010408,8120,0.841756077333748,0.3977,1.3615,,0.5503540635108948,0.0001642152289619824,,,,,,,,,,,,,,,
sft_esm3_mlp_combined_qwen3_8b_it_0306_010408,8130,0.8427927227491836,0.4186,1.4883,,0.510670006275177,0.00016413168916694907,,,,,,,,,,,,,,,
sft_esm3_mlp_combined_qwen3_8b_it_0306_010408,8140,0.8438293681646193,0.4012,1.4361,,0.5873093605041504,0.00016404807327768123,,,,,,,,,,,,,,,
sft_esm3_mlp_combined_qwen3_8b_it_0306_010408,8150,0.844866013580055,0.3514,1.3823,,0.5872306227684021,0.00016396438139339178,,,,,,,,,,,,,,,
sft_esm3_mlp_combined_qwen3_8b_it_0306_010408,8160,0.8459026589954906,0.3564,1.474,,0.4698600172996521,0.0001638806136133837,,,,,,,,,,,,,,,
sft_esm3_mlp_combined_qwen3_8b_it_0306_010408,8170,0.8469393044109262,0.373,1.4018,,0.5520006418228149,0.00016379677003705006,,,,,,,,,,,,,,,
sft_esm3_mlp_combined_qwen3_8b_it_0306_010408,8180,0.8479759498263619,0.383,1.4393,,0.5332967638969421,0.00016371285076387384,,,,,,,,,,,,,,,
sft_esm3_mlp_combined_qwen3_8b_it_0306_010408,8190,0.8490125952417975,0.3865,1.4791,,0.5605089068412781,0.00016362885589342785,,,,,,,,,,,,,,,
sft_esm3_mlp_combined_qwen3_8b_it_0306_010408,8200,0.8500492406572332,0.4037,1.3864,,0.5135719776153564,0.00016354478552537462,,,,,,,,,,,,,,,
sft_esm3_mlp_combined_qwen3_8b_it_0306_010408,8210,0.8510858860726689,0.3471,1.381,,0.4719642698764801,0.00016346063975946628,,,,,,,,,,,,,,,
sft_esm3_mlp_combined_qwen3_8b_it_0306_010408,8220,0.8521225314881045,0.4535,1.451,,0.6147364974021912,0.00016337641869554434,,,,,,,,,,,,,,,
sft_esm3_mlp_combined_qwen3_8b_it_0306_010408,8230,0.8531591769035402,0.3373,1.3907,,0.5616240501403809,0.00016329212243353975,,,,,,,,,,,,,,,
sft_esm3_mlp_combined_qwen3_8b_it_0306_010408,8240,0.8541958223189758,0.3948,1.4688,,0.4889703392982483,0.00016320775107347255,,,,,,,,,,,,,,,
sft_esm3_mlp_combined_qwen3_8b_it_0306_010408,8250,0.8552324677344114,0.3852,1.4225,,0.577873170375824,0.00016312330471545203,,,,,,,,,,,,,,,
sft_esm3_mlp_combined_qwen3_8b_it_0306_010408,8250,0.8552324677344114,0.4718,,0.36893734335899353,,,,,,,,,,,,,,,,,
sft_esm3_mlp_combined_qwen3_8b_it_0306_010408,8260,0.8562691131498471,0.3621,1.4238,,0.4877794086933136,0.0001630387834596764,,,,,,,,,,,,,,,
sft_esm3_mlp_combined_qwen3_8b_it_0306_010408,8270,0.8573057585652828,0.4816,1.4749,,0.5342898368835449,0.00016295418740643275,,,,,,,,,,,,,,,
sft_esm3_mlp_combined_qwen3_8b_it_0306_010408,8280,0.8583424039807184,0.3059,1.3688,,0.5299500823020935,0.00016286951665609692,,,,,,,,,,,,,,,
sft_esm3_mlp_combined_qwen3_8b_it_0306_010408,8290,0.8593790493961541,0.4127,1.4471,,0.47020775079727173,0.00016278477130913334,,,,,,,,,,,,,,,
sft_esm3_mlp_combined_qwen3_8b_it_0306_010408,8300,0.8604156948115897,0.3913,1.4562,,0.8662824034690857,0.000162699951466095,,,,,,,,,,,,,,,
sft_esm3_mlp_combined_qwen3_8b_it_0306_010408,8310,0.8614523402270253,0.3607,1.3086,,0.5381438136100769,0.00016261505722762332,,,,,,,,,,,,,,,
sft_esm3_mlp_combined_qwen3_8b_it_0306_010408,8320,0.862488985642461,0.4142,1.4403,,0.49449652433395386,0.0001625300886944479,,,,,,,,,,,,,,,
sft_esm3_mlp_combined_qwen3_8b_it_0306_010408,8330,0.8635256310578966,0.3339,1.4201,,0.6371970176696777,0.00016244504596738652,,,,,,,,,,,,,,,
sft_esm3_mlp_combined_qwen3_8b_it_0306_010408,8340,0.8645622764733323,0.3691,1.3544,,0.47928693890571594,0.00016235992914734502,,,,,,,,,,,,,,,
sft_esm3_mlp_combined_qwen3_8b_it_0306_010408,8350,0.865598921888768,0.38,1.5033,,0.7269300222396851,0.00016227473833531716,,,,,,,,,,,,,,,
sft_esm3_mlp_combined_qwen3_8b_it_0306_010408,8360,0.8666355673042035,0.3869,1.3669,,0.5309680104255676,0.00016218947363238448,,,,,,,,,,,,,,,
sft_esm3_mlp_combined_qwen3_8b_it_0306_010408,8370,0.8676722127196392,0.3793,1.4711,,0.502368688583374,0.00016210413513971617,,,,,,,,,,,,,,,
sft_esm3_mlp_combined_qwen3_8b_it_0306_010408,8380,0.8687088581350749,0.3771,1.4617,,0.5793246030807495,0.00016201872295856898,,,,,,,,,,,,,,,
sft_esm3_mlp_combined_qwen3_8b_it_0306_010408,8390,0.8697455035505105,0.4502,1.4141,,0.5786358118057251,0.00016193323719028711,,,,,,,,,,,,,,,
sft_esm3_mlp_combined_qwen3_8b_it_0306_010408,8400,0.8707821489659462,0.3562,1.4615,,0.4901428818702698,0.00016184767793630216,,,,,,,,,,,,,,,
sft_esm3_mlp_combined_qwen3_8b_it_0306_010408,8410,0.8718187943813819,0.3612,1.3934,,0.5800570845603943,0.00016176204529813268,,,,,,,,,,,,,,,
sft_esm3_mlp_combined_qwen3_8b_it_0306_010408,8420,0.8728554397968175,0.4206,1.4422,,0.5365428328514099,0.00016167633937738457,,,,,,,,,,,,,,,
sft_esm3_mlp_combined_qwen3_8b_it_0306_010408,8430,0.8738920852122531,0.413,1.4227,,0.547231137752533,0.0001615905602757505,,,,,,,,,,,,,,,
sft_esm3_mlp_combined_qwen3_8b_it_0306_010408,8440,0.8749287306276888,0.3744,1.3799,,0.49767470359802246,0.00016150470809501,,,,,,,,,,,,,,,
sft_esm3_mlp_combined_qwen3_8b_it_0306_010408,8450,0.8759653760431244,0.3908,1.4384,,0.48485109210014343,0.00016141878293702945,,,,,,,,,,,,,,,
sft_esm3_mlp_combined_qwen3_8b_it_0306_010408,8460,0.8770020214585601,0.4157,1.4723,,0.6579750180244446,0.00016133278490376162,,,,,,,,,,,,,,,
sft_esm3_mlp_combined_qwen3_8b_it_0306_010408,8470,0.8780386668739958,0.3574,1.3851,,0.48961737751960754,0.00016124671409724586,,,,,,,,,,,,,,,
sft_esm3_mlp_combined_qwen3_8b_it_0306_010408,8480,0.8790753122894314,0.3973,1.4037,,0.5185695886611938,0.00016116057061960783,,,,,,,,,,,,,,,
sft_esm3_mlp_combined_qwen3_8b_it_0306_010408,8490,0.880111957704867,0.407,1.3894,,0.5418364405632019,0.00016107435457305948,,,,,,,,,,,,,,,
sft_esm3_mlp_combined_qwen3_8b_it_0306_010408,8500,0.8811486031203027,0.38,1.4411,,0.4825778603553772,0.00016098806605989875,,,,,,,,,,,,,,,
sft_esm3_mlp_combined_qwen3_8b_it_0306_010408,8500,0.8811486031203027,0.3967,,0.36675354838371277,,,,,,,,,,,,,,,,,
sft_esm3_mlp_combined_qwen3_8b_it_0306_010408,8510,0.8821852485357383,0.4565,1.4299,,0.4767536222934723,0.0001609017051825097,,,,,,,,,,,,,,,
sft_esm3_mlp_combined_qwen3_8b_it_0306_010408,8520,0.883221893951174,0.3307,1.3656,,0.5129531025886536,0.00016081527204336212,,,,,,,,,,,,,,,
sft_esm3_mlp_combined_qwen3_8b_it_0306_010408,8530,0.8842585393666097,0.3925,1.3885,,0.47696608304977417,0.0001607287667450117,,,,,,,,,,,,,,,
sft_esm3_mlp_combined_qwen3_8b_it_0306_010408,8540,0.8852951847820453,0.4115,1.4623,,0.6378250122070312,0.00016064218939009956,,,,,,,,,,,,,,,
sft_esm3_mlp_combined_qwen3_8b_it_0306_010408,8550,0.886331830197481,0.3482,1.3608,,0.5431951880455017,0.00016055554008135244,,,,,,,,,,,,,,,
sft_esm3_mlp_combined_qwen3_8b_it_0306_010408,8560,0.8873684756129167,0.437,1.405,,0.49060532450675964,0.00016046881892158247,,,,,,,,,,,,,,,
sft_esm3_mlp_combined_qwen3_8b_it_0306_010408,8570,0.8884051210283522,0.3349,1.4027,,0.5965069532394409,0.0001603820260136869,,,,,,,,,,,,,,,
sft_esm3_mlp_combined_qwen3_8b_it_0306_010408,8580,0.8894417664437879,0.3544,1.412,,0.48301687836647034,0.0001602951614606483,,,,,,,,,,,,,,,
sft_esm3_mlp_combined_qwen3_8b_it_0306_010408,8590,0.8904784118592236,0.4268,1.4142,,0.5701310634613037,0.00016020822536553408,,,,,,,,,,,,,,,
sft_esm3_mlp_combined_qwen3_8b_it_0306_010408,8600,0.8915150572746592,0.3406,1.3892,,0.6060790419578552,0.00016012121783149662,,,,,,,,,,,,,,,
sft_esm3_mlp_combined_qwen3_8b_it_0306_010408,8610,0.8925517026900949,0.3515,1.4034,,0.496575266122818,0.00016003413896177314,,,,,,,,,,,,,,,
sft_esm3_mlp_combined_qwen3_8b_it_0306_010408,8620,0.8935883481055305,0.4036,1.4501,,0.6327059268951416,0.00015994698885968527,,,,,,,,,,,,,,,
sft_esm3_mlp_combined_qwen3_8b_it_0306_010408,8630,0.8946249935209661,0.3797,1.3936,,0.5112607479095459,0.00015985976762863938,,,,,,,,,,,,,,,
sft_esm3_mlp_combined_qwen3_8b_it_0306_010408,8640,0.8956616389364018,0.3922,1.4305,,0.5274771451950073,0.00015977247537212619,,,,,,,,,,,,,,,
sft_esm3_mlp_combined_qwen3_8b_it_0306_010408,8650,0.8966982843518374,0.3439,1.3655,,0.5621106028556824,0.0001596851121937206,,,,,,,,,,,,,,,
sft_esm3_mlp_combined_qwen3_8b_it_0306_010408,8660,0.8977349297672731,0.3735,1.3702,,0.4874393045902252,0.0001595976781970818,,,,,,,,,,,,,,,
sft_esm3_mlp_combined_qwen3_8b_it_0306_010408,8670,0.8987715751827088,0.4582,1.4821,,0.5819738507270813,0.00015951017348595287,,,,,,,,,,,,,,,
sft_esm3_mlp_combined_qwen3_8b_it_0306_010408,8680,0.8998082205981444,0.3509,1.3195,,0.5474310517311096,0.00015942259816416088,,,,,,,,,,,,,,,
sft_esm3_mlp_combined_qwen3_8b_it_0306_010408,8690,0.90084486601358,0.4435,1.5132,,0.49869924783706665,0.00015933495233561666,,,,,,,,,,,,,,,
sft_esm3_mlp_combined_qwen3_8b_it_0306_010408,8700,0.9018815114290157,0.3608,1.4137,,0.5745388865470886,0.00015924723610431468,,,,,,,,,,,,,,,
sft_esm3_mlp_combined_qwen3_8b_it_0306_010408,8710,0.9029181568444513,0.3806,1.3665,,0.5209788680076599,0.00015915944957433303,,,,,,,,,,,,,,,
sft_esm3_mlp_combined_qwen3_8b_it_0306_010408,8720,0.903954802259887,0.3741,1.4984,,0.6352609395980835,0.00015907159284983305,,,,,,,,,,,,,,,
sft_esm3_mlp_combined_qwen3_8b_it_0306_010408,8730,0.9049914476753227,0.4008,1.3504,,0.6492180228233337,0.0001589836660350595,,,,,,,,,,,,,,,
sft_esm3_mlp_combined_qwen3_8b_it_0306_010408,8740,0.9060280930907583,0.3354,1.4447,,0.479160875082016,0.00015889566923434035,,,,,,,,,,,,,,,
sft_esm3_mlp_combined_qwen3_8b_it_0306_010408,8750,0.907064738506194,0.4203,1.4589,,0.527452290058136,0.00015880760255208642,,,,,,,,,,,,,,,
sft_esm3_mlp_combined_qwen3_8b_it_0306_010408,8750,0.907064738506194,0.4492,,0.36664965748786926,,,,,,,,,,,,,,,,,
sft_esm3_mlp_combined_qwen3_8b_it_0306_010408,8760,0.9081013839216296,0.3715,1.3544,,0.5321736335754395,0.00015871946609279157,,,,,,,,,,,,,,,
sft_esm3_mlp_combined_qwen3_8b_it_0306_010408,8770,0.9091380293370652,0.3825,1.4626,,0.48640206456184387,0.0001586312599610325,,,,,,,,,,,,,,,
sft_esm3_mlp_combined_qwen3_8b_it_0306_010408,8780,0.9101746747525009,0.3831,1.372,,0.5109809637069702,0.00015854298426146843,,,,,,,,,,,,,,,
sft_esm3_mlp_combined_qwen3_8b_it_0306_010408,8790,0.9112113201679366,0.3751,1.4085,,0.5248576402664185,0.0001584546390988413,,,,,,,,,,,,,,,
sft_esm3_mlp_combined_qwen3_8b_it_0306_010408,8800,0.9122479655833722,0.4294,1.4818,,0.5630447864532471,0.0001583662245779753,,,,,,,,,,,,,,,
sft_esm3_mlp_combined_qwen3_8b_it_0306_010408,8810,0.9132846109988079,0.378,1.3781,,0.5231462717056274,0.00015827774080377703,,,,,,,,,,,,,,,
sft_esm3_mlp_combined_qwen3_8b_it_0306_010408,8820,0.9143212564142436,0.3797,1.4288,,0.5036198496818542,0.00015818918788123524,,,,,,,,,,,,,,,
sft_esm3_mlp_combined_qwen3_8b_it_0306_010408,8830,0.9153579018296791,0.4355,1.4317,,0.5909041166305542,0.0001581005659154207,,,,,,,,,,,,,,,
sft_esm3_mlp_combined_qwen3_8b_it_0306_010408,8840,0.9163945472451148,0.3521,1.3627,,0.522193968296051,0.00015801187501148612,,,,,,,,,,,,,,,
sft_esm3_mlp_combined_qwen3_8b_it_0306_010408,8850,0.9174311926605505,0.4201,1.4874,,0.49459144473075867,0.00015792311527466603,,,,,,,,,,,,,,,
sft_esm3_mlp_combined_qwen3_8b_it_0306_010408,8860,0.9184678380759861,0.3556,1.3454,,0.5817164182662964,0.00015783428681027654,,,,,,,,,,,,,,,
sft_esm3_mlp_combined_qwen3_8b_it_0306_010408,8870,0.9195044834914218,0.3582,1.3962,,0.5022561550140381,0.00015774538972371542,,,,,,,,,,,,,,,
sft_esm3_mlp_combined_qwen3_8b_it_0306_010408,8880,0.9205411289068575,0.4226,1.4661,,0.5500971078872681,0.0001576564241204618,,,,,,,,,,,,,,,
sft_esm3_mlp_combined_qwen3_8b_it_0306_010408,8890,0.921577774322293,0.3464,1.3437,,0.47467589378356934,0.00015756739010607614,,,,,,,,,,,,,,,
sft_esm3_mlp_combined_qwen3_8b_it_0306_010408,8900,0.9226144197377287,0.4445,1.4172,,0.5329518914222717,0.00015747828778620005,,,,,,,,,,,,,,,
sft_esm3_mlp_combined_qwen3_8b_it_0306_010408,8910,0.9236510651531643,0.3615,1.4643,,0.6573742628097534,0.00015738911726655616,,,,,,,,,,,,,,,
sft_esm3_mlp_combined_qwen3_8b_it_0306_010408,8920,0.9246877105686,0.3608,1.3786,,0.4938403069972992,0.00015729987865294807,,,,,,,,,,,,,,,
sft_esm3_mlp_combined_qwen3_8b_it_0306_010408,8930,0.9257243559840357,0.4049,1.4879,,0.5832659006118774,0.00015721057205126017,,,,,,,,,,,,,,,
sft_esm3_mlp_combined_qwen3_8b_it_0306_010408,8940,0.9267610013994713,0.3741,1.3775,,0.5852645635604858,0.00015712119756745749,,,,,,,,,,,,,,,
sft_esm3_mlp_combined_qwen3_8b_it_0306_010408,8950,0.927797646814907,0.3941,1.4129,,0.48749786615371704,0.00015703175530758568,,,,,,,,,,,,,,,
sft_esm3_mlp_combined_qwen3_8b_it_0306_010408,8960,0.9288342922303426,0.3903,1.4477,,0.6096034049987793,0.00015694224537777065,,,,,,,,,,,,,,,
sft_esm3_mlp_combined_qwen3_8b_it_0306_010408,8970,0.9298709376457782,0.3777,1.3602,,0.49687910079956055,0.00015685266788421876,,,,,,,,,,,,,,,
sft_esm3_mlp_combined_qwen3_8b_it_0306_010408,8980,0.9309075830612139,0.3598,1.4346,,0.5144413709640503,0.00015676302293321647,,,,,,,,,,,,,,,
sft_esm3_mlp_combined_qwen3_8b_it_0306_010408,8990,0.9319442284766496,0.3561,1.3722,,0.6503515839576721,0.0001566733106311303,,,,,,,,,,,,,,,
sft_esm3_mlp_combined_qwen3_8b_it_0306_010408,9000,0.9329808738920852,0.4326,1.4226,,0.4966868460178375,0.0001565835310844067,,,,,,,,,,,,,,,
sft_esm3_mlp_combined_qwen3_8b_it_0306_010408,9000,0.9329808738920852,0.4812,,0.3665424883365631,,,,,,,,,,,,,,,,,
sft_esm3_mlp_combined_qwen3_8b_it_0306_010408,9010,0.9340175193075209,0.3731,1.4506,,0.5658605098724365,0.00015649368439957183,,,,,,,,,,,,,,,
sft_esm3_mlp_combined_qwen3_8b_it_0306_010408,9020,0.9350541647229565,0.3747,1.3436,,0.5830928683280945,0.00015640377068323153,,,,,,,,,,,,,,,
sft_esm3_mlp_combined_qwen3_8b_it_0306_010408,9030,0.9360908101383921,0.4006,1.4189,,0.4511009454727173,0.0001563137900420713,,,,,,,,,,,,,,,
sft_esm3_mlp_combined_qwen3_8b_it_0306_010408,9040,0.9371274555538278,0.3875,1.4225,,0.5721933245658875,0.00015622374258285592,,,,,,,,,,,,,,,
sft_esm3_mlp_combined_qwen3_8b_it_0306_010408,9050,0.9381641009692635,0.4139,1.3646,,0.5472761988639832,0.00015613362841242946,,,,,,,,,,,,,,,
sft_esm3_mlp_combined_qwen3_8b_it_0306_010408,9060,0.9392007463846991,0.4112,1.4677,,0.536677360534668,0.00015604344763771522,,,,,,,,,,,,,,,
sft_esm3_mlp_combined_qwen3_8b_it_0306_010408,9070,0.9402373918001348,0.38,1.3638,,0.5885011553764343,0.00015595320036571544,,,,,,,,,,,,,,,
sft_esm3_mlp_combined_qwen3_8b_it_0306_010408,9080,0.9412740372155705,0.3297,1.4579,,0.48178452253341675,0.00015586288670351134,,,,,,,,,,,,,,,
sft_esm3_mlp_combined_qwen3_8b_it_0306_010408,9090,0.942310682631006,0.4244,1.4422,,0.5945930480957031,0.0001557725067582628,,,,,,,,,,,,,,,
sft_esm3_mlp_combined_qwen3_8b_it_0306_010408,9100,0.9433473280464417,0.3308,1.3774,,0.5471246242523193,0.0001556820606372085,,,,,,,,,,,,,,,
sft_esm3_mlp_combined_qwen3_8b_it_0306_010408,9110,0.9443839734618774,0.3898,1.4256,,0.4950030744075775,0.0001555915484476656,,,,,,,,,,,,,,,
sft_esm3_mlp_combined_qwen3_8b_it_0306_010408,9120,0.945420618877313,0.4511,1.48,,0.7613968253135681,0.00015550097029702945,,,,,,,,,,,,,,,
sft_esm3_mlp_combined_qwen3_8b_it_0306_010408,9130,0.9464572642927487,0.359,1.355,,0.48157981038093567,0.000155410326292774,,,,,,,,,,,,,,,
sft_esm3_mlp_combined_qwen3_8b_it_0306_010408,9140,0.9474939097081844,0.4352,1.4379,,0.49107906222343445,0.0001553196165424511,,,,,,,,,,,,,,,
sft_esm3_mlp_combined_qwen3_8b_it_0306_010408,9150,0.94853055512362,0.342,1.3975,,0.5663734674453735,0.00015522884115369068,,,,,,,,,,,,,,,
sft_esm3_mlp_combined_qwen3_8b_it_0306_010408,9160,0.9495672005390556,0.3493,1.3992,,0.504804253578186,0.00015513800023420052,,,,,,,,,,,,,,,
sft_esm3_mlp_combined_qwen3_8b_it_0306_010408,9170,0.9506038459544912,0.4082,1.4028,,0.5252874493598938,0.00015504709389176622,,,,,,,,,,,,,,,
sft_esm3_mlp_combined_qwen3_8b_it_0306_010408,9180,0.9516404913699269,0.3191,1.3652,,0.5259062051773071,0.00015495612223425094,,,,,,,,,,,,,,,
sft_esm3_mlp_combined_qwen3_8b_it_0306_010408,9190,0.9526771367853626,0.3636,1.3918,,0.49907511472702026,0.00015486508536959544,,,,,,,,,,,,,,,
sft_esm3_mlp_combined_qwen3_8b_it_0306_010408,9200,0.9537137822007982,0.3602,1.4028,,0.622488260269165,0.0001547739834058177,,,,,,,,,,,,,,,
sft_esm3_mlp_combined_qwen3_8b_it_0306_010408,9210,0.9547504276162339,0.3389,1.3647,,0.5155215263366699,0.000154682816451013,,,,,,,,,,,,,,,
sft_esm3_mlp_combined_qwen3_8b_it_0306_010408,9220,0.9557870730316695,0.3866,1.4023,,0.5153220891952515,0.00015459158461335386,,,,,,,,,,,,,,,
sft_esm3_mlp_combined_qwen3_8b_it_0306_010408,9230,0.9568237184471051,0.328,1.373,,0.6084146499633789,0.0001545002880010896,,,,,,,,,,,,,,,
sft_esm3_mlp_combined_qwen3_8b_it_0306_010408,9240,0.9578603638625408,0.3857,1.3783,,0.5223315954208374,0.0001544089267225465,,,,,,,,,,,,,,,
sft_esm3_mlp_combined_qwen3_8b_it_0306_010408,9250,0.9588970092779765,0.4301,1.4562,,0.6024261116981506,0.0001543175008861275,,,,,,,,,,,,,,,
sft_esm3_mlp_combined_qwen3_8b_it_0306_010408,9250,0.9588970092779765,0.437,,0.3615455627441406,,,,,,,,,,,,,,,,,
sft_esm3_mlp_combined_qwen3_8b_it_0306_010408,9260,0.9599336546934121,0.3232,1.3377,,0.5474380850791931,0.00015422601060031225,,,,,,,,,,,,,,,
sft_esm3_mlp_combined_qwen3_8b_it_0306_010408,9270,0.9609703001088478,0.4621,1.3937,,0.47992566227912903,0.0001541344559736568,,,,,,,,,,,,,,,
sft_esm3_mlp_combined_qwen3_8b_it_0306_010408,9280,0.9620069455242835,0.3397,1.4424,,0.5768872499465942,0.0001540428371147935,,,,,,,,,,,,,,,
sft_esm3_mlp_combined_qwen3_8b_it_0306_010408,9290,0.963043590939719,0.4067,1.3914,,0.5055859684944153,0.00015395115413243104,,,,,,,,,,,,,,,
sft_esm3_mlp_combined_qwen3_8b_it_0306_010408,9300,0.9640802363551547,0.3818,1.4892,,0.5408231616020203,0.00015385940713535405,,,,,,,,,,,,,,,
sft_esm3_mlp_combined_qwen3_8b_it_0306_010408,9310,0.9651168817705904,0.3629,1.32,,0.5601935386657715,0.00015376759623242318,,,,,,,,,,,,,,,
sft_esm3_mlp_combined_qwen3_8b_it_0306_010408,9320,0.966153527186026,0.427,1.4259,,0.5884125232696533,0.00015367572153257493,,,,,,,,,,,,,,,
sft_esm3_mlp_combined_qwen3_8b_it_0306_010408,9330,0.9671901726014617,0.3525,1.4758,,0.6198443174362183,0.0001535837831448215,,,,,,,,,,,,,,,
sft_esm3_mlp_combined_qwen3_8b_it_0306_010408,9340,0.9682268180168974,0.3908,1.3355,,0.5001580119132996,0.00015349178117825062,,,,,,,,,,,,,,,
sft_esm3_mlp_combined_qwen3_8b_it_0306_010408,9350,0.9692634634323329,0.3823,1.466,,0.5113019347190857,0.00015339971574202546,,,,,,,,,,,,,,,
sft_esm3_mlp_combined_qwen3_8b_it_0306_010408,9360,0.9703001088477686,0.3436,1.3589,,0.6005565524101257,0.00015330758694538448,,,,,,,,,,,,,,,
sft_esm3_mlp_combined_qwen3_8b_it_0306_010408,9370,0.9713367542632043,0.4046,1.3541,,0.46627089381217957,0.00015321539489764136,,,,,,,,,,,,,,,
sft_esm3_mlp_combined_qwen3_8b_it_0306_010408,9380,0.9723733996786399,0.3438,1.4796,,0.6438950896263123,0.00015312313970818487,,,,,,,,,,,,,,,
sft_esm3_mlp_combined_qwen3_8b_it_0306_010408,9390,0.9734100450940756,0.3515,1.3299,,0.5397226810455322,0.00015303082148647863,,,,,,,,,,,,,,,
sft_esm3_mlp_combined_qwen3_8b_it_0306_010408,9400,0.9744466905095113,0.4222,1.4226,,0.4979234039783478,0.00015293844034206105,,,,,,,,,,,,,,,
sft_esm3_mlp_combined_qwen3_8b_it_0306_010408,9410,0.9754833359249468,0.3354,1.4213,,0.60671067237854,0.0001528459963845452,,,,,,,,,,,,,,,
sft_esm3_mlp_combined_qwen3_8b_it_0306_010408,9420,0.9765199813403825,0.3533,1.3054,,0.5398302674293518,0.00015275348972361875,,,,,,,,,,,,,,,
sft_esm3_mlp_combined_qwen3_8b_it_0306_010408,9430,1.000518322707718,0.4143,1.5234,,0.5545405149459839,0.00015266092046904364,,,,,,,,,,,,,,,
sft_esm3_mlp_combined_qwen3_8b_it_0306_010408,9440,1.0015549681231535,0.3866,1.4188,,0.4963899552822113,0.00015256828873065623,,,,,,,,,,,,,,,
sft_esm3_mlp_combined_qwen3_8b_it_0306_010408,9450,1.002591613538589,0.3858,1.4886,,0.6299039125442505,0.00015247559461836692,,,,,,,,,,,,,,,
sft_esm3_mlp_combined_qwen3_8b_it_0306_010408,9460,1.0036282589540249,0.3704,1.3326,,0.5381507873535156,0.00015238283824216015,,,,,,,,,,,,,,,
sft_esm3_mlp_combined_qwen3_8b_it_0306_010408,9470,1.0046649043694604,0.3836,1.4582,,0.5920282602310181,0.00015229001971209417,,,,,,,,,,,,,,,
sft_esm3_mlp_combined_qwen3_8b_it_0306_010408,9480,1.005701549784896,0.3473,1.3616,,0.5766695737838745,0.00015219713913830116,,,,,,,,,,,,,,,
sft_esm3_mlp_combined_qwen3_8b_it_0306_010408,9490,1.0067381952003318,0.3699,1.3909,,0.4788638949394226,0.00015210419663098669,,,,,,,,,,,,,,,
sft_esm3_mlp_combined_qwen3_8b_it_0306_010408,9500,1.0077748406157674,0.3435,1.4678,,0.5707094669342041,0.00015201119230042997,,,,,,,,,,,,,,,
sft_esm3_mlp_combined_qwen3_8b_it_0306_010408,9500,1.0077748406157674,0.4337,,0.3631979525089264,,,,,,,,,,,,,,,,,
sft_esm3_mlp_combined_qwen3_8b_it_0306_010408,9510,1.008811486031203,0.3657,1.3075,,0.5158290266990662,0.0001519181262569835,,,,,,,,,,,,,,,
sft_esm3_mlp_combined_qwen3_8b_it_0306_010408,9520,1.0098481314466388,0.4228,1.3998,,0.5109771490097046,0.00015182499861107304,,,,,,,,,,,,,,,
sft_esm3_mlp_combined_qwen3_8b_it_0306_010408,9530,1.0108847768620743,0.3462,1.4382,,0.6339354515075684,0.00015173180947319743,,,,,,,,,,,,,,,
sft_esm3_mlp_combined_qwen3_8b_it_0306_010408,9540,1.01192142227751,0.3888,1.3491,,0.5341429114341736,0.00015163855895392842,,,,,,,,,,,,,,,
sft_esm3_mlp_combined_qwen3_8b_it_0306_010408,9550,1.0129580676929457,0.3516,1.4648,,0.505412220954895,0.00015154524716391068,,,,,,,,,,,,,,,
sft_esm3_mlp_combined_qwen3_8b_it_0306_010408,9560,1.0139947131083813,0.3884,1.3402,,0.5730087161064148,0.00015145187421386152,,,,,,,,,,,,,,,
sft_esm3_mlp_combined_qwen3_8b_it_0306_010408,9570,1.0150313585238169,0.3996,1.3972,,0.47709718346595764,0.00015135844021457086,,,,,,,,,,,,,,,
sft_esm3_mlp_combined_qwen3_8b_it_0306_010408,9580,1.0160680039392527,0.3941,1.4275,,0.6215500235557556,0.000151264945276901,,,,,,,,,,,,,,,
sft_esm3_mlp_combined_qwen3_8b_it_0306_010408,9590,1.0171046493546883,0.3579,1.3442,,0.5337575078010559,0.0001511713895117866,,,,,,,,,,,,,,,
sft_esm3_mlp_combined_qwen3_8b_it_0306_010408,9600,1.0181412947701238,0.3876,1.3575,,0.4628185033798218,0.00015107777303023445,,,,,,,,,,,,,,,
sft_esm3_mlp_combined_qwen3_8b_it_0306_010408,9610,1.0191779401855596,0.4213,1.4353,,0.7935667634010315,0.00015098409594332344,,,,,,,,,,,,,,,
sft_esm3_mlp_combined_qwen3_8b_it_0306_010408,9620,1.0202145856009952,0.33,1.3539,,0.5047571659088135,0.0001508903583622043,,,,,,,,,,,,,,,
sft_esm3_mlp_combined_qwen3_8b_it_0306_010408,9630,1.0212512310164308,0.4391,1.4257,,0.49515676498413086,0.00015079656039809956,,,,,,,,,,,,,,,
sft_esm3_mlp_combined_qwen3_8b_it_0306_010408,9640,1.0222878764318666,0.3277,1.3943,,0.5399130582809448,0.00015070270216230346,,,,,,,,,,,,,,,
sft_esm3_mlp_combined_qwen3_8b_it_0306_010408,9650,1.0233245218473022,0.3987,1.4014,,0.4854413866996765,0.00015060878376618164,,,,,,,,,,,,,,,
sft_esm3_mlp_combined_qwen3_8b_it_0306_010408,9660,1.0243611672627377,0.3808,1.421,,0.6560012698173523,0.00015051480532117127,,,,,,,,,,,,,,,
sft_esm3_mlp_combined_qwen3_8b_it_0306_010408,9670,1.0253978126781735,0.3347,1.3603,,0.4990846812725067,0.0001504207669387806,,,,,,,,,,,,,,,
sft_esm3_mlp_combined_qwen3_8b_it_0306_010408,9680,1.0264344580936091,0.4165,1.4296,,0.5210683345794678,0.0001503266687305891,,,,,,,,,,,,,,,
sft_esm3_mlp_combined_qwen3_8b_it_0306_010408,9690,1.0274711035090447,0.3149,1.4029,,0.5580021142959595,0.00015023251080824722,,,,,,,,,,,,,,,
sft_esm3_mlp_combined_qwen3_8b_it_0306_010408,9700,1.0285077489244805,0.3486,1.4014,,0.5314435958862305,0.00015013829328347627,,,,,,,,,,,,,,,
sft_esm3_mlp_combined_qwen3_8b_it_0306_010408,9710,1.029544394339916,0.3934,1.4422,,0.5129622220993042,0.00015004401626806822,,,,,,,,,,,,,,,
sft_esm3_mlp_combined_qwen3_8b_it_0306_010408,9720,1.0305810397553516,0.3246,1.3661,,0.5260253548622131,0.0001499496798738857,,,,,,,,,,,,,,,
sft_esm3_mlp_combined_qwen3_8b_it_0306_010408,9730,1.0316176851707874,0.4078,1.4033,,0.48457464575767517,0.00014985528421286175,,,,,,,,,,,,,,,
sft_esm3_mlp_combined_qwen3_8b_it_0306_010408,9740,1.032654330586223,0.3505,1.4631,,0.6180046796798706,0.00014976082939699973,,,,,,,,,,,,,,,
sft_esm3_mlp_combined_qwen3_8b_it_0306_010408,9750,1.0336909760016586,0.3659,1.321,,0.4811771512031555,0.00014966631553837325,,,,,,,,,,,,,,,
sft_esm3_mlp_combined_qwen3_8b_it_0306_010408,9750,1.0336909760016586,0.4378,,0.360674113035202,,,,,,,,,,,,,,,,,
sft_text_combined_qwen3_8b_it_0307_190324,10,0.0010366454154356502,4.0729,17.1964,,7.169853210449219,1.8e-05,,,,,,,,,,,,,,,
sft_text_combined_qwen3_8b_it_0307_190324,20,0.0020732908308713003,3.7479,16.6517,,6.18733024597168,3.8e-05,,,,,,,,,,,,,,,
sft_text_combined_qwen3_8b_it_0307_190324,30,0.0031099362463069507,3.3791,13.305,,4.102871894836426,5.8e-05,,,,,,,,,,,,,,,
sft_text_combined_qwen3_8b_it_0307_190324,40,0.004146581661742601,2.9037,11.3551,,1.6477311849594116,7.800000000000001e-05,,,,,,,,,,,,,,,
sft_text_combined_qwen3_8b_it_0307_190324,50,0.005183227077178251,2.7213,10.274,,1.1027538776397705,9.8e-05,,,,,,,,,,,,,,,
sft_text_combined_qwen3_8b_it_0307_190324,60,0.0062198724926139015,2.7255,10.574,,0.7458454370498657,0.000118,,,,,,,,,,,,,,,
sft_text_combined_qwen3_8b_it_0307_190324,70,0.007256517908049552,2.6351,9.97,,1.0829143524169922,0.000138,,,,,,,,,,,,,,,
sft_text_combined_qwen3_8b_it_0307_190324,80,0.008293163323485201,2.5764,9.6621,,1.0350470542907715,0.00015800000000000002,,,,,,,,,,,,,,,
sft_text_combined_qwen3_8b_it_0307_190324,90,0.009329808738920852,2.5944,9.9484,,0.620111346244812,0.00017800000000000002,,,,,,,,,,,,,,,
sft_text_combined_qwen3_8b_it_0307_190324,100,0.010366454154356502,2.4467,9.3881,,1.76832115650177,0.00019800000000000002,,,,,,,,,,,,,,,
sft_text_combined_qwen3_8b_it_0307_190324,110,0.011403099569792153,2.4382,9.492,,1.0051252841949463,0.00019999956144849473,,,,,,,,,,,,,,,
sft_text_combined_qwen3_8b_it_0307_190324,120,0.012439744985227803,2.4686,9.5065,,0.7698554396629333,0.00019999804547292093,,,,,,,,,,,,,,,
sft_text_combined_qwen3_8b_it_0307_190324,130,0.013476390400663453,2.4428,8.9783,,1.3647401332855225,0.0001999954466754743,,,,,,,,,,,,,,,
sft_text_combined_qwen3_8b_it_0307_190324,140,0.014513035816099104,2.4572,9.5026,,0.9544012546539307,0.0001999917650842957,,,,,,,,,,,,,,,
sft_text_combined_qwen3_8b_it_0307_190324,150,0.015549681231534754,2.4162,9.1818,,1.166762113571167,0.000199987000739251,,,,,,,,,,,,,,,
sft_text_combined_qwen3_8b_it_0307_190324,160,0.016586326646970403,2.3682,9.0186,,1.5427048206329346,0.00019998115369193058,,,,,,,,,,,,,,,
sft_text_combined_qwen3_8b_it_0307_190324,170,0.017622972062406053,2.3795,9.2984,,0.9876048564910889,0.00019997422400564875,,,,,,,,,,,,,,,
sft_text_combined_qwen3_8b_it_0307_190324,180,0.018659617477841704,2.346,9.0741,,1.2824398279190063,0.0001999662117554432,,,,,,,,,,,,,,,
sft_text_combined_qwen3_8b_it_0307_190324,190,0.019696262893277354,2.3562,8.9028,,1.4058070182800293,0.00019995711702807396,,,,,,,,,,,,,,,
sft_text_combined_qwen3_8b_it_0307_190324,200,0.020732908308713004,2.3561,9.0769,,1.007620930671692,0.00019994693992202267,,,,,,,,,,,,,,,
sft_text_combined_qwen3_8b_it_0307_190324,210,0.021769553724148655,2.3136,8.7485,,1.2424463033676147,0.00019993568054749145,,,,,,,,,,,,,,,
sft_text_combined_qwen3_8b_it_0307_190324,220,0.022806199139584305,2.3057,9.0555,,1.0822560787200928,0.00019992333902640161,,,,,,,,,,,,,,,
sft_text_combined_qwen3_8b_it_0307_190324,230,0.023842844555019956,2.2802,8.9989,,1.4379175901412964,0.00019990991549239247,,,,,,,,,,,,,,,
sft_text_combined_qwen3_8b_it_0307_190324,240,0.024879489970455606,2.2815,8.7625,,1.3558471202850342,0.00019989541009081982,,,,,,,,,,,,,,,
sft_text_combined_qwen3_8b_it_0307_190324,250,0.025916135385891256,2.2793,9.0018,,1.1371023654937744,0.0001998798229787544,,,,,,,,,,,,,,,
sft_text_combined_qwen3_8b_it_0307_190324,250,0.025916135385891256,2.0772,,1.85293710231781,,,,,,,,,,,,,,,,,
sft_text_combined_qwen3_8b_it_0307_190324,260,0.026952780801326907,2.3106,8.8045,,1.8021085262298584,0.00019986315432498017,,,,,,,,,,,,,,,
sft_text_combined_qwen3_8b_it_0307_190324,270,0.027989426216762557,2.4029,8.9295,,1.0205776691436768,0.0001998454043099925,,,,,,,,,,,,,,,
sft_text_combined_qwen3_8b_it_0307_190324,280,0.029026071632198207,2.3171,8.8666,,1.1330748796463013,0.00019982657312599616,,,,,,,,,,,,,,,
sft_text_combined_qwen3_8b_it_0307_190324,290,0.030062717047633858,2.2748,8.4808,,1.8477505445480347,0.00019980666097690336,,,,,,,,,,,,,,,
sft_text_combined_qwen3_8b_it_0307_190324,300,0.03109936246306951,2.3603,9.0374,,1.2746777534484863,0.00019978566807833136,,,,,,,,,,,,,,,
sft_text_combined_qwen3_8b_it_0307_190324,310,0.03213600787850516,2.3418,8.7083,,1.5668057203292847,0.00019976359465760033,,,,,,,,,,,,,,,
sft_text_combined_qwen3_8b_it_0307_190324,320,0.033172653293940806,2.3051,8.717,,1.2839436531066895,0.00019974044095373079,,,,,,,,,,,,,,,
sft_text_combined_qwen3_8b_it_0307_190324,330,0.03420929870937646,2.2885,8.7722,,1.0076192617416382,0.000199716207217441,,,,,,,,,,,,,,,
sft_text_combined_qwen3_8b_it_0307_190324,340,0.035245944124812106,2.2818,8.5178,,1.2223724126815796,0.00019969089371114427,,,,,,,,,,,,,,,
sft_text_combined_qwen3_8b_it_0307_190324,350,0.03628258954024776,2.3418,8.8626,,1.1056628227233887,0.00019966450070894613,,,,,,,,,,,,,,,
sft_text_combined_qwen3_8b_it_0307_190324,360,0.03731923495568341,2.2059,8.6508,,1.6387593746185303,0.0001996370284966414,,,,,,,,,,,,,,,
sft_text_combined_qwen3_8b_it_0307_190324,370,0.03835588037111906,2.2324,8.4994,,1.2008614540100098,0.000199608477371711,,,,,,,,,,,,,,,
sft_text_combined_qwen3_8b_it_0307_190324,380,0.03939252578655471,2.2961,8.6819,,1.3639768362045288,0.0001995788476433188,,,,,,,,,,,,,,,
sft_text_combined_qwen3_8b_it_0307_190324,390,0.04042917120199036,2.2828,8.4056,,1.1609957218170166,0.00019954813963230826,,,,,,,,,,,,,,,
sft_text_combined_qwen3_8b_it_0307_190324,400,0.04146581661742601,2.2465,8.7241,,1.25165593624115,0.0001995163536711989,,,,,,,,,,,,,,,
sft_text_combined_qwen3_8b_it_0307_190324,410,0.04250246203286166,2.2437,8.5556,,1.1360477209091187,0.00019948349010418288,,,,,,,,,,,,,,,
sft_text_combined_qwen3_8b_it_0307_190324,420,0.04353910744829731,2.2322,8.401,,1.4484821557998657,0.00019944954928712095,,,,,,,,,,,,,,,
sft_text_combined_qwen3_8b_it_0307_190324,430,0.04457575286373296,2.2423,8.6836,,1.1895751953125,0.0001994145315875389,,,,,,,,,,,,,,,
sft_text_combined_qwen3_8b_it_0307_190324,440,0.04561239827916861,2.1526,8.493,,1.2117806673049927,0.00019937843738462353,,,,,,,,,,,,,,,
sft_text_combined_qwen3_8b_it_0307_190324,450,0.04664904369460426,2.211,8.4951,,1.438618779182434,0.00019934126706921826,,,,,,,,,,,,,,,
sft_text_combined_qwen3_8b_it_0307_190324,460,0.04768568911003991,2.3031,8.6689,,1.0634413957595825,0.00019930302104381942,,,,,,,,,,,,,,,
sft_text_combined_qwen3_8b_it_0307_190324,470,0.04872233452547556,2.1452,8.1978,,1.1742722988128662,0.00019926369972257134,,,,,,,,,,,,,,,
sft_text_combined_qwen3_8b_it_0307_190324,480,0.04975897994091121,2.2604,8.6987,,1.5168960094451904,0.0001992233035312622,,,,,,,,,,,,,,,
sft_text_combined_qwen3_8b_it_0307_190324,490,0.05079562535634686,2.1503,8.4855,,1.1797083616256714,0.0001991818329073194,,,,,,,,,,,,,,,
sft_text_combined_qwen3_8b_it_0307_190324,500,0.05183227077178251,2.1775,8.3883,,1.7765285968780518,0.0001991392882998047,,,,,,,,,,,,,,,
sft_text_combined_qwen3_8b_it_0307_190324,500,0.05183227077178251,1.9575,,1.7633960247039795,,,,,,,,,,,,,,,,,
sft_text_combined_qwen3_8b_it_0307_190324,510,0.05286891618721816,2.2198,8.6218,,1.1527987718582153,0.00019909567016940938,,,,,,,,,,,,,,,
sft_text_combined_qwen3_8b_it_0307_190324,520,0.05390556160265381,2.2356,8.2612,,1.2067979574203491,0.00019905097898844932,,,,,,,,,,,,,,,
sft_text_combined_qwen3_8b_it_0307_190324,530,0.05494220701808946,2.1631,8.5014,,1.2544238567352295,0.00019900521524085992,,,,,,,,,,,,,,,
sft_text_combined_qwen3_8b_it_0307_190324,540,0.055978852433525114,2.2144,8.4694,,1.1474765539169312,0.0001989583794221907,,,,,,,,,,,,,,,
sft_text_combined_qwen3_8b_it_0307_190324,550,0.05701549784896076,2.1163,8.2497,,1.6539497375488281,0.00019891047203960004,,,,,,,,,,,,,,,
sft_text_combined_qwen3_8b_it_0307_190324,560,0.058052143264396415,2.2357,8.6775,,1.3955659866333008,0.00019886149361184974,,,,,,,,,,,,,,,
sft_text_combined_qwen3_8b_it_0307_190324,570,0.05908878867983206,2.2169,8.3543,,1.554640769958496,0.00019881144466929928,,,,,,,,,,,,,,,
sft_text_combined_qwen3_8b_it_0307_190324,580,0.060125434095267716,2.1564,8.3836,,1.6393170356750488,0.00019876032575390015,,,,,,,,,,,,,,,
sft_text_combined_qwen3_8b_it_0307_190324,590,0.06116207951070336,2.3684,8.6176,,1.050593376159668,0.00019870813741918993,,,,,,,,,,,,,,,
sft_text_combined_qwen3_8b_it_0307_190324,600,0.06219872492613902,2.1925,8.3055,,1.4498716592788696,0.00019865488023028643,,,,,,,,,,,,,,,
sft_text_combined_qwen3_8b_it_0307_190324,610,0.06323537034157467,2.2096,8.4917,,1.1971149444580078,0.00019860055476388135,,,,,,,,,,,,,,,
sft_text_combined_qwen3_8b_it_0307_190324,620,0.06427201575701032,2.2292,8.4739,,2.3925704956054688,0.00019854516160823429,,,,,,,,,,,,,,,
sft_text_combined_qwen3_8b_it_0307_190324,630,0.06530866117244596,2.159,8.1557,,1.642911434173584,0.0001984887013631661,,,,,,,,,,,,,,,
sft_text_combined_qwen3_8b_it_0307_190324,640,0.06634530658788161,2.2992,8.5492,,1.2410845756530762,0.0001984311746400527,,,,,,,,,,,,,,,
sft_text_combined_qwen3_8b_it_0307_190324,650,0.06738195200331727,2.1455,8.201,,1.2294259071350098,0.00019837258206181811,,,,,,,,,,,,,,,
sft_text_combined_qwen3_8b_it_0307_190324,660,0.06841859741875292,2.1602,8.4951,,1.9972865581512451,0.00019831292426292807,,,,,,,,,,,,,,,
sft_text_combined_qwen3_8b_it_0307_190324,670,0.06945524283418857,2.1662,8.4942,,1.2133995294570923,0.00019825220188938284,,,,,,,,,,,,,,,
sft_text_combined_qwen3_8b_it_0307_190324,680,0.07049188824962421,2.0636,7.9692,,1.5572608709335327,0.00019819041559871047,,,,,,,,,,,,,,,
sft_text_combined_qwen3_8b_it_0307_190324,690,0.07152853366505986,2.1988,8.4392,,1.4008268117904663,0.00019812756605995944,,,,,,,,,,,,,,,
sft_text_combined_qwen3_8b_it_0307_190324,700,0.07256517908049552,2.1618,8.223,,1.31675124168396,0.00019806365395369166,,,,,,,,,,,,,,,
sft_text_combined_qwen3_8b_it_0307_190324,710,0.07360182449593117,2.0847,8.1262,,1.9297070503234863,0.0001979986799719749,,,,,,,,,,,,,,,
sft_text_combined_qwen3_8b_it_0307_190324,720,0.07463846991136681,2.3187,8.5735,,1.1212780475616455,0.0001979326448183754,,,,,,,,,,,,,,,
sft_text_combined_qwen3_8b_it_0307_190324,730,0.07567511532680246,2.1601,8.0992,,1.1776535511016846,0.00019786554920795025,,,,,,,,,,,,,,,
sft_text_combined_qwen3_8b_it_0307_190324,740,0.07671176074223812,2.1415,8.3337,,1.346962809562683,0.0001977973938672395,,,,,,,,,,,,,,,
sft_text_combined_qwen3_8b_it_0307_190324,750,0.07774840615767377,2.1442,8.344,,1.223327398300171,0.00019772817953425865,,,,,,,,,,,,,,,
sft_text_combined_qwen3_8b_it_0307_190324,750,0.07774840615767377,1.9298,,1.718669056892395,,,,,,,,,,,,,,,,,
sft_text_combined_qwen3_8b_it_0307_190324,760,0.07878505157310942,2.1088,7.8894,,2.1169676780700684,0.00019765790695849017,,,,,,,,,,,,,,,
sft_text_combined_qwen3_8b_it_0307_190324,770,0.07982169698854506,2.2393,8.4727,,1.5935362577438354,0.00019758657690087584,,,,,,,,,,,,,,,
sft_text_combined_qwen3_8b_it_0307_190324,780,0.08085834240398072,2.2024,8.1237,,1.2248367071151733,0.00019751419013380815,,,,,,,,,,,,,,,
sft_text_combined_qwen3_8b_it_0307_190324,790,0.08189498781941637,2.193,8.2475,,2.2108638286590576,0.00019744074744112219,,,,,,,,,,,,,,,
sft_text_combined_qwen3_8b_it_0307_190324,800,0.08293163323485202,2.175,8.3837,,1.401107668876648,0.00019736624961808709,,,,,,,,,,,,,,,
sft_text_combined_qwen3_8b_it_0307_190324,810,0.08396827865028766,2.1571,7.9186,,1.4550541639328003,0.00019729069747139726,,,,,,,,,,,,,,,
sft_text_combined_qwen3_8b_it_0307_190324,820,0.08500492406572333,2.2211,8.4664,,1.6110572814941406,0.00019721409181916393,,,,,,,,,,,,,,,
sft_text_combined_qwen3_8b_it_0307_190324,830,0.08604156948115897,2.2579,8.0925,,1.4147286415100098,0.00019713643349090606,,,,,,,,,,,,,,,
sft_text_combined_qwen3_8b_it_0307_190324,840,0.08707821489659462,2.0704,8.0975,,1.8844836950302124,0.00019705772332754138,,,,,,,,,,,,,,,
sft_text_combined_qwen3_8b_it_0307_190324,850,0.08811486031203027,2.2357,8.4348,,1.2117499113082886,0.0001969779621813775,,,,,,,,,,,,,,,
sft_text_combined_qwen3_8b_it_0307_190324,860,0.08915150572746593,2.1864,8.0235,,1.4694106578826904,0.0001968971509161024,,,,,,,,,,,,,,,
sft_text_combined_qwen3_8b_it_0307_190324,870,0.09018815114290157,2.1475,8.1209,,1.7991714477539062,0.00019681529040677527,,,,,,,,,,,,,,,
sft_text_combined_qwen3_8b_it_0307_190324,880,0.09122479655833722,2.1098,8.2047,,1.1367385387420654,0.00019673238153981688,,,,,,,,,,,,,,,
sft_text_combined_qwen3_8b_it_0307_190324,890,0.09226144197377287,2.1023,7.8774,,2.0243096351623535,0.00019664842521300018,,,,,,,,,,,,,,,
sft_text_combined_qwen3_8b_it_0307_190324,900,0.09329808738920851,2.0938,8.5118,,1.4223670959472656,0.00019656342233544035,,,,,,,,,,,,,,,
sft_text_combined_qwen3_8b_it_0307_190324,910,0.09433473280464418,2.1335,8.1169,,1.2415783405303955,0.00019647737382758518,,,,,,,,,,,,,,,
sft_text_combined_qwen3_8b_it_0307_190324,920,0.09537137822007982,2.0697,8.0895,,2.0284838676452637,0.00019639028062120494,,,,,,,,,,,,,,,
sft_text_combined_qwen3_8b_it_0307_190324,930,0.09640802363551547,2.1523,8.2586,,1.2240564823150635,0.00019630214365938233,,,,,,,,,,,,,,,
sft_text_combined_qwen3_8b_it_0307_190324,940,0.09744466905095112,2.1921,7.9123,,1.2652270793914795,0.00019621296389650233,,,,,,,,,,,,,,,
sft_text_combined_qwen3_8b_it_0307_190324,950,0.09848131446638678,2.1394,8.2298,,1.6628750562667847,0.00019612274229824177,,,,,,,,,,,,,,,
sft_text_combined_qwen3_8b_it_0307_190324,960,0.09951795988182242,2.2616,8.1124,,1.161049723625183,0.00019603147984155895,,,,,,,,,,,,,,,
sft_text_combined_qwen3_8b_it_0307_190324,970,0.10055460529725807,2.1658,7.9785,,2.926975727081299,0.00019593917751468303,,,,,,,,,,,,,,,
sft_text_combined_qwen3_8b_it_0307_190324,980,0.10159125071269372,2.0679,8.2471,,1.290885329246521,0.00019584583631710334,,,,,,,,,,,,,,,
sft_text_combined_qwen3_8b_it_0307_190324,990,0.10262789612812938,2.1185,7.9796,,1.7376576662063599,0.00019575145725955854,,,,,,,,,,,,,,,
sft_text_combined_qwen3_8b_it_0307_190324,1000,0.10366454154356503,2.2098,8.1424,,1.7617825269699097,0.00019565604136402565,,,,,,,,,,,,,,,
sft_text_combined_qwen3_8b_it_0307_190324,1000,0.10366454154356503,1.8782,,1.6713472604751587,,,,,,,,,,,,,,,,,
sft_text_combined_qwen3_8b_it_0307_190324,1010,0.10470118695900067,2.1797,8.1071,,1.4239003658294678,0.0001955595896637091,,,,,,,,,,,,,,,
sft_text_combined_qwen3_8b_it_0307_190324,1020,0.10573783237443632,2.1645,7.8479,,1.4365804195404053,0.00019546210320302935,,,,,,,,,,,,,,,
sft_text_combined_qwen3_8b_it_0307_190324,1030,0.10677447778987198,2.1541,8.211,,1.9470622539520264,0.0001953635830376118,,,,,,,,,,,,,,,
sft_text_combined_qwen3_8b_it_0307_190324,1040,0.10781112320530763,2.1478,8.0019,,1.1655118465423584,0.0001952640302342752,,,,,,,,,,,,,,,
sft_text_combined_qwen3_8b_it_0307_190324,1050,0.10884776862074327,2.1449,7.9065,,2.110968589782715,0.0001951634458710202,,,,,,,,,,,,,,,
sft_text_combined_qwen3_8b_it_0307_190324,1060,0.10988441403617892,2.1556,8.1235,,1.243492841720581,0.0001950618310370174,,,,,,,,,,,,,,,
sft_text_combined_qwen3_8b_it_0307_190324,1070,0.11092105945161458,2.0923,7.9131,,2.072361469268799,0.00019495918683259613,,,,,,,,,,,,,,,
sft_text_combined_qwen3_8b_it_0307_190324,1080,0.11195770486705023,2.134,8.1784,,1.790873646736145,0.00019485551436923196,,,,,,,,,,,,,,,
sft_text_combined_qwen3_8b_it_0307_190324,1090,0.11299435028248588,2.1269,8.049,,1.8716269731521606,0.0001947508147695349,,,,,,,,,,,,,,,
sft_text_combined_qwen3_8b_it_0307_190324,1100,0.11403099569792152,2.0289,7.7688,,2.124462604522705,0.00019464508916723733,,,,,,,,,,,,,,,
sft_text_combined_qwen3_8b_it_0307_190324,1110,0.11506764111335718,2.0995,8.2141,,1.7613006830215454,0.0001945383387071815,,,,,,,,,,,,,,,
sft_text_combined_qwen3_8b_it_0307_190324,1120,0.11610428652879283,2.1458,7.956,,1.1794339418411255,0.00019443056454530747,,,,,,,,,,,,,,,
sft_text_combined_qwen3_8b_it_0307_190324,1130,0.11714093194422848,2.0514,7.882,,2.6509227752685547,0.0001943217678486401,,,,,,,,,,,,,,,
sft_text_combined_qwen3_8b_it_0307_190324,1140,0.11817757735966412,2.084,8.061,,1.4617974758148193,0.0001942119497952769,,,,,,,,,,,,,,,
sft_text_combined_qwen3_8b_it_0307_190324,1150,0.11921422277509977,2.0615,7.9638,,1.4283939599990845,0.00019410111157437503,,,,,,,,,,,,,,,
sft_text_combined_qwen3_8b_it_0307_190324,1160,0.12025086819053543,2.1771,8.2133,,1.9822012186050415,0.00019398925438613844,,,,,,,,,,,,,,,
sft_text_combined_qwen3_8b_it_0307_190324,1170,0.12128751360597108,2.1988,7.9276,,2.002692699432373,0.00019387637944180493,,,,,,,,,,,,,,,
sft_text_combined_qwen3_8b_it_0307_190324,1180,0.12232415902140673,2.0525,7.7354,,1.92503821849823,0.00019376248796363293,,,,,,,,,,,,,,,
sft_text_combined_qwen3_8b_it_0307_190324,1190,0.12336080443684237,2.142,8.2053,,1.5769352912902832,0.00019364758118488838,,,,,,,,,,,,,,,
sft_text_combined_qwen3_8b_it_0307_190324,1200,0.12439744985227803,2.1168,7.9381,,1.7321466207504272,0.00019353166034983136,,,,,,,,,,,,,,,
sft_text_combined_qwen3_8b_it_0307_190324,1210,0.12543409526771368,2.0805,7.851,,2.1092259883880615,0.00019341472671370258,,,,,,,,,,,,,,,
sft_text_combined_qwen3_8b_it_0307_190324,1220,0.12647074068314934,2.1102,8.1086,,1.5255978107452393,0.00019329678154270973,,,,,,,,,,,,,,,
sft_text_combined_qwen3_8b_it_0307_190324,1230,0.12750738609858497,2.1261,7.8416,,1.874374270439148,0.0001931778261140139,,,,,,,,,,,,,,,
sft_text_combined_qwen3_8b_it_0307_190324,1240,0.12854403151402063,2.0713,8.025,,1.866580605506897,0.00019305786171571566,,,,,,,,,,,,,,,
sft_text_combined_qwen3_8b_it_0307_190324,1250,0.12958067692945627,2.0937,7.8124,,1.7334264516830444,0.0001929368896468412,,,,,,,,,,,,,,,
sft_text_combined_qwen3_8b_it_0307_190324,1250,0.12958067692945627,1.8711,,1.6309316158294678,,,,,,,,,,,,,,,,,
sft_text_combined_qwen3_8b_it_0307_190324,1260,0.13061732234489193,2.012,7.6321,,2.565756320953369,0.00019281491121732805,,,,,,,,,,,,,,,
sft_text_combined_qwen3_8b_it_0307_190324,1270,0.1316539677603276,2.1046,8.2058,,1.5168046951293945,0.0001926919277480112,,,,,,,,,,,,,,,
sft_text_combined_qwen3_8b_it_0307_190324,1280,0.13269061317576322,2.177,7.8607,,1.5186165571212769,0.00019256794057060856,,,,,,,,,,,,,,,
sft_text_combined_qwen3_8b_it_0307_190324,1290,0.13372725859119888,1.9595,7.7245,,2.0732157230377197,0.0001924429510277067,,,,,,,,,,,,,,,
sft_text_combined_qwen3_8b_it_0307_190324,1300,0.13476390400663454,2.1941,8.1269,,1.2393474578857422,0.00019231696047274612,,,,,,,,,,,,,,,
sft_text_combined_qwen3_8b_it_0307_190324,1310,0.13580054942207018,1.9661,7.6834,,1.4328498840332031,0.0001921899702700068,,,,,,,,,,,,,,,
sft_text_combined_qwen3_8b_it_0307_190324,1320,0.13683719483750584,2.0705,8.0779,,1.644538164138794,0.00019206198179459331,,,,,,,,,,,,,,,
sft_text_combined_qwen3_8b_it_0307_190324,1330,0.13787384025294147,2.154,7.9017,,1.7214999198913574,0.00019193299643241996,,,,,,,,,,,,,,,
sft_text_combined_qwen3_8b_it_0307_190324,1340,0.13891048566837713,2.0041,7.6934,,2.0620713233947754,0.0001918030155801957,,,,,,,,,,,,,,,
sft_text_combined_qwen3_8b_it_0307_190324,1350,0.1399471310838128,2.1289,8.103,,1.4870080947875977,0.0001916720406454092,,,,,,,,,,,,,,,
sft_text_combined_qwen3_8b_it_0307_190324,1360,0.14098377649924843,2.091,7.6823,,2.596298933029175,0.0001915400730463134,,,,,,,,,,,,,,,
sft_text_combined_qwen3_8b_it_0307_190324,1370,0.1420204219146841,2.0522,7.9375,,2.2393202781677246,0.00019140711421191027,,,,,,,,,,,,,,,
sft_text_combined_qwen3_8b_it_0307_190324,1380,0.14305706733011972,2.0255,7.8966,,1.9473599195480347,0.0001912731655819353,,,,,,,,,,,,,,,
sft_text_combined_qwen3_8b_it_0307_190324,1390,0.14409371274555538,2.008,7.5856,,1.785930871963501,0.00019113822860684186,,,,,,,,,,,,,,,
sft_text_combined_qwen3_8b_it_0307_190324,1400,0.14513035816099104,2.0991,7.9247,,1.655924677848816,0.0001910023047477856,,,,,,,,,,,,,,,
sft_text_combined_qwen3_8b_it_0307_190324,1410,0.14616700357642667,1.9634,7.7511,,1.494815468788147,0.00019086539547660865,,,,,,,,,,,,,,,
sft_text_combined_qwen3_8b_it_0307_190324,1420,0.14720364899186233,1.9976,7.6667,,2.189906597137451,0.00019072750227582338,,,,,,,,,,,,,,,
sft_text_combined_qwen3_8b_it_0307_190324,1430,0.148240294407298,2.0232,7.867,,1.585734248161316,0.00019058862663859683,,,,,,,,,,,,,,,
sft_text_combined_qwen3_8b_it_0307_190324,1440,0.14927693982273363,2.0416,7.5492,,1.4976873397827148,0.00019044877006873408,,,,,,,,,,,,,,,
sft_text_combined_qwen3_8b_it_0307_190324,1450,0.1503135852381693,2.1581,8.0005,,1.862475872039795,0.0001903079340806623,,,,,,,,,,,,,,,
sft_text_combined_qwen3_8b_it_0307_190324,1460,0.15135023065360492,2.0119,7.9308,,1.5488334894180298,0.00019016612019941422,,,,,,,,,,,,,,,
sft_text_combined_qwen3_8b_it_0307_190324,1470,0.15238687606904058,2.0113,7.4983,,2.028022289276123,0.0001900233299606115,,,,,,,,,,,,,,,
sft_text_combined_qwen3_8b_it_0307_190324,1480,0.15342352148447624,2.1508,8.0103,,1.8041776418685913,0.0001898795649104484,,,,,,,,,,,,,,,
sft_text_combined_qwen3_8b_it_0307_190324,1490,0.15446016689991188,2.0789,7.6832,,1.7603402137756348,0.00018973482660567464,,,,,,,,,,,,,,,
sft_text_combined_qwen3_8b_it_0307_190324,1500,0.15549681231534754,1.9956,7.6823,,1.9897160530090332,0.00018958911661357895,,,,,,,,,,,,,,,
sft_text_combined_qwen3_8b_it_0307_190324,1500,0.15549681231534754,1.7802,,1.5936216115951538,,,,,,,,,,,,,,,,,
sft_text_combined_qwen3_8b_it_0307_190324,1510,0.1565334577307832,2.072,7.8467,,1.6850945949554443,0.0001894424365119718,,,,,,,,,,,,,,,
sft_text_combined_qwen3_8b_it_0307_190324,1520,0.15757010314621883,2.0104,7.4961,,1.7363251447677612,0.00018929478788916847,,,,,,,,,,,,,,,
sft_text_combined_qwen3_8b_it_0307_190324,1530,0.1586067485616545,2.1365,7.9016,,1.937761664390564,0.0001891461723439718,,,,,,,,,,,,,,,
sft_text_combined_qwen3_8b_it_0307_190324,1540,0.15964339397709013,2.0406,7.9208,,1.3997641801834106,0.0001889965914856549,,,,,,,,,,,,,,,
sft_text_combined_qwen3_8b_it_0307_190324,1550,0.1606800393925258,1.9786,7.4152,,2.204261541366577,0.0001888460469339436,,,,,,,,,,,,,,,
sft_text_combined_qwen3_8b_it_0307_190324,1560,0.16171668480796145,2.074,7.9814,,1.5040645599365234,0.00018869454031899917,,,,,,,,,,,,,,,
sft_text_combined_qwen3_8b_it_0307_190324,1570,0.16275333022339708,2.0817,7.5094,,1.5438950061798096,0.0001885420732814004,,,,,,,,,,,,,,,
sft_text_combined_qwen3_8b_it_0307_190324,1580,0.16378997563883274,2.0885,7.6422,,2.4026381969451904,0.00018838864747212604,,,,,,,,,,,,,,,
sft_text_combined_qwen3_8b_it_0307_190324,1590,0.16482662105426837,2.0525,7.8778,,1.6284011602401733,0.0001882342645525367,,,,,,,,,,,,,,,
sft_text_combined_qwen3_8b_it_0307_190324,1600,0.16586326646970403,2.0125,7.3343,,1.6616533994674683,0.00018807892619435715,,,,,,,,,,,,,,,
sft_text_combined_qwen3_8b_it_0307_190324,1610,0.1668999118851397,2.0029,7.9254,,1.9583499431610107,0.00018792263407965796,,,,,,,,,,,,,,,
sft_text_combined_qwen3_8b_it_0307_190324,1620,0.16793655730057533,1.9998,7.6446,,1.6140022277832031,0.0001877653899008374,,,,,,,,,,,,,,,
sft_text_combined_qwen3_8b_it_0307_190324,1630,0.168973202716011,1.9495,7.4012,,2.544414758682251,0.00018760719536060316,,,,,,,,,,,,,,,
sft_text_combined_qwen3_8b_it_0307_190324,1640,0.17000984813144665,2.1176,7.9413,,1.6571224927902222,0.0001874480521719537,,,,,,,,,,,,,,,
sft_text_combined_qwen3_8b_it_0307_190324,1650,0.17104649354688228,1.9431,7.502,,2.370258092880249,0.0001872879620581601,,,,,,,,,,,,,,,
sft_text_combined_qwen3_8b_it_0307_190324,1660,0.17208313896231794,2.0083,7.5067,,2.154885768890381,0.0001871269267527469,,,,,,,,,,,,,,,
sft_text_combined_qwen3_8b_it_0307_190324,1670,0.17311978437775358,2.0275,7.689,,1.5385396480560303,0.00018696494799947373,,,,,,,,,,,,,,,
sft_text_combined_qwen3_8b_it_0307_190324,1680,0.17415642979318924,1.9467,7.3612,,1.9723851680755615,0.00018680202755231621,,,,,,,,,,,,,,,
sft_text_combined_qwen3_8b_it_0307_190324,1690,0.1751930752086249,1.9511,7.7619,,2.0261855125427246,0.00018663816717544713,,,,,,,,,,,,,,,
sft_text_combined_qwen3_8b_it_0307_190324,1700,0.17622972062406053,2.0594,7.6945,,1.4750187397003174,0.00018647336864321715,,,,,,,,,,,,,,,
sft_text_combined_qwen3_8b_it_0307_190324,1710,0.1772663660394962,2.0194,7.3709,,2.4119715690612793,0.00018630763374013562,,,,,,,,,,,,,,,
sft_text_combined_qwen3_8b_it_0307_190324,1720,0.17830301145493185,2.0575,7.8606,,1.8647207021713257,0.0001861409642608515,,,,,,,,,,,,,,,
sft_text_combined_qwen3_8b_it_0307_190324,1730,0.1793396568703675,2.0251,7.4931,,1.1678651571273804,0.0001859733620101336,,,,,,,,,,,,,,,
sft_text_combined_qwen3_8b_it_0307_190324,1740,0.18037630228580315,2.0688,7.7255,,2.2184903621673584,0.0001858048288028512,,,,,,,,,,,,,,,
sft_text_combined_qwen3_8b_it_0307_190324,1750,0.18141294770123878,2.1457,7.7063,,1.7582424879074097,0.00018563536646395444,,,,,,,,,,,,,,,
sft_text_combined_qwen3_8b_it_0307_190324,1750,0.18141294770123878,1.7538,,1.5521990060806274,,,,,,,,,,,,,,,,,
sft_text_combined_qwen3_8b_it_0307_190324,1760,0.18244959311667444,1.9588,7.3843,,2.221994638442993,0.00018546497682845445,,,,,,,,,,,,,,,
sft_text_combined_qwen3_8b_it_0307_190324,1770,0.1834862385321101,1.9521,7.8298,,2.1796517372131348,0.0001852936617414035,,,,,,,,,,,,,,,
sft_text_combined_qwen3_8b_it_0307_190324,1780,0.18452288394754573,2.0352,7.5433,,1.7952384948730469,0.00018512142305787517,,,,,,,,,,,,,,,
sft_text_combined_qwen3_8b_it_0307_190324,1790,0.1855595293629814,1.9596,7.3181,,2.2072551250457764,0.00018494826264294395,,,,,,,,,,,,,,,
sft_text_combined_qwen3_8b_it_0307_190324,1800,0.18659617477841703,2.0576,7.715,,1.6094017028808594,0.00018477418237166537,,,,,,,,,,,,,,,
sft_text_combined_qwen3_8b_it_0307_190324,1810,0.1876328201938527,1.9696,7.3723,,1.6288208961486816,0.00018459918412905556,,,,,,,,,,,,,,,
sft_text_combined_qwen3_8b_it_0307_190324,1820,0.18866946560928835,2.0612,7.7856,,2.0403599739074707,0.00018442326981007076,,,,,,,,,,,,,,,
sft_text_combined_qwen3_8b_it_0307_190324,1830,0.18970611102472398,2.0339,7.5658,,1.6858091354370117,0.00018424644131958696,,,,,,,,,,,,,,,
sft_text_combined_qwen3_8b_it_0307_190324,1840,0.19074275644015964,1.9516,7.3934,,2.278790235519409,0.00018406870057237912,,,,,,,,,,,,,,,
sft_text_combined_qwen3_8b_it_0307_190324,1850,0.1917794018555953,1.9979,7.7224,,1.9181843996047974,0.0001838900494931006,,,,,,,,,,,,,,,
sft_text_combined_qwen3_8b_it_0307_190324,1860,0.19281604727103094,1.9508,7.3223,,1.4239075183868408,0.00018371049001626212,,,,,,,,,,,,,,,
sft_text_combined_qwen3_8b_it_0307_190324,1870,0.1938526926864666,1.9873,7.6291,,2.2865753173828125,0.000183530024086211,,,,,,,,,,,,,,,
sft_text_combined_qwen3_8b_it_0307_190324,1880,0.19488933810190223,2.01,7.6196,,1.8144012689590454,0.00018334865365710997,,,,,,,,,,,,,,,
sft_text_combined_qwen3_8b_it_0307_190324,1890,0.1959259835173379,1.8347,7.1899,,2.3053061962127686,0.00018316638069291617,,,,,,,,,,,,,,,
sft_text_combined_qwen3_8b_it_0307_190324,1900,0.19696262893277355,2.0158,7.6617,,2.243743658065796,0.00018298320716735958,,,,,,,,,,,,,,,
sft_text_combined_qwen3_8b_it_0307_190324,1910,0.1979992743482092,2.1017,7.4408,,1.9844070672988892,0.00018279913506392208,,,,,,,,,,,,,,,
sft_text_combined_qwen3_8b_it_0307_190324,1920,0.19903591976364485,1.9861,7.2173,,2.407841444015503,0.0001826141663758156,,,,,,,,,,,,,,,
sft_text_combined_qwen3_8b_it_0307_190324,1930,0.2000725651790805,1.9949,7.8054,,1.9546524286270142,0.00018242830310596063,,,,,,,,,,,,,,,
sft_text_combined_qwen3_8b_it_0307_190324,1940,0.20110921059451614,2.0888,7.3939,,1.8208366632461548,0.0001822415472669647,,,,,,,,,,,,,,,
sft_text_combined_qwen3_8b_it_0307_190324,1950,0.2021458560099518,1.9464,7.5486,,2.3102948665618896,0.00018205390088110043,,,,,,,,,,,,,,,
sft_text_combined_qwen3_8b_it_0307_190324,1960,0.20318250142538744,1.9912,7.6301,,1.663408637046814,0.00018186536598028364,,,,,,,,,,,,,,,
sft_text_combined_qwen3_8b_it_0307_190324,1970,0.2042191468408231,1.9085,7.3337,,1.4921205043792725,0.0001816759446060513,,,,,,,,,,,,,,,
sft_text_combined_qwen3_8b_it_0307_190324,1980,0.20525579225625876,1.9376,7.5336,,2.0658814907073975,0.00018148563880953966,,,,,,,,,,,,,,,
sft_text_combined_qwen3_8b_it_0307_190324,1990,0.2062924376716944,1.9893,7.4369,,2.025841474533081,0.0001812944506514618,,,,,,,,,,,,,,,
sft_text_combined_qwen3_8b_it_0307_190324,2000,0.20732908308713005,1.9035,7.1298,,2.31282901763916,0.00018110238220208526,,,,,,,,,,,,,,,
sft_text_combined_qwen3_8b_it_0307_190324,2000,0.20732908308713005,1.7894,,1.5125869512557983,,,,,,,,,,,,,,,,,
sft_text_combined_qwen3_8b_it_0307_190324,2010,0.20836572850256568,1.9863,7.6046,,1.8840417861938477,0.00018090943554121,,,,,,,,,,,,,,,
sft_text_combined_qwen3_8b_it_0307_190324,2020,0.20940237391800134,1.9521,7.2276,,1.9264190196990967,0.00018071561275814538,,,,,,,,,,,,,,,
sft_text_combined_qwen3_8b_it_0307_190324,2030,0.210439019333437,1.9453,7.7202,,2.1046271324157715,0.00018052091595168804,,,,,,,,,,,,,,,
sft_text_combined_qwen3_8b_it_0307_190324,2040,0.21147566474887264,1.9939,7.4472,,1.879883050918579,0.00018032534723009874,,,,,,,,,,,,,,,
sft_text_combined_qwen3_8b_it_0307_190324,2050,0.2125123101643083,1.9423,7.1698,,2.0634944438934326,0.0001801289087110797,,,,,,,,,,,,,,,
sft_text_combined_qwen3_8b_it_0307_190324,2060,0.21354895557974396,2.0196,7.5958,,2.375135898590088,0.00017993160252175185,,,,,,,,,,,,,,,
sft_text_combined_qwen3_8b_it_0307_190324,2070,0.2145856009951796,1.9821,7.193,,1.7356626987457275,0.00017973343079863148,,,,,,,,,,,,,,,
sft_text_combined_qwen3_8b_it_0307_190324,2080,0.21562224641061525,1.97,7.2422,,2.456799030303955,0.00017953439568760727,,,,,,,,,,,,,,,
sft_text_combined_qwen3_8b_it_0307_190324,2090,0.2166588918260509,1.9507,7.4473,,1.6224552392959595,0.0001793344993439171,,,,,,,,,,,,,,,
sft_text_combined_qwen3_8b_it_0307_190324,2100,0.21769553724148655,2.0501,7.2775,,1.957708477973938,0.00017913374393212456,,,,,,,,,,,,,,,
sft_text_combined_qwen3_8b_it_0307_190324,2110,0.2187321826569222,1.9519,7.3863,,2.4422998428344727,0.0001789321316260957,,,,,,,,,,,,,,,
sft_text_combined_qwen3_8b_it_0307_190324,2120,0.21976882807235784,1.9764,7.2915,,1.9620591402053833,0.00017872966460897533,,,,,,,,,,,,,,,
sft_text_combined_qwen3_8b_it_0307_190324,2130,0.2208054734877935,1.8543,7.1001,,2.2996394634246826,0.00017852634507316343,,,,,,,,,,,,,,,
sft_text_combined_qwen3_8b_it_0307_190324,2140,0.22184211890322916,2.042,7.5127,,1.8550469875335693,0.00017832217522029147,,,,,,,,,,,,,,,
sft_text_combined_qwen3_8b_it_0307_190324,2150,0.2228787643186648,1.919,7.3546,,2.137086868286133,0.0001781171572611984,,,,,,,,,,,,,,,
sft_text_combined_qwen3_8b_it_0307_190324,2160,0.22391540973410046,1.9172,7.3833,,2.241443395614624,0.00017791129341590702,,,,,,,,,,,,,,,
sft_text_combined_qwen3_8b_it_0307_190324,2170,0.2249520551495361,2.0022,7.4803,,2.0161712169647217,0.0001777045859135996,,,,,,,,,,,,,,,
sft_text_combined_qwen3_8b_it_0307_190324,2180,0.22598870056497175,1.9111,7.2299,,1.885060429573059,0.00017749703699259395,,,,,,,,,,,,,,,
sft_text_combined_qwen3_8b_it_0307_190324,2190,0.2270253459804074,2.0202,7.5032,,2.7192320823669434,0.00017728864890031906,,,,,,,,,,,,,,,
sft_text_combined_qwen3_8b_it_0307_190324,2200,0.22806199139584304,1.994,7.4003,,1.7336591482162476,0.00017707942389329096,,,,,,,,,,,,,,,
sft_text_combined_qwen3_8b_it_0307_190324,2210,0.2290986368112787,1.8978,7.0039,,2.796104907989502,0.000176869364237088,,,,,,,,,,,,,,,
sft_text_combined_qwen3_8b_it_0307_190324,2220,0.23013528222671437,2.0073,7.6266,,2.1894538402557373,0.00017665847220632656,,,,,,,,,,,,,,,
sft_text_combined_qwen3_8b_it_0307_190324,2230,0.23117192764215,1.9017,7.1614,,1.7276949882507324,0.00017644675008463633,,,,,,,,,,,,,,,
sft_text_combined_qwen3_8b_it_0307_190324,2240,0.23220857305758566,1.8803,7.2908,,2.4832346439361572,0.00017623420016463554,,,,,,,,,,,,,,,
sft_text_combined_qwen3_8b_it_0307_190324,2250,0.2332452184730213,1.9791,7.4648,,1.9374576807022095,0.0001760208247479062,,,,,,,,,,,,,,,
sft_text_combined_qwen3_8b_it_0307_190324,2250,0.2332452184730213,1.7594,,1.4990086555480957,,,,,,,,,,,,,,,,,
sft_text_combined_qwen3_8b_it_0307_190324,2260,0.23428186388845695,2.0042,7.1627,,2.296198844909668,0.0001758066261449692,,,,,,,,,,,,,,,
sft_text_combined_qwen3_8b_it_0307_190324,2270,0.23531850930389261,1.994,7.4292,,2.2466790676116943,0.00017559160667525916,,,,,,,,,,,,,,,
sft_text_combined_qwen3_8b_it_0307_190324,2280,0.23635515471932825,2.0259,7.4061,,2.004810333251953,0.00017537576866709945,,,,,,,,,,,,,,,
sft_text_combined_qwen3_8b_it_0307_190324,2290,0.2373918001347639,1.9309,6.9362,,2.4978411197662354,0.00017515911445767688,,,,,,,,,,,,,,,
sft_text_combined_qwen3_8b_it_0307_190324,2300,0.23842844555019954,2.0213,7.5151,,2.1176412105560303,0.0001749416463930165,,,,,,,,,,,,,,,
sft_text_combined_qwen3_8b_it_0307_190324,2310,0.2394650909656352,2.0126,7.1919,,2.6136934757232666,0.00017472336682795611,,,,,,,,,,,,,,,
sft_text_combined_qwen3_8b_it_0307_190324,2320,0.24050173638107086,1.9755,7.2996,,2.623213291168213,0.00017450427812612076,,,,,,,,,,,,,,,
sft_text_combined_qwen3_8b_it_0307_190324,2330,0.2415383817965065,1.9714,7.2763,,1.7637931108474731,0.0001742843826598972,,,,,,,,,,,,,,,
sft_text_combined_qwen3_8b_it_0307_190324,2340,0.24257502721194216,1.9429,6.9633,,1.8806049823760986,0.00017406368281040822,,,,,,,,,,,,,,,
sft_text_combined_qwen3_8b_it_0307_190324,2350,0.24361167262737782,1.9595,7.485,,2.2508544921875,0.00017384218096748674,,,,,,,,,,,,,,,
sft_text_combined_qwen3_8b_it_0307_190324,2360,0.24464831804281345,2.0986,7.2259,,1.6994774341583252,0.00017361987952965006,,,,,,,,,,,,,,,
sft_text_combined_qwen3_8b_it_0307_190324,2370,0.2456849634582491,1.8573,7.0459,,2.408517837524414,0.00017339678090407378,,,,,,,,,,,,,,,
sft_text_combined_qwen3_8b_it_0307_190324,2380,0.24672160887368474,2.0005,7.4572,,2.0678131580352783,0.0001731728875065659,,,,,,,,,,,,,,,
sft_text_combined_qwen3_8b_it_0307_190324,2390,0.2477582542891204,1.9209,7.0771,,1.6425588130950928,0.00017294820176154042,,,,,,,,,,,,,,,
sft_text_combined_qwen3_8b_it_0307_190324,2400,0.24879489970455607,1.9122,7.1145,,2.478550672531128,0.00017272272610199135,,,,,,,,,,,,,,,
sft_text_combined_qwen3_8b_it_0307_190324,2410,0.2498315451199917,1.9819,7.2573,,1.8704251050949097,0.0001724964629694661,,,,,,,,,,,,,,,
sft_text_combined_qwen3_8b_it_0307_190324,2420,0.25086819053542736,1.884,7.0486,,1.9277898073196411,0.0001722694148140393,,,,,,,,,,,,,,,
sft_text_combined_qwen3_8b_it_0307_190324,2430,0.251904835950863,1.9908,7.4862,,2.7166876792907715,0.00017204158409428607,,,,,,,,,,,,,,,
sft_text_combined_qwen3_8b_it_0307_190324,2440,0.2529414813662987,1.9581,7.1862,,1.722721815109253,0.00017181297327725553,,,,,,,,,,,,,,,
sft_text_combined_qwen3_8b_it_0307_190324,2450,0.2539781267817343,1.8935,7.115,,2.649181842803955,0.00017158358483844395,,,,,,,,,,,,,,,
sft_text_combined_qwen3_8b_it_0307_190324,2460,0.25501477219716995,1.9334,7.476,,2.2892467975616455,0.00017135342126176805,,,,,,,,,,,,,,,
sft_text_combined_qwen3_8b_it_0307_190324,2470,0.2560514176126056,1.9349,7.0037,,1.4620671272277832,0.0001711224850395382,,,,,,,,,,,,,,,
sft_text_combined_qwen3_8b_it_0307_190324,2480,0.25708806302804127,1.9259,7.2926,,2.3267431259155273,0.00017089077867243107,,,,,,,,,,,,,,,
sft_text_combined_qwen3_8b_it_0307_190324,2490,0.2581247084434769,1.9695,7.2609,,1.8809328079223633,0.000170658304669463,,,,,,,,,,,,,,,
sft_text_combined_qwen3_8b_it_0307_190324,2500,0.25916135385891254,1.8333,6.8936,,1.947209119796753,0.00017042506554796255,,,,,,,,,,,,,,,
sft_text_combined_qwen3_8b_it_0307_190324,2500,0.25916135385891254,1.7316,,1.4650936126708984,,,,,,,,,,,,,,,,,
sft_text_combined_qwen3_8b_it_0307_190324,2510,0.2601979992743482,1.9996,7.3619,,2.126044750213623,0.00017019106383354325,,,,,,,,,,,,,,,
sft_text_combined_qwen3_8b_it_0307_190324,2520,0.26123464468978386,1.8648,7.1911,,1.681169033050537,0.0001699563020600764,,,,,,,,,,,,,,,
sft_text_combined_qwen3_8b_it_0307_190324,2530,0.2622712901052195,1.8841,7.0123,,2.5883781909942627,0.0001697207827696636,,,,,,,,,,,,,,,
sft_text_combined_qwen3_8b_it_0307_190324,2540,0.2633079355206552,1.9992,7.3901,,2.2508468627929688,0.00016948450851260894,,,,,,,,,,,,,,,
sft_text_combined_qwen3_8b_it_0307_190324,2550,0.2643445809360908,1.9106,7.1533,,1.6902161836624146,0.00016924748184739188,,,,,,,,,,,,,,,
sft_text_combined_qwen3_8b_it_0307_190324,2560,0.26538122635152644,1.9057,7.0506,,2.6991634368896484,0.0001690097053406391,,,,,,,,,,,,,,,
sft_text_combined_qwen3_8b_it_0307_190324,2570,0.26641787176696213,1.912,7.256,,2.09622859954834,0.00016877118156709696,,,,,,,,,,,,,,,
sft_text_combined_qwen3_8b_it_0307_190324,2580,0.26745451718239777,1.8441,6.81,,1.988807201385498,0.00016853191310960356,,,,,,,,,,,,,,,
sft_text_combined_qwen3_8b_it_0307_190324,2590,0.2684911625978334,1.9443,7.2979,,2.46632719039917,0.0001682919025590607,,,,,,,,,,,,,,,
sft_text_combined_qwen3_8b_it_0307_190324,2600,0.2695278080132691,2.0432,7.1427,,1.757106065750122,0.0001680511525144059,,,,,,,,,,,,,,,
sft_text_combined_qwen3_8b_it_0307_190324,2610,0.2705644534287047,1.8132,6.9618,,2.6457037925720215,0.00016780966558258432,,,,,,,,,,,,,,,
sft_text_combined_qwen3_8b_it_0307_190324,2620,0.27160109884414035,1.8384,7.3336,,2.22189998626709,0.00016756744437852034,,,,,,,,,,,,,,,
sft_text_combined_qwen3_8b_it_0307_190324,2630,0.272637744259576,1.8913,7.1084,,1.8240879774093628,0.00016732449152508943,,,,,,,,,,,,,,,
sft_text_combined_qwen3_8b_it_0307_190324,2640,0.2736743896750117,1.9011,7.0192,,2.8138277530670166,0.0001670808096530896,,,,,,,,,,,,,,,
sft_text_combined_qwen3_8b_it_0307_190324,2650,0.2747110350904473,1.9345,7.2079,,2.056509256362915,0.0001668364014012131,,,,,,,,,,,,,,,
sft_text_combined_qwen3_8b_it_0307_190324,2660,0.27574768050588294,1.9176,6.8845,,1.8091328144073486,0.0001665912694160176,,,,,,,,,,,,,,,
sft_text_combined_qwen3_8b_it_0307_190324,2670,0.27678432592131863,1.9778,7.2928,,2.1300649642944336,0.00016634541635189776,,,,,,,,,,,,,,,
sft_text_combined_qwen3_8b_it_0307_190324,2680,0.27782097133675426,2.0004,7.149,,1.8021491765975952,0.0001660988448710564,,,,,,,,,,,,,,,
sft_text_combined_qwen3_8b_it_0307_190324,2690,0.2788576167521899,1.9894,6.9756,,2.4541494846343994,0.0001658515576434756,,,,,,,,,,,,,,,
sft_text_combined_qwen3_8b_it_0307_190324,2700,0.2798942621676256,1.9864,7.4309,,2.0570104122161865,0.0001656035573468879,,,,,,,,,,,,,,,
sft_text_combined_qwen3_8b_it_0307_190324,2710,0.2809309075830612,1.8587,6.9516,,2.1382107734680176,0.0001653548466667472,,,,,,,,,,,,,,,
sft_text_combined_qwen3_8b_it_0307_190324,2720,0.28196755299849685,1.9334,7.1413,,2.443680763244629,0.00016510542829619986,,,,,,,,,,,,,,,
sft_text_combined_qwen3_8b_it_0307_190324,2730,0.28300419841393254,1.8878,7.1636,,1.7655370235443115,0.00016485530493605527,,,,,,,,,,,,,,,
sft_text_combined_qwen3_8b_it_0307_190324,2740,0.2840408438293682,1.812,6.8563,,1.923208236694336,0.00016460447929475688,,,,,,,,,,,,,,,
sft_text_combined_qwen3_8b_it_0307_190324,2750,0.2850774892448038,1.9351,7.2607,,3.0194108486175537,0.0001643529540883526,,,,,,,,,,,,,,,
sft_text_combined_qwen3_8b_it_0307_190324,2750,0.2850774892448038,1.7605,,1.4315402507781982,,,,,,,,,,,,,,,,,
sft_text_combined_qwen3_8b_it_0307_190324,2760,0.28611413466023944,1.8987,6.9213,,2.637693166732788,0.0001641007320404657,,,,,,,,,,,,,,,
sft_text_combined_qwen3_8b_it_0307_190324,2770,0.2871507800756751,1.8322,6.8257,,2.882331371307373,0.00016384781588226502,,,,,,,,,,,,,,,
sft_text_combined_qwen3_8b_it_0307_190324,2780,0.28818742549111076,1.9245,7.2653,,2.0279996395111084,0.0001635942083524356,,,,,,,,,,,,,,,
sft_text_combined_qwen3_8b_it_0307_190324,2790,0.2892240709065464,1.9122,6.8109,,1.976275086402893,0.00016333991219714887,,,,,,,,,,,,,,,
sft_text_combined_qwen3_8b_it_0307_190324,2800,0.2902607163219821,1.9489,7.2881,,2.832811117172241,0.0001630849301700331,,,,,,,,,,,,,,,
sft_text_combined_qwen3_8b_it_0307_190324,2810,0.2912973617374177,1.9107,7.1192,,1.7952957153320312,0.00016282926503214336,,,,,,,,,,,,,,,
sft_text_combined_qwen3_8b_it_0307_190324,2820,0.29233400715285335,1.958,6.7399,,2.464994192123413,0.00016257291955193185,,,,,,,,,,,,,,,
sft_text_combined_qwen3_8b_it_0307_190324,2830,0.29337065256828904,1.9118,7.3984,,2.2790706157684326,0.0001623158965052177,,,,,,,,,,,,,,,
sft_text_combined_qwen3_8b_it_0307_190324,2840,0.29440729798372467,1.8987,6.9786,,2.2000372409820557,0.00016205819867515714,,,,,,,,,,,,,,,
sft_text_combined_qwen3_8b_it_0307_190324,2850,0.2954439433991603,1.8832,6.9848,,2.74957013130188,0.0001617998288522131,,,,,,,,,,,,,,,
sft_text_combined_qwen3_8b_it_0307_190324,2860,0.296480588814596,1.9774,7.338,,1.8958595991134644,0.00016154078983412524,,,,,,,,,,,,,,,
sft_text_combined_qwen3_8b_it_0307_190324,2870,0.2975172342300316,1.9031,7.0778,,2.873075246810913,0.00016128108442587958,,,,,,,,,,,,,,,
sft_text_combined_qwen3_8b_it_0307_190324,2880,0.29855387964546726,1.8549,6.9948,,2.5527312755584717,0.00016102071543967801,,,,,,,,,,,,,,,
sft_text_combined_qwen3_8b_it_0307_190324,2890,0.29959052506090295,1.9027,7.0612,,2.0164530277252197,0.00016075968569490798,,,,,,,,,,,,,,,
sft_text_combined_qwen3_8b_it_0307_190324,2900,0.3006271704763386,1.7756,6.7685,,2.387155532836914,0.00016049799801811192,,,,,,,,,,,,,,,
sft_text_combined_qwen3_8b_it_0307_190324,2910,0.3016638158917742,1.9217,7.2961,,2.234879493713379,0.0001602356552429566,,,,,,,,,,,,,,,
sft_text_combined_qwen3_8b_it_0307_190324,2920,0.30270046130720984,1.9476,6.9398,,1.7569047212600708,0.00015997266021020249,,,,,,,,,,,,,,,
sft_text_combined_qwen3_8b_it_0307_190324,2930,0.30373710672264553,1.8467,6.9937,,2.5427088737487793,0.00015970901576767301,,,,,,,,,,,,,,,
sft_text_combined_qwen3_8b_it_0307_190324,2940,0.30477375213808117,1.9217,7.2005,,2.016408681869507,0.00015944472477022364,,,,,,,,,,,,,,,
sft_text_combined_qwen3_8b_it_0307_190324,2950,0.3058103975535168,1.8805,6.7905,,1.6854504346847534,0.00015917979007971103,,,,,,,,,,,,,,,
sft_text_combined_qwen3_8b_it_0307_190324,2960,0.3068470429689525,1.9191,7.1482,,2.6143038272857666,0.00015891421456496206,,,,,,,,,,,,,,,
sft_text_combined_qwen3_8b_it_0307_190324,2970,0.3078836883843881,1.8805,6.9587,,2.6699297428131104,0.00015864800110174264,,,,,,,,,,,,,,,
sft_text_combined_qwen3_8b_it_0307_190324,2980,0.30892033379982375,1.781,6.6503,,2.2881877422332764,0.00015838115257272683,,,,,,,,,,,,,,,
sft_text_combined_qwen3_8b_it_0307_190324,2990,0.30995697921525944,1.902,7.286,,2.3500380516052246,0.00015811367186746524,,,,,,,,,,,,,,,
sft_text_combined_qwen3_8b_it_0307_190324,3000,0.3109936246306951,1.9183,6.8107,,1.7812401056289673,0.00015784556188235414,,,,,,,,,,,,,,,
sft_text_combined_qwen3_8b_it_0307_190324,3000,0.3109936246306951,1.671,,1.4115777015686035,,,,,,,,,,,,,,,,,
sft_text_combined_qwen3_8b_it_0307_190324,3010,0.3120302700461307,1.9237,6.9221,,2.873105049133301,0.00015757682552060374,,,,,,,,,,,,,,,
sft_text_combined_qwen3_8b_it_0307_190324,3020,0.3130669154615664,1.8771,7.2043,,1.9745010137557983,0.0001573074656922071,,,,,,,,,,,,,,,
sft_text_combined_qwen3_8b_it_0307_190324,3030,0.31410356087700203,1.9411,6.6887,,1.7591743469238281,0.00015703748531390837,,,,,,,,,,,,,,,
sft_text_combined_qwen3_8b_it_0307_190324,3040,0.31514020629243766,1.8588,6.9815,,2.4930899143218994,0.00015676688730917123,,,,,,,,,,,,,,,
sft_text_combined_qwen3_8b_it_0307_190324,3050,0.3161768517078733,1.793,6.8496,,1.9194101095199585,0.00015649567460814738,,,,,,,,,,,,,,,
sft_text_combined_qwen3_8b_it_0307_190324,3060,0.317213497123309,1.7978,6.6631,,2.3348631858825684,0.00015622385014764465,,,,,,,,,,,,,,,
sft_text_combined_qwen3_8b_it_0307_190324,3070,0.3182501425387446,1.8855,7.2057,,2.8123199939727783,0.00015595141687109527,,,,,,,,,,,,,,,
sft_text_combined_qwen3_8b_it_0307_190324,3080,0.31928678795418025,1.8327,6.7221,,1.9743168354034424,0.00015567837772852402,,,,,,,,,,,,,,,
sft_text_combined_qwen3_8b_it_0307_190324,3090,0.32032343336961594,1.8576,6.7595,,2.577366828918457,0.00015540473567651625,,,,,,,,,,,,,,,
sft_text_combined_qwen3_8b_it_0307_190324,3100,0.3213600787850516,1.8628,7.1606,,1.9618291854858398,0.00015513049367818588,,,,,,,,,,,,,,,
sft_text_combined_qwen3_8b_it_0307_190324,3110,0.3223967242004872,1.8294,6.717,,1.7501232624053955,0.00015485565470314328,,,,,,,,,,,,,,,
sft_text_combined_qwen3_8b_it_0307_190324,3120,0.3234333696159229,1.8081,7.0103,,2.8361783027648926,0.0001545802217274631,,,,,,,,,,,,,,,
sft_text_combined_qwen3_8b_it_0307_190324,3130,0.3244700150313585,1.891,7.1631,,2.064462423324585,0.00015430419773365222,,,,,,,,,,,,,,,
sft_text_combined_qwen3_8b_it_0307_190324,3140,0.32550666044679416,1.9862,6.5967,,2.09073543548584,0.00015402758571061724,,,,,,,,,,,,,,,
sft_text_combined_qwen3_8b_it_0307_190324,3150,0.32654330586222985,1.9431,7.1033,,2.4556522369384766,0.00015375038865363214,,,,,,,,,,,,,,,
sft_text_combined_qwen3_8b_it_0307_190324,3160,0.3275799512776655,1.8099,6.8938,,2.055849313735962,0.00015347260956430594,,,,,,,,,,,,,,,
sft_text_combined_qwen3_8b_it_0307_190324,3170,0.3286165966931011,1.772,6.6369,,3.0836360454559326,0.00015319425145055027,,,,,,,,,,,,,,,
sft_text_combined_qwen3_8b_it_0307_190324,3180,0.32965324210853675,1.9,7.209,,2.940171003341675,0.00015291531732654644,,,,,,,,,,,,,,,
sft_text_combined_qwen3_8b_it_0307_190324,3190,0.33068988752397244,1.9085,6.7065,,2.3787496089935303,0.0001526358102127133,,,,,,,,,,,,,,,
sft_text_combined_qwen3_8b_it_0307_190324,3200,0.33172653293940807,1.8632,6.9601,,2.6384036540985107,0.00015235573313567415,,,,,,,,,,,,,,,
sft_text_combined_qwen3_8b_it_0307_190324,3210,0.3327631783548437,1.7799,7.0074,,2.0734362602233887,0.00015207508912822408,,,,,,,,,,,,,,,
sft_text_combined_qwen3_8b_it_0307_190324,3220,0.3337998237702794,1.9937,6.7758,,2.182957410812378,0.00015179388122929722,,,,,,,,,,,,,,,
sft_text_combined_qwen3_8b_it_0307_190324,3230,0.334836469185715,1.9704,7.1618,,2.8742945194244385,0.00015151211248393368,,,,,,,,,,,,,,,
sft_text_combined_qwen3_8b_it_0307_190324,3240,0.33587311460115066,1.8967,6.9803,,1.8687175512313843,0.00015122978594324677,,,,,,,,,,,,,,,
sft_text_combined_qwen3_8b_it_0307_190324,3250,0.33690976001658635,1.7392,6.6686,,2.957353115081787,0.00015094690466438973,,,,,,,,,,,,,,,
sft_text_combined_qwen3_8b_it_0307_190324,3250,0.33690976001658635,1.6375,,1.3924466371536255,,,,,,,,,,,,,,,,,
sft_text_combined_qwen3_8b_it_0307_190324,3260,0.337946405432022,1.8788,7.119,,2.37914776802063,0.00015066347171052277,,,,,,,,,,,,,,,
sft_text_combined_qwen3_8b_it_0307_190324,3270,0.3389830508474576,1.857,6.7346,,2.62954044342041,0.00015037949015077998,,,,,,,,,,,,,,,
sft_text_combined_qwen3_8b_it_0307_190324,3280,0.3400196962628933,1.8766,6.9467,,2.8825106620788574,0.00015009496306023584,,,,,,,,,,,,,,,
sft_text_combined_qwen3_8b_it_0307_190324,3290,0.34105634167832893,1.7734,6.8408,,2.0217700004577637,0.00014980989351987215,,,,,,,,,,,,,,,
sft_text_combined_qwen3_8b_it_0307_190324,3300,0.34209298709376457,1.8362,6.6685,,2.056342840194702,0.0001495242846165446,,,,,,,,,,,,,,,
sft_text_combined_qwen3_8b_it_0307_190324,3310,0.34312963250920026,1.8278,7.0477,,2.3037526607513428,0.00014923813944294926,,,,,,,,,,,,,,,
sft_text_combined_qwen3_8b_it_0307_190324,3320,0.3441662779246359,1.7153,6.74,,2.1425716876983643,0.0001489514610975893,,,,,,,,,,,,,,,
sft_text_combined_qwen3_8b_it_0307_190324,3330,0.3452029233400715,1.8388,6.775,,2.705801486968994,0.00014866425268474114,,,,,,,,,,,,,,,
sft_text_combined_qwen3_8b_it_0307_190324,3340,0.34623956875550715,1.8854,6.9684,,2.101634979248047,0.00014837651731442115,,,,,,,,,,,,,,,
sft_text_combined_qwen3_8b_it_0307_190324,3350,0.34727621417094284,1.8817,6.732,,1.538630485534668,0.0001480882581023517,,,,,,,,,,,,,,,
sft_text_combined_qwen3_8b_it_0307_190324,3360,0.3483128595863785,1.7853,6.7675,,2.6911709308624268,0.00014779947816992764,,,,,,,,,,,,,,,
sft_text_combined_qwen3_8b_it_0307_190324,3370,0.3493495050018141,1.972,6.7751,,1.964956521987915,0.00014751018064418237,,,,,,,,,,,,,,,
sft_text_combined_qwen3_8b_it_0307_190324,3380,0.3503861504172498,1.7645,6.4294,,2.7874464988708496,0.00014722036865775392,,,,,,,,,,,,,,,
sft_text_combined_qwen3_8b_it_0307_190324,3390,0.35142279583268543,1.8872,7.0358,,2.389791488647461,0.00014693004534885128,,,,,,,,,,,,,,,
sft_text_combined_qwen3_8b_it_0307_190324,3400,0.35245944124812106,1.8129,6.8161,,1.8326926231384277,0.00014663921386122019,,,,,,,,,,,,,,,
sft_text_combined_qwen3_8b_it_0307_190324,3410,0.35349608666355675,1.8109,6.7402,,2.5235607624053955,0.0001463478773441091,,,,,,,,,,,,,,,
sft_text_combined_qwen3_8b_it_0307_190324,3420,0.3545327320789924,1.8941,6.8578,,2.1264164447784424,0.0001460560389522353,,,,,,,,,,,,,,,
sft_text_combined_qwen3_8b_it_0307_190324,3430,0.355569377494428,1.7321,6.6036,,2.1882495880126953,0.00014576370184575044,,,,,,,,,,,,,,,
sft_text_combined_qwen3_8b_it_0307_190324,3440,0.3566060229098637,1.8152,6.9431,,2.7041523456573486,0.00014547086919020646,,,,,,,,,,,,,,,
sft_text_combined_qwen3_8b_it_0307_190324,3450,0.35764266832529934,1.9779,6.9329,,2.084679126739502,0.0001451775441565215,,,,,,,,,,,,,,,
sft_text_combined_qwen3_8b_it_0307_190324,3460,0.358679313740735,1.8087,6.5288,,3.127490520477295,0.00014488372992094522,,,,,,,,,,,,,,,
sft_text_combined_qwen3_8b_it_0307_190324,3470,0.3597159591561706,1.8514,7.0342,,2.5802080631256104,0.00014458942966502454,,,,,,,,,,,,,,,
sft_text_combined_qwen3_8b_it_0307_190324,3480,0.3607526045716063,1.8643,6.8073,,1.786916971206665,0.00014429464657556942,,,,,,,,,,,,,,,
sft_text_combined_qwen3_8b_it_0307_190324,3490,0.3617892499870419,1.7784,6.6225,,2.7308943271636963,0.00014399938384461792,,,,,,,,,,,,,,,
sft_text_combined_qwen3_8b_it_0307_190324,3500,0.36282589540247756,1.8797,6.9027,,2.116724729537964,0.00014370364466940197,,,,,,,,,,,,,,,
sft_text_combined_qwen3_8b_it_0307_190324,3500,0.36282589540247756,1.6071,,1.376674771308899,,,,,,,,,,,,,,,,,
sft_text_combined_qwen3_8b_it_0307_190324,3510,0.36386254081791325,1.6837,6.5817,,1.89614999294281,0.0001434074322523127,,,,,,,,,,,,,,,
sft_text_combined_qwen3_8b_it_0307_190324,3520,0.3648991862333489,1.8397,6.9268,,2.3238730430603027,0.00014311074980086558,,,,,,,,,,,,,,,
sft_text_combined_qwen3_8b_it_0307_190324,3530,0.3659358316487845,1.7541,6.8645,,1.9666188955307007,0.00014281360052766591,,,,,,,,,,,,,,,
sft_text_combined_qwen3_8b_it_0307_190324,3540,0.3669724770642202,1.7405,6.5963,,2.846708059310913,0.00014251598765037396,,,,,,,,,,,,,,,
sft_text_combined_qwen3_8b_it_0307_190324,3550,0.36800912247965584,1.9549,7.0371,,2.5852363109588623,0.00014221791439166995,,,,,,,,,,,,,,,
sft_text_combined_qwen3_8b_it_0307_190324,3560,0.36904576789509147,1.8887,6.6522,,2.6832275390625,0.0001419193839792194,,,,,,,,,,,,,,,
sft_text_combined_qwen3_8b_it_0307_190324,3570,0.37008241331052716,1.8201,6.6803,,2.7447726726531982,0.00014162039964563821,,,,,,,,,,,,,,,
sft_text_combined_qwen3_8b_it_0307_190324,3580,0.3711190587259628,1.8265,6.9292,,2.1382932662963867,0.0001413209646284573,,,,,,,,,,,,,,,
sft_text_combined_qwen3_8b_it_0307_190324,3590,0.3721557041413984,1.7369,6.4433,,2.200467348098755,0.000141021082170088,,,,,,,,,,,,,,,
sft_text_combined_qwen3_8b_it_0307_190324,3600,0.37319234955683406,1.9324,7.0712,,2.5236968994140625,0.00014072075551778662,,,,,,,,,,,,,,,
sft_text_combined_qwen3_8b_it_0307_190324,3610,0.37422899497226975,1.7952,6.7154,,2.5358195304870605,0.0001404199879236193,,,,,,,,,,,,,,,
sft_text_combined_qwen3_8b_it_0307_190324,3620,0.3752656403877054,1.7037,6.5011,,3.191037178039551,0.00014011878264442708,,,,,,,,,,,,,,,
sft_text_combined_qwen3_8b_it_0307_190324,3630,0.376302285803141,1.8532,6.9497,,2.370819568634033,0.00013981714294179038,,,,,,,,,,,,,,,
sft_text_combined_qwen3_8b_it_0307_190324,3640,0.3773389312185767,1.8714,6.7386,,1.5644453763961792,0.00013951507208199363,,,,,,,,,,,,,,,
sft_text_combined_qwen3_8b_it_0307_190324,3650,0.37837557663401233,1.8577,6.7463,,2.8030002117156982,0.00013921257333599017,,,,,,,,,,,,,,,
sft_text_combined_qwen3_8b_it_0307_190324,3660,0.37941222204944797,1.8828,6.9011,,2.555431604385376,0.0001389096499793666,,,,,,,,,,,,,,,
sft_text_combined_qwen3_8b_it_0307_190324,3670,0.38044886746488366,1.7223,6.3691,,2.638418674468994,0.00013860630529230735,,,,,,,,,,,,,,,
sft_text_combined_qwen3_8b_it_0307_190324,3680,0.3814855128803193,1.8271,7.0632,,3.2220683097839355,0.0001383025425595593,,,,,,,,,,,,,,,
sft_text_combined_qwen3_8b_it_0307_190324,3690,0.3825221582957549,1.8631,6.7432,,1.8120232820510864,0.00013799836507039602,,,,,,,,,,,,,,,
sft_text_combined_qwen3_8b_it_0307_190324,3700,0.3835588037111906,1.7935,6.4234,,3.0836496353149414,0.00013769377611858228,,,,,,,,,,,,,,,
sft_text_combined_qwen3_8b_it_0307_190324,3710,0.38459544912662624,1.8638,6.9601,,2.254831552505493,0.00013738877900233836,,,,,,,,,,,,,,,
sft_text_combined_qwen3_8b_it_0307_190324,3720,0.3856320945420619,1.7901,6.4241,,1.7970292568206787,0.00013708337702430425,,,,,,,,,,,,,,,
sft_text_combined_qwen3_8b_it_0307_190324,3730,0.38666873995749756,1.805,6.7389,,2.427340269088745,0.00013677757349150402,,,,,,,,,,,,,,,
sft_text_combined_qwen3_8b_it_0307_190324,3740,0.3877053853729332,1.8808,6.8694,,2.1480772495269775,0.00013647137171530997,,,,,,,,,,,,,,,
sft_text_combined_qwen3_8b_it_0307_190324,3750,0.38874203078836883,1.7296,6.3695,,2.923943519592285,0.00013616477501140667,,,,,,,,,,,,,,,
sft_text_combined_qwen3_8b_it_0307_190324,3750,0.38874203078836883,1.5212,,1.3565953969955444,,,,,,,,,,,,,,,,,
sft_text_combined_qwen3_8b_it_0307_190324,3760,0.38977867620380446,1.858,7.0213,,2.409344434738159,0.0001358577866997552,,,,,,,,,,,,,,,
sft_text_combined_qwen3_8b_it_0307_190324,3770,0.39081532161924015,1.7889,6.5115,,1.97698175907135,0.00013555041010455713,,,,,,,,,,,,,,,
sft_text_combined_qwen3_8b_it_0307_190324,3780,0.3918519670346758,1.7978,6.6802,,2.808544158935547,0.00013524264855421846,,,,,,,,,,,,,,,
sft_text_combined_qwen3_8b_it_0307_190324,3790,0.3928886124501114,1.8274,6.7583,,2.019505739212036,0.0001349345053813138,,,,,,,,,,,,,,,
sft_text_combined_qwen3_8b_it_0307_190324,3800,0.3939252578655471,1.773,6.4947,,2.367915630340576,0.00013462598392255,,,,,,,,,,,,,,,
sft_text_combined_qwen3_8b_it_0307_190324,3810,0.39496190328098274,1.8175,6.948,,2.576611042022705,0.00013431708751873015,,,,,,,,,,,,,,,
sft_text_combined_qwen3_8b_it_0307_190324,3820,0.3959985486964184,1.8605,6.5917,,2.0863654613494873,0.00013400781951471751,,,,,,,,,,,,,,,
sft_text_combined_qwen3_8b_it_0307_190324,3830,0.39703519411185406,1.7558,6.4797,,2.7749221324920654,0.00013369818325939913,,,,,,,,,,,,,,,
sft_text_combined_qwen3_8b_it_0307_190324,3840,0.3980718395272897,1.8524,6.9203,,2.3731114864349365,0.00013338818210564962,,,,,,,,,,,,,,,
sft_text_combined_qwen3_8b_it_0307_190324,3850,0.39910848494272533,1.8594,6.6409,,1.7257425785064697,0.00013307781941029488,,,,,,,,,,,,,,,
sft_text_combined_qwen3_8b_it_0307_190324,3860,0.400145130358161,1.7865,6.7347,,3.0488269329071045,0.00013276709853407575,,,,,,,,,,,,,,,
sft_text_combined_qwen3_8b_it_0307_190324,3870,0.40118177577359665,2.0066,6.8328,,2.4687113761901855,0.00013245602284161164,,,,,,,,,,,,,,,
sft_text_combined_qwen3_8b_it_0307_190324,3880,0.4022184211890323,1.8281,6.5271,,1.7623478174209595,0.00013214459570136397,,,,,,,,,,,,,,,
sft_text_combined_qwen3_8b_it_0307_190324,3890,0.4032550666044679,1.7281,6.8043,,3.0971829891204834,0.0001318328204855999,,,,,,,,,,,,,,,
sft_text_combined_qwen3_8b_it_0307_190324,3900,0.4042917120199036,1.8346,6.7586,,1.7714722156524658,0.0001315207005703556,,,,,,,,,,,,,,,
sft_text_combined_qwen3_8b_it_0307_190324,3910,0.40532835743533924,1.6512,6.2906,,2.811707019805908,0.00013120823933539984,,,,,,,,,,,,,,,
sft_text_combined_qwen3_8b_it_0307_190324,3920,0.40636500285077487,1.9437,6.9347,,2.359654188156128,0.00013089544016419742,,,,,,,,,,,,,,,
sft_text_combined_qwen3_8b_it_0307_190324,3930,0.40740164826621056,1.804,6.4598,,2.301286220550537,0.0001305823064438723,,,,,,,,,,,,,,,
sft_text_combined_qwen3_8b_it_0307_190324,3940,0.4084382936816462,1.7552,6.5605,,3.293735980987549,0.00013026884156517118,,,,,,,,,,,,,,,
sft_text_combined_qwen3_8b_it_0307_190324,3950,0.4094749390970818,1.8822,6.882,,2.2225611209869385,0.00012995504892242675,,,,,,,,,,,,,,,
sft_text_combined_qwen3_8b_it_0307_190324,3960,0.4105115845125175,1.8933,6.5922,,1.9240880012512207,0.0001296409319135207,,,,,,,,,,,,,,,
sft_text_combined_qwen3_8b_it_0307_190324,3970,0.41154822992795315,1.8264,6.8237,,2.775007963180542,0.00012932649393984725,,,,,,,,,,,,,,,
sft_text_combined_qwen3_8b_it_0307_190324,3980,0.4125848753433888,1.8758,6.6511,,2.021543025970459,0.00012901173840627607,,,,,,,,,,,,,,,
sft_text_combined_qwen3_8b_it_0307_190324,3990,0.41362152075882447,1.8247,6.4805,,2.993851661682129,0.00012869666872111554,,,,,,,,,,,,,,,
sft_text_combined_qwen3_8b_it_0307_190324,4000,0.4146581661742601,1.8665,7.0272,,2.361632823944092,0.00012838128829607582,,,,,,,,,,,,,,,
sft_text_combined_qwen3_8b_it_0307_190324,4000,0.4146581661742601,1.6085,,1.3410738706588745,,,,,,,,,,,,,,,,,
sft_text_combined_qwen3_8b_it_0307_190324,4010,0.41569481158969573,1.8226,6.5037,,2.089601993560791,0.0001280656005462319,,,,,,,,,,,,,,,
sft_text_combined_qwen3_8b_it_0307_190324,4020,0.41673145700513137,1.713,6.7249,,2.82412052154541,0.0001277496088899866,,,,,,,,,,,,,,,
sft_text_combined_qwen3_8b_it_0307_190324,4030,0.41776810242056706,1.8656,6.6528,,2.2743124961853027,0.00012743331674903353,,,,,,,,,,,,,,,
sft_text_combined_qwen3_8b_it_0307_190324,4040,0.4188047478360027,1.7652,6.3426,,2.5099501609802246,0.00012711672754832015,,,,,,,,,,,,,,,
sft_text_combined_qwen3_8b_it_0307_190324,4050,0.4198413932514383,1.8111,6.9094,,2.387042999267578,0.00012679984471601055,,,,,,,,,,,,,,,
sft_text_combined_qwen3_8b_it_0307_190324,4060,0.420878038666874,1.7801,6.6635,,1.87126624584198,0.00012648267168344842,,,,,,,,,,,,,,,
sft_text_combined_qwen3_8b_it_0307_190324,4070,0.42191468408230964,1.7487,6.4934,,3.5040111541748047,0.0001261652118851199,,,,,,,,,,,,,,,
sft_text_combined_qwen3_8b_it_0307_190324,4080,0.4229513294977453,1.9512,6.7876,,2.5741026401519775,0.0001258474687586163,,,,,,,,,,,,,,,
sft_text_combined_qwen3_8b_it_0307_190324,4090,0.42398797491318096,1.8802,6.5511,,2.5508551597595215,0.00012552944574459687,,,,,,,,,,,,,,,
sft_text_combined_qwen3_8b_it_0307_190324,4100,0.4250246203286166,1.7847,6.5373,,2.901024103164673,0.00012521114628675175,,,,,,,,,,,,,,,
sft_text_combined_qwen3_8b_it_0307_190324,4110,0.42606126574405223,1.9369,6.7013,,2.17060923576355,0.00012489257383176445,,,,,,,,,,,,,,,
sft_text_combined_qwen3_8b_it_0307_190324,4120,0.4270979111594879,1.7536,6.3488,,2.574585199356079,0.00012457373182927456,,,,,,,,,,,,,,,
sft_text_combined_qwen3_8b_it_0307_190324,4130,0.42813455657492355,1.8391,6.816,,2.866055965423584,0.0001242546237318406,,,,,,,,,,,,,,,
sft_text_combined_qwen3_8b_it_0307_190324,4140,0.4291712019903592,1.8752,6.7287,,2.093402624130249,0.00012393525299490233,,,,,,,,,,,,,,,
sft_text_combined_qwen3_8b_it_0307_190324,4150,0.4302078474057949,1.7394,6.363,,3.0252809524536133,0.0001236156230767435,,,,,,,,,,,,,,,
sft_text_combined_qwen3_8b_it_0307_190324,4160,0.4312444928212305,1.8134,6.8598,,2.283069372177124,0.00012329573743845448,,,,,,,,,,,,,,,
sft_text_combined_qwen3_8b_it_0307_190324,4170,0.43228113823666614,1.8736,6.5881,,2.183164596557617,0.00012297559954389464,,,,,,,,,,,,,,,
sft_text_combined_qwen3_8b_it_0307_190324,4180,0.4333177836521018,1.733,6.6294,,2.794495105743408,0.0001226552128596548,,,,,,,,,,,,,,,
sft_text_combined_qwen3_8b_it_0307_190324,4190,0.43435442906753746,1.8465,6.8237,,2.117421865463257,0.00012233458085502,,,,,,,,,,,,,,,
sft_text_combined_qwen3_8b_it_0307_190324,4200,0.4353910744829731,1.7817,6.429,,2.2280166149139404,0.00012201370700193144,,,,,,,,,,,,,,,
sft_text_combined_qwen3_8b_it_0307_190324,4210,0.43642771989840873,1.8,6.7152,,2.995574474334717,0.00012169259477494937,,,,,,,,,,,,,,,
sft_text_combined_qwen3_8b_it_0307_190324,4220,0.4374643653138444,1.7717,6.4947,,1.9374903440475464,0.00012137124765121517,,,,,,,,,,,,,,,
sft_text_combined_qwen3_8b_it_0307_190324,4230,0.43850101072928005,1.743,6.1912,,2.8549747467041016,0.00012104966911041378,,,,,,,,,,,,,,,
sft_text_combined_qwen3_8b_it_0307_190324,4240,0.4395376561447157,1.8555,7.0267,,2.3968029022216797,0.00012072786263473603,,,,,,,,,,,,,,,
sft_text_combined_qwen3_8b_it_0307_190324,4250,0.44057430156015137,1.8685,6.5365,,2.08573579788208,0.00012040583170884101,,,,,,,,,,,,,,,
sft_text_combined_qwen3_8b_it_0307_190324,4250,0.44057430156015137,1.4817,,1.3297548294067383,,,,,,,,,,,,,,,,,
sft_text_combined_qwen3_8b_it_0307_190324,4260,0.441610946975587,1.6579,6.4619,,3.063375473022461,0.00012008357981981808,,,,,,,,,,,,,,,
sft_text_combined_qwen3_8b_it_0307_190324,4270,0.44264759239102264,1.9153,6.8222,,2.566784143447876,0.00011976111045714944,,,,,,,,,,,,,,,
sft_text_combined_qwen3_8b_it_0307_190324,4280,0.4436842378064583,1.6399,6.4714,,2.591932535171509,0.00011943842711267212,,,,,,,,,,,,,,,
sft_text_combined_qwen3_8b_it_0307_190324,4290,0.44472088322189396,1.7911,6.5519,,3.2933669090270996,0.00011911553328054024,,,,,,,,,,,,,,,
sft_text_combined_qwen3_8b_it_0307_190324,4300,0.4457575286373296,1.8386,6.4806,,2.059419631958008,0.00011879243245718719,,,,,,,,,,,,,,,
sft_text_combined_qwen3_8b_it_0307_190324,4310,0.4467941740527652,1.6769,6.4142,,2.5853848457336426,0.00011846912814128775,,,,,,,,,,,,,,,
sft_text_combined_qwen3_8b_it_0307_190324,4320,0.4478308194682009,1.8372,6.8174,,2.471992015838623,0.00011814562383372014,,,,,,,,,,,,,,,
sft_text_combined_qwen3_8b_it_0307_190324,4330,0.44886746488363655,1.756,6.5067,,1.8625925779342651,0.00011782192303752828,,,,,,,,,,,,,,,
sft_text_combined_qwen3_8b_it_0307_190324,4340,0.4499041102990722,1.7834,6.4522,,2.7062785625457764,0.00011749802925788372,,,,,,,,,,,,,,,
sft_text_combined_qwen3_8b_it_0307_190324,4350,0.45094075571450787,1.7623,6.7235,,2.4487881660461426,0.00011717394600204765,,,,,,,,,,,,,,,
sft_text_combined_qwen3_8b_it_0307_190324,4360,0.4519774011299435,1.7461,6.3934,,1.6250874996185303,0.00011684967677933307,,,,,,,,,,,,,,,
sft_text_combined_qwen3_8b_it_0307_190324,4370,0.45301404654537913,1.7269,6.5857,,3.170773506164551,0.00011652522510106667,,,,,,,,,,,,,,,
sft_text_combined_qwen3_8b_it_0307_190324,4380,0.4540506919608148,1.8458,6.6601,,2.6090095043182373,0.00011620059448055088,,,,,,,,,,,,,,,
sft_text_combined_qwen3_8b_it_0307_190324,4390,0.45508733737625046,1.7368,6.3688,,2.3627843856811523,0.00011587578843302576,,,,,,,,,,,,,,,
sft_text_combined_qwen3_8b_it_0307_190324,4400,0.4561239827916861,1.8187,6.7238,,2.8947548866271973,0.00011555081047563092,,,,,,,,,,,,,,,
sft_text_combined_qwen3_8b_it_0307_190324,4410,0.4571606282071218,1.8018,6.3923,,1.958914875984192,0.00011522566412736764,,,,,,,,,,,,,,,
sft_text_combined_qwen3_8b_it_0307_190324,4420,0.4581972736225574,1.8138,6.5347,,2.9397807121276855,0.00011490035290906047,,,,,,,,,,,,,,,
sft_text_combined_qwen3_8b_it_0307_190324,4430,0.45923391903799304,1.7648,6.6655,,2.421419143676758,0.00011457488034331927,,,,,,,,,,,,,,,
sft_text_combined_qwen3_8b_it_0307_190324,4440,0.46027056445342873,1.7611,6.211,,2.198591470718384,0.0001142492499545011,,,,,,,,,,,,,,,
sft_text_combined_qwen3_8b_it_0307_190324,4450,0.46130720986886437,1.7991,6.7922,,2.579850435256958,0.00011392346526867192,,,,,,,,,,,,,,,
sft_text_combined_qwen3_8b_it_0307_190324,4460,0.4623438552843,1.7761,6.5603,,1.8423957824707031,0.00011359752981356848,,,,,,,,,,,,,,,
sft_text_combined_qwen3_8b_it_0307_190324,4470,0.46338050069973563,1.7089,6.3277,,3.3025729656219482,0.00011327144711856025,,,,,,,,,,,,,,,
sft_text_combined_qwen3_8b_it_0307_190324,4480,0.4644171461151713,1.8724,6.619,,2.3600475788116455,0.00011294522071461097,,,,,,,,,,,,,,,
sft_text_combined_qwen3_8b_it_0307_190324,4490,0.46545379153060695,1.7308,6.3005,,2.1703662872314453,0.00011261885413424047,,,,,,,,,,,,,,,
sft_text_combined_qwen3_8b_it_0307_190324,4500,0.4664904369460426,1.7819,6.5793,,2.835197687149048,0.0001122923509114866,,,,,,,,,,,,,,,
sft_text_combined_qwen3_8b_it_0307_190324,4500,0.4664904369460426,1.638,,1.323288917541504,,,,,,,,,,,,,,,,,
sft_text_combined_qwen3_8b_it_0307_190324,4510,0.4675270823614783,1.7688,6.5155,,2.5751001834869385,0.0001119657145818668,,,,,,,,,,,,,,,
sft_text_combined_qwen3_8b_it_0307_190324,4520,0.4685637277769139,1.6205,6.1058,,3.181260347366333,0.00011163894868233971,,,,,,,,,,,,,,,
sft_text_combined_qwen3_8b_it_0307_190324,4530,0.46960037319234954,1.8917,6.7787,,2.790550708770752,0.00011131205675126725,,,,,,,,,,,,,,,
sft_text_combined_qwen3_8b_it_0307_190324,4540,0.47063701860778523,1.796,6.4148,,2.299739360809326,0.0001109850423283759,,,,,,,,,,,,,,,
sft_text_combined_qwen3_8b_it_0307_190324,4550,0.47167366402322086,1.7501,6.3169,,3.1015334129333496,0.00011065790895471848,,,,,,,,,,,,,,,
sft_text_combined_qwen3_8b_it_0307_190324,4560,0.4727103094386565,1.7867,6.6875,,2.652284622192383,0.00011033066017263606,,,,,,,,,,,,,,,
sft_text_combined_qwen3_8b_it_0307_190324,4570,0.4737469548540922,1.7358,6.2202,,1.7102785110473633,0.00011000329952571929,,,,,,,,,,,,,,,
sft_text_combined_qwen3_8b_it_0307_190324,4580,0.4747836002695278,1.7269,6.4296,,2.516563892364502,0.00010967583055877002,,,,,,,,,,,,,,,
sft_text_combined_qwen3_8b_it_0307_190324,4590,0.47582024568496345,1.8463,6.6542,,2.1575005054473877,0.0001093482568177633,,,,,,,,,,,,,,,
sft_text_combined_qwen3_8b_it_0307_190324,4600,0.4768568911003991,1.7609,6.2518,,3.013256072998047,0.0001090205818498085,,,,,,,,,,,,,,,
sft_text_combined_qwen3_8b_it_0307_190324,4610,0.47789353651583477,1.8655,6.8504,,2.4991495609283447,0.00010869280920311122,,,,,,,,,,,,,,,
sft_text_combined_qwen3_8b_it_0307_190324,4620,0.4789301819312704,1.6588,6.1884,,1.7765238285064697,0.00010836494242693476,,,,,,,,,,,,,,,
sft_text_combined_qwen3_8b_it_0307_190324,4630,0.47996682734670604,1.6798,6.4318,,2.897698163986206,0.00010803698507156161,,,,,,,,,,,,,,,
sft_text_combined_qwen3_8b_it_0307_190324,4640,0.4810034727621417,1.8381,6.6616,,2.475443124771118,0.00010770894068825522,,,,,,,,,,,,,,,
sft_text_combined_qwen3_8b_it_0307_190324,4650,0.48204011817757736,1.7108,6.2395,,2.2744863033294678,0.00010738081282922135,,,,,,,,,,,,,,,
sft_text_combined_qwen3_8b_it_0307_190324,4660,0.483076763593013,1.7538,6.7198,,2.8310656547546387,0.00010705260504756964,,,,,,,,,,,,,,,
sft_text_combined_qwen3_8b_it_0307_190324,4670,0.4841134090084487,1.736,6.4023,,2.2975680828094482,0.00010672432089727523,,,,,,,,,,,,,,,
sft_text_combined_qwen3_8b_it_0307_190324,4680,0.4851500544238843,1.6724,6.1876,,3.4291622638702393,0.00010639596393314019,,,,,,,,,,,,,,,
sft_text_combined_qwen3_8b_it_0307_190324,4690,0.48618669983931995,1.8402,6.6497,,2.5242135524749756,0.00010606753771075502,,,,,,,,,,,,,,,
sft_text_combined_qwen3_8b_it_0307_190324,4700,0.48722334525475564,1.6902,6.3155,,1.6272549629211426,0.00010573904578646019,,,,,,,,,,,,,,,
sft_text_combined_qwen3_8b_it_0307_190324,4710,0.48825999067019127,1.8433,6.5139,,3.210975408554077,0.00010541049171730771,,,,,,,,,,,,,,,
sft_text_combined_qwen3_8b_it_0307_190324,4720,0.4892966360856269,1.7403,6.4675,,2.8307301998138428,0.00010508187906102233,,,,,,,,,,,,,,,
sft_text_combined_qwen3_8b_it_0307_190324,4730,0.49033328150106253,1.7481,6.1261,,2.4480793476104736,0.00010475321137596341,,,,,,,,,,,,,,,
sft_text_combined_qwen3_8b_it_0307_190324,4740,0.4913699269164982,1.7108,6.6795,,2.5910074710845947,0.00010442449222108604,,,,,,,,,,,,,,,
sft_text_combined_qwen3_8b_it_0307_190324,4750,0.49240657233193386,1.7168,6.2216,,2.102475166320801,0.00010409572515590269,,,,,,,,,,,,,,,
sft_text_combined_qwen3_8b_it_0307_190324,4750,0.49240657233193386,1.5076,,1.3137859106063843,,,,,,,,,,,,,,,,,
sft_text_combined_qwen3_8b_it_0307_190324,4760,0.4934432177473695,1.7546,6.412,,2.8544952869415283,0.00010376691374044471,,,,,,,,,,,,,,,
sft_text_combined_qwen3_8b_it_0307_190324,4770,0.4944798631628052,1.7602,6.4254,,2.2408015727996826,0.00010343806153522353,,,,,,,,,,,,,,,
sft_text_combined_qwen3_8b_it_0307_190324,4780,0.4955165085782408,1.7858,6.2365,,2.1602439880371094,0.00010310917210119242,,,,,,,,,,,,,,,
sft_text_combined_qwen3_8b_it_0307_190324,4790,0.49655315399367644,1.7442,6.5325,,2.7005927562713623,0.00010278024899970771,,,,,,,,,,,,,,,
sft_text_combined_qwen3_8b_it_0307_190324,4800,0.49758979940911213,1.7472,6.394,,1.995917558670044,0.00010245129579249025,,,,,,,,,,,,,,,
sft_text_combined_qwen3_8b_it_0307_190324,4810,0.49862644482454777,1.6239,6.0849,,2.737177610397339,0.00010212231604158698,,,,,,,,,,,,,,,
sft_text_combined_qwen3_8b_it_0307_190324,4820,0.4996630902399834,1.6972,6.682,,2.516803741455078,0.00010179331330933226,,,,,,,,,,,,,,,
sft_text_combined_qwen3_8b_it_0307_190324,4830,0.500699735655419,1.7248,6.3759,,2.0408828258514404,0.0001014642911583092,,,,,,,,,,,,,,,
sft_text_combined_qwen3_8b_it_0307_190324,4840,0.5017363810708547,1.6909,6.3412,,3.1585965156555176,0.00010113525315131127,,,,,,,,,,,,,,,
sft_text_combined_qwen3_8b_it_0307_190324,4850,0.5027730264862904,1.8805,6.5893,,2.379037618637085,0.00010080620285130369,,,,,,,,,,,,,,,
sft_text_combined_qwen3_8b_it_0307_190324,4860,0.503809671901726,1.8641,6.4085,,1.6496787071228027,0.00010047714382138462,,,,,,,,,,,,,,,
sft_text_combined_qwen3_8b_it_0307_190324,4870,0.5048463173171617,1.7457,6.5017,,2.6207258701324463,0.00010014807962474693,,,,,,,,,,,,,,,
sft_text_combined_qwen3_8b_it_0307_190324,4880,0.5058829627325974,1.7323,6.446,,1.986722707748413,9.981901382463931e-05,,,,,,,,,,,,,,,
sft_text_combined_qwen3_8b_it_0307_190324,4890,0.5069196081480329,1.7347,6.0687,,2.4512786865234375,9.94899499843279e-05,,,,,,,,,,,,,,,
sft_text_combined_qwen3_8b_it_0307_190324,4900,0.5079562535634686,1.8697,6.7401,,2.5894994735717773,9.916089166705758e-05,,,,,,,,,,,,,,,
sft_text_combined_qwen3_8b_it_0307_190324,4910,0.5089928989789043,1.7381,6.3711,,2.1972601413726807,9.88318424360134e-05,,,,,,,,,,,,,,,
sft_text_combined_qwen3_8b_it_0307_190324,4920,0.5100295443943399,1.6756,6.1937,,3.0541603565216064,9.85028058542821e-05,,,,,,,,,,,,,,,
sft_text_combined_qwen3_8b_it_0307_190324,4930,0.5110661898097756,1.7901,6.5322,,2.513986825942993,9.817378548481332e-05,,,,,,,,,,,,,,,
sft_text_combined_qwen3_8b_it_0307_190324,4940,0.5121028352252112,1.772,6.4063,,3.4007487297058105,9.784478489038128e-05,,,,,,,,,,,,,,,
sft_text_combined_qwen3_8b_it_0307_190324,4950,0.5131394806406469,1.7449,6.3872,,3.1527957916259766,9.751580763354602e-05,,,,,,,,,,,,,,,
sft_text_combined_qwen3_8b_it_0307_190324,4960,0.5141761260560825,1.8574,6.4383,,2.2556803226470947,9.718685727661481e-05,,,,,,,,,,,,,,,
sft_text_combined_qwen3_8b_it_0307_190324,4970,0.5152127714715181,1.6212,6.1836,,2.1634061336517334,9.68579373816037e-05,,,,,,,,,,,,,,,
sft_text_combined_qwen3_8b_it_0307_190324,4980,0.5162494168869538,1.8036,6.5898,,2.6089303493499756,9.652905151019891e-05,,,,,,,,,,,,,,,
sft_text_combined_qwen3_8b_it_0307_190324,4990,0.5172860623023895,1.7809,6.4011,,2.860945463180542,9.620020322371815e-05,,,,,,,,,,,,,,,
sft_text_combined_qwen3_8b_it_0307_190324,5000,0.5183227077178251,1.6951,6.2011,,3.1316590309143066,9.58713960830722e-05,,,,,,,,,,,,,,,
sft_text_combined_qwen3_8b_it_0307_190324,5000,0.5183227077178251,1.4719,,1.2876949310302734,,,,,,,,,,,,,,,,,
sft_text_combined_qwen3_8b_it_0307_190324,5010,0.5193593531332608,1.7225,6.5581,,3.1087870597839355,9.554263364872635e-05,,,,,,,,,,,,,,,
sft_text_combined_qwen3_8b_it_0307_190324,5020,0.5203959985486964,1.7747,6.3479,,1.678442358970642,9.521391948066164e-05,,,,,,,,,,,,,,,
sft_text_combined_qwen3_8b_it_0307_190324,5030,0.521432643964132,1.7269,6.4245,,2.8985037803649902,9.488525713833661e-05,,,,,,,,,,,,,,,
sft_text_combined_qwen3_8b_it_0307_190324,5040,0.5224692893795677,1.76,6.4374,,2.4998912811279297,9.455665018064854e-05,,,,,,,,,,,,,,,
sft_text_combined_qwen3_8b_it_0307_190324,5050,0.5235059347950034,1.7038,6.0951,,3.4398040771484375,9.422810216589497e-05,,,,,,,,,,,,,,,
sft_text_combined_qwen3_8b_it_0307_190324,5060,0.524542580210439,1.7686,6.6074,,2.899028778076172,9.389961665173523e-05,,,,,,,,,,,,,,,
sft_text_combined_qwen3_8b_it_0307_190324,5070,0.5255792256258747,1.7979,6.3808,,2.1713292598724365,9.357119719515183e-05,,,,,,,,,,,,,,,
sft_text_combined_qwen3_8b_it_0307_190324,5080,0.5266158710413104,1.7034,6.1092,,3.0942776203155518,9.324284735241196e-05,,,,,,,,,,,,,,,
sft_text_combined_qwen3_8b_it_0307_190324,5090,0.5276525164567459,1.8226,6.5961,,2.749849319458008,9.291457067902907e-05,,,,,,,,,,,,,,,
sft_text_combined_qwen3_8b_it_0307_190324,5100,0.5286891618721816,1.7012,6.1245,,2.410444498062134,9.258637072972427e-05,,,,,,,,,,,,,,,
sft_text_combined_qwen3_8b_it_0307_190324,5110,0.5297258072876173,1.6765,6.3132,,3.5078158378601074,9.225825105838781e-05,,,,,,,,,,,,,,,
sft_text_combined_qwen3_8b_it_0307_190324,5120,0.5307624527030529,1.7534,6.5006,,3.059281587600708,9.193021521804073e-05,,,,,,,,,,,,,,,
sft_text_combined_qwen3_8b_it_0307_190324,5130,0.5317990981184886,1.6607,6.0676,,2.57657527923584,9.160226676079631e-05,,,,,,,,,,,,,,,
sft_text_combined_qwen3_8b_it_0307_190324,5140,0.5328357435339243,1.8143,6.6903,,3.0924577713012695,9.127440923782153e-05,,,,,,,,,,,,,,,
sft_text_combined_qwen3_8b_it_0307_190324,5150,0.5338723889493598,1.7971,6.3449,,2.2513232231140137,9.094664619929879e-05,,,,,,,,,,,,,,,
sft_text_combined_qwen3_8b_it_0307_190324,5160,0.5349090343647955,1.7127,6.1767,,4.217235565185547,9.061898119438736e-05,,,,,,,,,,,,,,,
sft_text_combined_qwen3_8b_it_0307_190324,5170,0.5359456797802312,1.7265,6.5978,,2.5706589221954346,9.029141777118485e-05,,,,,,,,,,,,,,,
sft_text_combined_qwen3_8b_it_0307_190324,5180,0.5369823251956668,1.8361,6.2609,,1.5726252794265747,8.996395947668905e-05,,,,,,,,,,,,,,,
sft_text_combined_qwen3_8b_it_0307_190324,5190,0.5380189706111025,1.6943,6.293,,2.870764970779419,8.963660985675928e-05,,,,,,,,,,,,,,,
sft_text_combined_qwen3_8b_it_0307_190324,5200,0.5390556160265382,1.7857,6.3629,,2.228945732116699,8.930937245607811e-05,,,,,,,,,,,,,,,
sft_text_combined_qwen3_8b_it_0307_190324,5210,0.5400922614419738,1.6925,6.0804,,2.397853374481201,8.898225081811294e-05,,,,,,,,,,,,,,,
sft_text_combined_qwen3_8b_it_0307_190324,5220,0.5411289068574094,1.752,6.7069,,2.645078420639038,8.865524848507766e-05,,,,,,,,,,,,,,,
sft_text_combined_qwen3_8b_it_0307_190324,5230,0.542165552272845,1.7944,6.3157,,1.9898015260696411,8.832836899789425e-05,,,,,,,,,,,,,,,
sft_text_combined_qwen3_8b_it_0307_190324,5240,0.5432021976882807,1.6458,6.2226,,2.844144582748413,8.80016158961545e-05,,,,,,,,,,,,,,,
sft_text_combined_qwen3_8b_it_0307_190324,5250,0.5442388431037164,1.8557,6.5419,,2.316028356552124,8.76749927180816e-05,,,,,,,,,,,,,,,
sft_text_combined_qwen3_8b_it_0307_190324,5250,0.5442388431037164,1.4657,,1.2680686712265015,,,,,,,,,,,,,,,,,
sft_text_combined_qwen3_8b_it_0307_190324,5260,0.545275488519152,1.7406,6.1844,,2.2166106700897217,8.734850300049189e-05,,,,,,,,,,,,,,,
sft_text_combined_qwen3_8b_it_0307_190324,5270,0.5463121339345877,1.7507,6.4168,,2.830846071243286,8.702215027875658e-05,,,,,,,,,,,,,,,
sft_text_combined_qwen3_8b_it_0307_190324,5280,0.5473487793500234,1.716,6.3313,,2.592278003692627,8.669593808676335e-05,,,,,,,,,,,,,,,
sft_text_combined_qwen3_8b_it_0307_190324,5290,0.5483854247654589,1.6886,5.9833,,3.0149574279785156,8.636986995687824e-05,,,,,,,,,,,,,,,
sft_text_combined_qwen3_8b_it_0307_190324,5300,0.5494220701808946,1.7233,6.6846,,2.7681827545166016,8.604394941990729e-05,,,,,,,,,,,,,,,
sft_text_combined_qwen3_8b_it_0307_190324,5310,0.5504587155963303,1.6877,6.1804,,1.9548227787017822,8.571818000505831e-05,,,,,,,,,,,,,,,
sft_text_combined_qwen3_8b_it_0307_190324,5320,0.5514953610117659,1.7194,6.2264,,2.9660706520080566,8.539256523990275e-05,,,,,,,,,,,,,,,
sft_text_combined_qwen3_8b_it_0307_190324,5330,0.5525320064272016,1.8224,6.566,,2.3809564113616943,8.506710865033743e-05,,,,,,,,,,,,,,,
sft_text_combined_qwen3_8b_it_0307_190324,5340,0.5535686518426373,1.7649,5.926,,2.0698113441467285,8.474181376054635e-05,,,,,,,,,,,,,,,
sft_text_combined_qwen3_8b_it_0307_190324,5350,0.5546052972580728,1.7846,6.494,,2.9799835681915283,8.441668409296259e-05,,,,,,,,,,,,,,,
sft_text_combined_qwen3_8b_it_0307_190324,5360,0.5556419426735085,1.76,6.2679,,2.192211627960205,8.409172316823012e-05,,,,,,,,,,,,,,,
sft_text_combined_qwen3_8b_it_0307_190324,5370,0.5566785880889442,1.7666,6.1855,,3.0971415042877197,8.376693450516566e-05,,,,,,,,,,,,,,,
sft_text_combined_qwen3_8b_it_0307_190324,5380,0.5577152335043798,1.7115,6.6542,,2.6174798011779785,8.344232162072066e-05,,,,,,,,,,,,,,,
sft_text_combined_qwen3_8b_it_0307_190324,5390,0.5587518789198155,1.7901,6.2749,,1.7223994731903076,8.311788802994316e-05,,,,,,,,,,,,,,,
sft_text_combined_qwen3_8b_it_0307_190324,5400,0.5597885243352512,1.69,6.2744,,3.1126914024353027,8.279363724593964e-05,,,,,,,,,,,,,,,
sft_text_combined_qwen3_8b_it_0307_190324,5410,0.5608251697506867,1.7353,6.2879,,2.318298578262329,8.24695727798372e-05,,,,,,,,,,,,,,,
sft_text_combined_qwen3_8b_it_0307_190324,5420,0.5618618151661224,1.7282,6.1776,,2.1085987091064453,8.214569814074534e-05,,,,,,,,,,,,,,,
sft_text_combined_qwen3_8b_it_0307_190324,5430,0.5628984605815581,1.7331,6.5012,,2.6522510051727295,8.182201683571799e-05,,,,,,,,,,,,,,,
sft_text_combined_qwen3_8b_it_0307_190324,5440,0.5639351059969937,1.7048,6.2858,,2.112746000289917,8.149853236971568e-05,,,,,,,,,,,,,,,
sft_text_combined_qwen3_8b_it_0307_190324,5450,0.5649717514124294,1.6841,6.1374,,2.8742120265960693,8.117524824556742e-05,,,,,,,,,,,,,,,
sft_text_combined_qwen3_8b_it_0307_190324,5460,0.5660083968278651,1.7445,6.5103,,2.2910215854644775,8.08521679639328e-05,,,,,,,,,,,,,,,
sft_text_combined_qwen3_8b_it_0307_190324,5470,0.5670450422433007,1.7021,6.0604,,1.79505455493927,8.052929502326419e-05,,,,,,,,,,,,,,,
sft_text_combined_qwen3_8b_it_0307_190324,5480,0.5680816876587363,1.64,6.3034,,3.0377025604248047,8.020663291976874e-05,,,,,,,,,,,,,,,
sft_text_combined_qwen3_8b_it_0307_190324,5490,0.569118333074172,1.7832,6.4842,,2.210697650909424,7.988418514737056e-05,,,,,,,,,,,,,,,
sft_text_combined_qwen3_8b_it_0307_190324,5500,0.5701549784896076,1.6689,5.9443,,3.2722437381744385,7.95619551976729e-05,,,,,,,,,,,,,,,
sft_text_combined_qwen3_8b_it_0307_190324,5500,0.5701549784896076,1.5275,,1.2683342695236206,,,,,,,,,,,,,,,,,
sft_text_combined_qwen3_8b_it_0307_190324,5510,0.5711916239050433,1.7169,6.5476,,2.578305244445801,7.923994655992039e-05,,,,,,,,,,,,,,,
sft_text_combined_qwen3_8b_it_0307_190324,5520,0.5722282693204789,1.8924,6.3548,,1.9055161476135254,7.891816272096106e-05,,,,,,,,,,,,,,,
sft_text_combined_qwen3_8b_it_0307_190324,5530,0.5732649147359146,1.607,6.171,,2.9477858543395996,7.859660716520885e-05,,,,,,,,,,,,,,,
sft_text_combined_qwen3_8b_it_0307_190324,5540,0.5743015601513503,1.6913,6.4743,,2.3152871131896973,7.827528337460573e-05,,,,,,,,,,,,,,,
sft_text_combined_qwen3_8b_it_0307_190324,5550,0.5753382055667858,1.7221,6.0556,,1.9130103588104248,7.795419482858392e-05,,,,,,,,,,,,,,,
sft_text_combined_qwen3_8b_it_0307_190324,5560,0.5763748509822215,1.6594,6.5202,,2.5879085063934326,7.763334500402846e-05,,,,,,,,,,,,,,,
sft_text_combined_qwen3_8b_it_0307_190324,5570,0.5774114963976572,1.7426,6.1882,,2.048701047897339,7.73127373752393e-05,,,,,,,,,,,,,,,
sft_text_combined_qwen3_8b_it_0307_190324,5580,0.5784481418130928,1.5128,5.9832,,2.9634807109832764,7.699237541389383e-05,,,,,,,,,,,,,,,
sft_text_combined_qwen3_8b_it_0307_190324,5590,0.5794847872285285,1.688,6.4776,,2.562180995941162,7.667226258900923e-05,,,,,,,,,,,,,,,
sft_text_combined_qwen3_8b_it_0307_190324,5600,0.5805214326439642,1.7915,6.0963,,1.868897557258606,7.635240236690498e-05,,,,,,,,,,,,,,,
sft_text_combined_qwen3_8b_it_0307_190324,5610,0.5815580780593997,1.7221,6.2341,,2.999650239944458,7.603279821116515e-05,,,,,,,,,,,,,,,
sft_text_combined_qwen3_8b_it_0307_190324,5620,0.5825947234748354,1.7696,6.3665,,2.2327122688293457,7.571345358260115e-05,,,,,,,,,,,,,,,
sft_text_combined_qwen3_8b_it_0307_190324,5630,0.5836313688902711,1.6315,5.8877,,2.8745925426483154,7.539437193921406e-05,,,,,,,,,,,,,,,
sft_text_combined_qwen3_8b_it_0307_190324,5640,0.5846680143057067,1.778,6.5172,,2.6181881427764893,7.507555673615718e-05,,,,,,,,,,,,,,,
sft_text_combined_qwen3_8b_it_0307_190324,5650,0.5857046597211424,1.7036,6.3058,,1.9774565696716309,7.475701142569878e-05,,,,,,,,,,,,,,,
sft_text_combined_qwen3_8b_it_0307_190324,5660,0.5867413051365781,1.7266,6.2038,,3.0992085933685303,7.443873945718459e-05,,,,,,,,,,,,,,,
sft_text_combined_qwen3_8b_it_0307_190324,5670,0.5877779505520137,1.8086,6.4514,,2.454211950302124,7.412074427700042e-05,,,,,,,,,,,,,,,
sft_text_combined_qwen3_8b_it_0307_190324,5680,0.5888145959674493,1.6213,5.8605,,2.0013411045074463,7.380302932853496e-05,,,,,,,,,,,,,,,
sft_text_combined_qwen3_8b_it_0307_190324,5690,0.589851241382885,1.7599,6.4179,,2.7432916164398193,7.348559805214241e-05,,,,,,,,,,,,,,,
sft_text_combined_qwen3_8b_it_0307_190324,5700,0.5908878867983206,1.7421,6.3505,,2.204655647277832,7.316845388510523e-05,,,,,,,,,,,,,,,
sft_text_combined_qwen3_8b_it_0307_190324,5710,0.5919245322137563,1.7638,6.0569,,2.5303328037261963,7.285160026159695e-05,,,,,,,,,,,,,,,
sft_text_combined_qwen3_8b_it_0307_190324,5720,0.592961177629192,1.7819,6.5282,,3.215315580368042,7.253504061264501e-05,,,,,,,,,,,,,,,
sft_text_combined_qwen3_8b_it_0307_190324,5730,0.5939978230446276,1.7206,6.2705,,2.1871249675750732,7.221877836609348e-05,,,,,,,,,,,,,,,
sft_text_combined_qwen3_8b_it_0307_190324,5740,0.5950344684600632,1.6835,6.0613,,2.962421178817749,7.190281694656609e-05,,,,,,,,,,,,,,,
sft_text_combined_qwen3_8b_it_0307_190324,5750,0.5960711138754989,1.7241,6.4937,,2.7107996940612793,7.15871597754291e-05,,,,,,,,,,,,,,,
sft_text_combined_qwen3_8b_it_0307_190324,5750,0.5960711138754989,1.6038,,1.259758710861206,,,,,,,,,,,,,,,,,
sft_text_combined_qwen3_8b_it_0307_190324,5760,0.5971077592909345,1.7237,5.9422,,2.5298376083374023,7.127181027075415e-05,,,,,,,,,,,,,,,
sft_text_combined_qwen3_8b_it_0307_190324,5770,0.5981444047063702,1.7896,6.4212,,3.2587926387786865,7.095677184728145e-05,,,,,,,,,,,,,,,
sft_text_combined_qwen3_8b_it_0307_190324,5780,0.5991810501218059,1.7703,6.337,,2.567342758178711,7.064204791638262e-05,,,,,,,,,,,,,,,
sft_text_combined_qwen3_8b_it_0307_190324,5790,0.6002176955372415,1.6708,5.9316,,3.0023462772369385,7.032764188602382e-05,,,,,,,,,,,,,,,
sft_text_combined_qwen3_8b_it_0307_190324,5800,0.6012543409526772,1.8207,6.5531,,2.6313254833221436,7.001355716072886e-05,,,,,,,,,,,,,,,
sft_text_combined_qwen3_8b_it_0307_190324,5810,0.6022909863681127,1.7057,6.0975,,1.9976274967193604,6.969979714154235e-05,,,,,,,,,,,,,,,
sft_text_combined_qwen3_8b_it_0307_190324,5820,0.6033276317835484,1.7375,6.2513,,3.0660717487335205,6.938636522599275e-05,,,,,,,,,,,,,,,
sft_text_combined_qwen3_8b_it_0307_190324,5830,0.6043642771989841,1.7825,6.2914,,2.4829819202423096,6.907326480805578e-05,,,,,,,,,,,,,,,
sft_text_combined_qwen3_8b_it_0307_190324,5840,0.6054009226144197,1.7215,6.1211,,2.282622814178467,6.876049927811753e-05,,,,,,,,,,,,,,,
sft_text_combined_qwen3_8b_it_0307_190324,5850,0.6064375680298554,1.7964,6.4362,,2.936049461364746,6.844807202293771e-05,,,,,,,,,,,,,,,
sft_text_combined_qwen3_8b_it_0307_190324,5860,0.6074742134452911,1.6628,6.209,,2.372633695602417,6.813598642561315e-05,,,,,,,,,,,,,,,
sft_text_combined_qwen3_8b_it_0307_190324,5870,0.6085108588607266,1.6864,6.0415,,2.9176418781280518,6.782424586554099e-05,,,,,,,,,,,,,,,
sft_text_combined_qwen3_8b_it_0307_190324,5880,0.6095475042761623,1.7453,6.5279,,2.508565902709961,6.751285371838216e-05,,,,,,,,,,,,,,,
sft_text_combined_qwen3_8b_it_0307_190324,5890,0.610584149691598,1.7888,6.059,,1.7377694845199585,6.720181335602486e-05,,,,,,,,,,,,,,,
sft_text_combined_qwen3_8b_it_0307_190324,5900,0.6116207951070336,1.6936,6.1824,,3.4484879970550537,6.689112814654805e-05,,,,,,,,,,,,,,,
sft_text_combined_qwen3_8b_it_0307_190324,5910,0.6126574405224693,1.7356,6.3537,,2.5524845123291016,6.65808014541848e-05,,,,,,,,,,,,,,,
sft_text_combined_qwen3_8b_it_0307_190324,5920,0.613694085937905,1.6677,5.9235,,2.3895747661590576,6.627083663928614e-05,,,,,,,,,,,,,,,
sft_text_combined_qwen3_8b_it_0307_190324,5930,0.6147307313533406,1.8388,6.4825,,2.6967613697052,6.596123705828448e-05,,,,,,,,,,,,,,,
sft_text_combined_qwen3_8b_it_0307_190324,5940,0.6157673767687762,1.7503,6.1045,,2.247122287750244,6.565200606365731e-05,,,,,,,,,,,,,,,
sft_text_combined_qwen3_8b_it_0307_190324,5950,0.6168040221842119,1.6311,6.1779,,3.0025484561920166,6.534314700389095e-05,,,,,,,,,,,,,,,
sft_text_combined_qwen3_8b_it_0307_190324,5960,0.6178406675996475,1.6682,6.2314,,2.612631320953369,6.503466322344421e-05,,,,,,,,,,,,,,,
sft_text_combined_qwen3_8b_it_0307_190324,5970,0.6188773130150832,1.6704,5.9283,,2.418213129043579,6.472655806271222e-05,,,,,,,,,,,,,,,
sft_text_combined_qwen3_8b_it_0307_190324,5980,0.6199139584305189,1.6035,6.3822,,2.84193754196167,6.44188348579903e-05,,,,,,,,,,,,,,,
sft_text_combined_qwen3_8b_it_0307_190324,5990,0.6209506038459545,1.7269,6.17,,2.137430191040039,6.411149694143769e-05,,,,,,,,,,,,,,,
sft_text_combined_qwen3_8b_it_0307_190324,6000,0.6219872492613902,1.5925,5.9559,,3.0864408016204834,6.380454764104165e-05,,,,,,,,,,,,,,,
sft_text_combined_qwen3_8b_it_0307_190324,6000,0.6219872492613902,1.4874,,1.2589473724365234,,,,,,,,,,,,,,,,,
sft_text_combined_qwen3_8b_it_0307_190324,6010,0.6230238946768258,1.7562,6.4275,,2.427285671234131,6.349799028058132e-05,,,,,,,,,,,,,,,
sft_text_combined_qwen3_8b_it_0307_190324,6020,0.6240605400922614,1.7806,6.1592,,1.9355634450912476,6.31918281795917e-05,,,,,,,,,,,,,,,
sft_text_combined_qwen3_8b_it_0307_190324,6030,0.6250971855076971,1.7584,6.2509,,2.868302822113037,6.28860646533278e-05,,,,,,,,,,,,,,,
sft_text_combined_qwen3_8b_it_0307_190324,6040,0.6261338309231328,1.6887,6.4125,,2.47717022895813,6.258070301272869e-05,,,,,,,,,,,,,,,
sft_text_combined_qwen3_8b_it_0307_190324,6050,0.6271704763385684,1.6522,5.7933,,2.604677200317383,6.227574656438163e-05,,,,,,,,,,,,,,,
sft_text_combined_qwen3_8b_it_0307_190324,6060,0.6282071217540041,1.8512,6.4565,,2.9463493824005127,6.197119861048623e-05,,,,,,,,,,,,,,,
sft_text_combined_qwen3_8b_it_0307_190324,6070,0.6292437671694396,1.7381,6.2585,,2.133561372756958,6.166706244881891e-05,,,,,,,,,,,,,,,
sft_text_combined_qwen3_8b_it_0307_190324,6080,0.6302804125848753,1.6409,5.9323,,3.0815489292144775,6.136334137269684e-05,,,,,,,,,,,,,,,
sft_text_combined_qwen3_8b_it_0307_190324,6090,0.631317058000311,1.7005,6.4282,,2.3719818592071533,6.106003867094255e-05,,,,,,,,,,,,,,,
sft_text_combined_qwen3_8b_it_0307_190324,6100,0.6323537034157466,1.6474,6.0451,,1.536802887916565,6.075715762784827e-05,,,,,,,,,,,,,,,
sft_text_combined_qwen3_8b_it_0307_190324,6110,0.6333903488311823,1.7185,6.3793,,3.025970697402954,6.045470152314026e-05,,,,,,,,,,,,,,,
sft_text_combined_qwen3_8b_it_0307_190324,6120,0.634426994246618,1.7042,6.27,,2.7845988273620605,6.015267363194337e-05,,,,,,,,,,,,,,,
sft_text_combined_qwen3_8b_it_0307_190324,6130,0.6354636396620535,1.5928,6.0991,,2.4715709686279297,5.9851077224745655e-05,,,,,,,,,,,,,,,
sft_text_combined_qwen3_8b_it_0307_190324,6140,0.6365002850774892,1.7343,6.3748,,2.9704837799072266,5.954991556736274e-05,,,,,,,,,,,,,,,
sft_text_combined_qwen3_8b_it_0307_190324,6150,0.6375369304929249,1.7595,6.1768,,2.670646905899048,5.924919192090268e-05,,,,,,,,,,,,,,,
sft_text_combined_qwen3_8b_it_0307_190324,6160,0.6385735759083605,1.6777,6.1066,,3.2235019207000732,5.89489095417306e-05,,,,,,,,,,,,,,,
sft_text_combined_qwen3_8b_it_0307_190324,6170,0.6396102213237962,1.8838,6.3349,,2.642080068588257,5.864907168143326e-05,,,,,,,,,,,,,,,
sft_text_combined_qwen3_8b_it_0307_190324,6180,0.6406468667392319,1.6873,6.0101,,1.4507560729980469,5.8349681586784056e-05,,,,,,,,,,,,,,,
sft_text_combined_qwen3_8b_it_0307_190324,6190,0.6416835121546675,1.6662,6.228,,3.044451951980591,5.805074249970786e-05,,,,,,,,,,,,,,,
sft_text_combined_qwen3_8b_it_0307_190324,6200,0.6427201575701031,1.7186,6.2167,,2.28802227973938,5.775225765724571e-05,,,,,,,,,,,,,,,
sft_text_combined_qwen3_8b_it_0307_190324,6210,0.6437568029855388,1.5965,5.8786,,3.064002275466919,5.7454230291519906e-05,,,,,,,,,,,,,,,
sft_text_combined_qwen3_8b_it_0307_190324,6220,0.6447934484009744,1.7885,6.4301,,2.556149959564209,5.715666362969909e-05,,,,,,,,,,,,,,,
sft_text_combined_qwen3_8b_it_0307_190324,6230,0.6458300938164101,1.7766,6.1241,,1.9559524059295654,5.685956089396314e-05,,,,,,,,,,,,,,,
sft_text_combined_qwen3_8b_it_0307_190324,6240,0.6468667392318458,1.6496,6.0321,,2.870488405227661,5.6562925301468264e-05,,,,,,,,,,,,,,,
sft_text_combined_qwen3_8b_it_0307_190324,6250,0.6479033846472814,1.7137,6.3313,,2.3270866870880127,5.626676006431242e-05,,,,,,,,,,,,,,,
sft_text_combined_qwen3_8b_it_0307_190324,6250,0.6479033846472814,1.5197,,1.2437398433685303,,,,,,,,,,,,,,,,,
sft_text_combined_qwen3_8b_it_0307_190324,6260,0.648940030062717,1.5992,5.9655,,1.4952396154403687,5.597106838950019e-05,,,,,,,,,,,,,,,
sft_text_combined_qwen3_8b_it_0307_190324,6270,0.6499766754781527,1.6491,6.3159,,2.944537878036499,5.56758534789083e-05,,,,,,,,,,,,,,,
sft_text_combined_qwen3_8b_it_0307_190324,6280,0.6510133208935883,1.7507,6.1349,,2.6080267429351807,5.53811185292509e-05,,,,,,,,,,,,,,,
sft_text_combined_qwen3_8b_it_0307_190324,6290,0.652049966309024,1.6616,5.7958,,3.4399468898773193,5.508686673204482e-05,,,,,,,,,,,,,,,
sft_text_combined_qwen3_8b_it_0307_190324,6300,0.6530866117244597,1.8038,6.5992,,2.7680013179779053,5.479310127357514e-05,,,,,,,,,,,,,,,
sft_text_combined_qwen3_8b_it_0307_190324,6310,0.6541232571398953,1.6555,6.0537,,1.9507430791854858,5.449982533486075e-05,,,,,,,,,,,,,,,
sft_text_combined_qwen3_8b_it_0307_190324,6320,0.655159902555331,1.6995,6.1479,,3.098466157913208,5.4207042091619684e-05,,,,,,,,,,,,,,,
sft_text_combined_qwen3_8b_it_0307_190324,6330,0.6561965479707667,1.6922,6.3405,,2.7380454540252686,5.3914754714234886e-05,,,,,,,,,,,,,,,
sft_text_combined_qwen3_8b_it_0307_190324,6340,0.6572331933862022,1.5764,6.0271,,1.9193835258483887,5.362296636771993e-05,,,,,,,,,,,,,,,
sft_text_combined_qwen3_8b_it_0307_190324,6350,0.6582698388016379,1.6355,6.3179,,2.921189785003662,5.333168021168457e-05,,,,,,,,,,,,,,,
sft_text_combined_qwen3_8b_it_0307_190324,6360,0.6593064842170735,1.7981,6.2608,,2.187027931213379,5.304089940030063e-05,,,,,,,,,,,,,,,
sft_text_combined_qwen3_8b_it_0307_190324,6370,0.6603431296325092,1.57,5.7872,,3.2894439697265625,5.275062708226797e-05,,,,,,,,,,,,,,,
sft_text_combined_qwen3_8b_it_0307_190324,6380,0.6613797750479449,1.7218,6.4514,,2.8126959800720215,5.2460866400780115e-05,,,,,,,,,,,,,,,
sft_text_combined_qwen3_8b_it_0307_190324,6390,0.6624164204633805,1.7189,6.1364,,1.9601531028747559,5.21716204934904e-05,,,,,,,,,,,,,,,
sft_text_combined_qwen3_8b_it_0307_190324,6400,0.6634530658788161,1.6215,6.1054,,3.1426992416381836,5.1882892492478084e-05,,,,,,,,,,,,,,,
sft_text_combined_qwen3_8b_it_0307_190324,6410,0.6644897112942518,1.7089,6.3035,,2.4001896381378174,5.159468552421416e-05,,,,,,,,,,,,,,,
sft_text_combined_qwen3_8b_it_0307_190324,6420,0.6655263567096874,1.5828,5.9186,,2.064872980117798,5.1307002709527706e-05,,,,,,,,,,,,,,,
sft_text_combined_qwen3_8b_it_0307_190324,6430,0.6665630021251231,1.7485,6.379,,3.4222359657287598,5.10198471635721e-05,,,,,,,,,,,,,,,
sft_text_combined_qwen3_8b_it_0307_190324,6440,0.6675996475405588,1.6328,6.2587,,2.2379868030548096,5.073322199579116e-05,,,,,,,,,,,,,,,
sft_text_combined_qwen3_8b_it_0307_190324,6450,0.6686362929559944,1.6288,5.7988,,3.503941059112549,5.04471303098855e-05,,,,,,,,,,,,,,,
sft_text_combined_qwen3_8b_it_0307_190324,6460,0.66967293837143,1.8045,6.4093,,3.535891532897949,5.016157520377911e-05,,,,,,,,,,,,,,,
sft_text_combined_qwen3_8b_it_0307_190324,6470,0.6707095837868657,1.6792,6.0979,,1.9345861673355103,4.987655976958554e-05,,,,,,,,,,,,,,,
sft_text_combined_qwen3_8b_it_0307_190324,6480,0.6717462292023013,1.6056,6.1284,,3.1088967323303223,4.9592087093574535e-05,,,,,,,,,,,,,,,
sft_text_combined_qwen3_8b_it_0307_190324,6490,0.672782874617737,1.7771,6.2539,,2.5855185985565186,4.9308160256138725e-05,,,,,,,,,,,,,,,
sft_text_combined_qwen3_8b_it_0307_190324,6500,0.6738195200331727,1.5526,5.778,,2.265261650085449,4.902478233176008e-05,,,,,,,,,,,,,,,
sft_text_combined_qwen3_8b_it_0307_190324,6500,0.6738195200331727,1.3771,,1.2379919290542603,,,,,,,,,,,,,,,,,
sft_text_combined_qwen3_8b_it_0307_190324,6510,0.6748561654486083,1.7467,6.3664,,2.8357460498809814,4.874195638897666e-05,,,,,,,,,,,,,,,
sft_text_combined_qwen3_8b_it_0307_190324,6520,0.675892810864044,1.7093,6.1731,,2.201089382171631,4.8459685490349594e-05,,,,,,,,,,,,,,,
sft_text_combined_qwen3_8b_it_0307_190324,6530,0.6769294562794796,1.5143,5.7863,,3.036330461502075,4.8177972692429616e-05,,,,,,,,,,,,,,,
sft_text_combined_qwen3_8b_it_0307_190324,6540,0.6779661016949152,1.7978,6.3938,,2.6165735721588135,4.789682104572408e-05,,,,,,,,,,,,,,,
sft_text_combined_qwen3_8b_it_0307_190324,6550,0.6790027471103509,1.7202,6.0778,,1.8344531059265137,4.7616233594664126e-05,,,,,,,,,,,,,,,
sft_text_combined_qwen3_8b_it_0307_190324,6560,0.6800393925257866,1.6396,6.1689,,3.148681879043579,4.733621337757137e-05,,,,,,,,,,,,,,,
sft_text_combined_qwen3_8b_it_0307_190324,6570,0.6810760379412222,1.7513,6.3174,,2.298649549484253,4.7056763426625205e-05,,,,,,,,,,,,,,,
sft_text_combined_qwen3_8b_it_0307_190324,6580,0.6821126833566579,1.6522,5.8787,,2.3321523666381836,4.677788676783005e-05,,,,,,,,,,,,,,,
sft_text_combined_qwen3_8b_it_0307_190324,6590,0.6831493287720936,1.6709,6.3947,,2.740535020828247,4.6499586420982333e-05,,,,,,,,,,,,,,,
sft_text_combined_qwen3_8b_it_0307_190324,6600,0.6841859741875291,1.6606,6.1303,,2.019829034805298,4.6221865399638e-05,,,,,,,,,,,,,,,
sft_text_combined_qwen3_8b_it_0307_190324,6610,0.6852226196029648,1.5906,5.9537,,2.9754185676574707,4.5944726711079746e-05,,,,,,,,,,,,,,,
sft_text_combined_qwen3_8b_it_0307_190324,6620,0.6862592650184005,1.7677,6.5154,,2.7070090770721436,4.566817335628465e-05,,,,,,,,,,,,,,,
sft_text_combined_qwen3_8b_it_0307_190324,6630,0.6872959104338361,1.5809,6.0487,,1.5995900630950928,4.5392208329891405e-05,,,,,,,,,,,,,,,
sft_text_combined_qwen3_8b_it_0307_190324,6640,0.6883325558492718,1.6263,6.1801,,3.0393295288085938,4.5116834620168055e-05,,,,,,,,,,,,,,,
sft_text_combined_qwen3_8b_it_0307_190324,6650,0.6893692012647074,1.8039,6.225,,2.302844762802124,4.484205520897972e-05,,,,,,,,,,,,,,,
sft_text_combined_qwen3_8b_it_0307_190324,6660,0.690405846680143,1.7308,5.9341,,2.8850836753845215,4.456787307175608e-05,,,,,,,,,,,,,,,
sft_text_combined_qwen3_8b_it_0307_190324,6670,0.6914424920955787,1.7168,6.4956,,2.5655109882354736,4.4294291177459294e-05,,,,,,,,,,,,,,,
sft_text_combined_qwen3_8b_it_0307_190324,6680,0.6924791375110143,1.7025,6.1061,,2.300219774246216,4.4021312488551905e-05,,,,,,,,,,,,,,,
sft_text_combined_qwen3_8b_it_0307_190324,6690,0.69351578292645,1.5961,6.1223,,3.178711175918579,4.374893996096462e-05,,,,,,,,,,,,,,,
sft_text_combined_qwen3_8b_it_0307_190324,6700,0.6945524283418857,1.7027,6.2768,,2.539095401763916,4.3477176544064345e-05,,,,,,,,,,,,,,,
sft_text_combined_qwen3_8b_it_0307_190324,6710,0.6955890737573213,1.6487,5.9603,,1.995151162147522,4.32060251806224e-05,,,,,,,,,,,,,,,
sft_text_combined_qwen3_8b_it_0307_190324,6720,0.696625719172757,1.6906,6.1597,,2.788968801498413,4.29354888067824e-05,,,,,,,,,,,,,,,
sft_text_combined_qwen3_8b_it_0307_190324,6730,0.6976623645881926,1.8562,6.2688,,2.2644760608673096,4.2665570352028605e-05,,,,,,,,,,,,,,,
sft_text_combined_qwen3_8b_it_0307_190324,6740,0.6986990100036282,1.5956,5.7514,,3.079918146133423,4.239627273915427e-05,,,,,,,,,,,,,,,
sft_text_combined_qwen3_8b_it_0307_190324,6750,0.6997356554190639,1.7367,6.3731,,2.6856651306152344,4.212759888422981e-05,,,,,,,,,,,,,,,
sft_text_combined_qwen3_8b_it_0307_190324,6750,0.6997356554190639,1.4195,,1.2330445051193237,,,,,,,,,,,,,,,,,
sft_text_combined_qwen3_8b_it_0307_190324,6760,0.7007723008344996,1.6894,6.1123,,2.155792236328125,4.185955169657134e-05,,,,,,,,,,,,,,,
sft_text_combined_qwen3_8b_it_0307_190324,6770,0.7018089462499352,1.6356,6.0388,,2.917853832244873,4.159213407870922e-05,,,,,,,,,,,,,,,
sft_text_combined_qwen3_8b_it_0307_190324,6780,0.7028455916653709,1.787,6.394,,2.775667428970337,4.1325348926356465e-05,,,,,,,,,,,,,,,
sft_text_combined_qwen3_8b_it_0307_190324,6790,0.7038822370808065,1.6615,5.8963,,1.7232725620269775,4.105919912837751e-05,,,,,,,,,,,,,,,
sft_text_combined_qwen3_8b_it_0307_190324,6800,0.7049188824962421,1.6806,6.2082,,2.979478120803833,4.0793687566756955e-05,,,,,,,,,,,,,,,
sft_text_combined_qwen3_8b_it_0307_190324,6810,0.7059555279116778,1.7315,6.0926,,2.540393352508545,4.052881711656825e-05,,,,,,,,,,,,,,,
sft_text_combined_qwen3_8b_it_0307_190324,6820,0.7069921733271135,1.5603,5.6994,,3.1417152881622314,4.026459064594257e-05,,,,,,,,,,,,,,,
sft_text_combined_qwen3_8b_it_0307_190324,6830,0.7080288187425491,1.6514,6.4261,,2.5523149967193604,4.000101101603793e-05,,,,,,,,,,,,,,,
sft_text_combined_qwen3_8b_it_0307_190324,6840,0.7090654641579848,1.6618,6.0545,,1.9015836715698242,3.973808108100795e-05,,,,,,,,,,,,,,,
sft_text_combined_qwen3_8b_it_0307_190324,6850,0.7101021095734205,1.6293,6.0651,,2.9702985286712646,3.947580368797111e-05,,,,,,,,,,,,,,,
sft_text_combined_qwen3_8b_it_0307_190324,6860,0.711138754988856,1.7294,6.2133,,2.3281092643737793,3.921418167697998e-05,,,,,,,,,,,,,,,
sft_text_combined_qwen3_8b_it_0307_190324,6870,0.7121754004042917,1.6964,5.8018,,2.3724544048309326,3.895321788099021e-05,,,,,,,,,,,,,,,
sft_text_combined_qwen3_8b_it_0307_190324,6880,0.7132120458197274,1.6947,6.3255,,2.652434825897217,3.869291512583011e-05,,,,,,,,,,,,,,,
sft_text_combined_qwen3_8b_it_0307_190324,6890,0.714248691235163,1.7126,6.1508,,2.230898141860962,3.843327623016998e-05,,,,,,,,,,,,,,,
sft_text_combined_qwen3_8b_it_0307_190324,6900,0.7152853366505987,1.6645,5.8804,,2.9207956790924072,3.817430400549149e-05,,,,,,,,,,,,,,,
sft_text_combined_qwen3_8b_it_0307_190324,6910,0.7163219820660344,1.6429,6.2701,,2.684945583343506,3.791600125605733e-05,,,,,,,,,,,,,,,
sft_text_combined_qwen3_8b_it_0307_190324,6920,0.71735862748147,1.629,5.9519,,1.7340823411941528,3.765837077888088e-05,,,,,,,,,,,,,,,
sft_text_combined_qwen3_8b_it_0307_190324,6930,0.7183952728969056,1.6028,6.1179,,3.0657410621643066,3.74014153636958e-05,,,,,,,,,,,,,,,
sft_text_combined_qwen3_8b_it_0307_190324,6940,0.7194319183123412,1.6991,6.3247,,2.289170026779175,3.714513779292589e-05,,,,,,,,,,,,,,,
sft_text_combined_qwen3_8b_it_0307_190324,6950,0.7204685637277769,1.6458,6.0429,,2.3282041549682617,3.6889540841655036e-05,,,,,,,,,,,,,,,
sft_text_combined_qwen3_8b_it_0307_190324,6960,0.7215052091432126,1.7454,6.1428,,2.818225383758545,3.6634627277597e-05,,,,,,,,,,,,,,,
sft_text_combined_qwen3_8b_it_0307_190324,6970,0.7225418545586482,1.7653,6.1155,,2.0857644081115723,3.638039986106552e-05,,,,,,,,,,,,,,,
sft_text_combined_qwen3_8b_it_0307_190324,6980,0.7235784999740839,1.7086,5.9495,,3.2199997901916504,3.6126861344944554e-05,,,,,,,,,,,,,,,
sft_text_combined_qwen3_8b_it_0307_190324,6990,0.7246151453895195,1.7045,6.319,,2.567578077316284,3.587401447465822e-05,,,,,,,,,,,,,,,
sft_text_combined_qwen3_8b_it_0307_190324,7000,0.7256517908049551,1.7751,6.0104,,1.6487585306167603,3.5621861988141235e-05,,,,,,,,,,,,,,,
sft_text_combined_qwen3_8b_it_0307_190324,7000,0.7256517908049551,1.5153,,1.2338368892669678,,,,,,,,,,,,,,,,,
sft_text_combined_qwen3_8b_it_0307_190324,7010,0.7266884362203908,1.6438,6.3093,,3.141893148422241,3.53704066158093e-05,,,,,,,,,,,,,,,
sft_text_combined_qwen3_8b_it_0307_190324,7020,0.7277250816358265,1.7103,6.0956,,2.4489331245422363,3.511965108052937e-05,,,,,,,,,,,,,,,
sft_text_combined_qwen3_8b_it_0307_190324,7030,0.7287617270512621,1.6754,5.7728,,3.1680240631103516,3.4869598097590274e-05,,,,,,,,,,,,,,,
sft_text_combined_qwen3_8b_it_0307_190324,7040,0.7297983724666978,1.7131,6.4332,,2.77091908454895,3.462025037467338e-05,,,,,,,,,,,,,,,
sft_text_combined_qwen3_8b_it_0307_190324,7050,0.7308350178821335,1.8031,6.0767,,2.0200963020324707,3.437161061182312e-05,,,,,,,,,,,,,,,
sft_text_combined_qwen3_8b_it_0307_190324,7060,0.731871663297569,1.6914,5.9814,,3.139949083328247,3.4123681501417824e-05,,,,,,,,,,,,,,,
sft_text_combined_qwen3_8b_it_0307_190324,7070,0.7329083087130047,1.796,6.3446,,2.621171712875366,3.387646572814067e-05,,,,,,,,,,,,,,,
sft_text_combined_qwen3_8b_it_0307_190324,7080,0.7339449541284404,1.7827,6.0332,,1.6536240577697754,3.36299659689504e-05,,,,,,,,,,,,,,,
sft_text_combined_qwen3_8b_it_0307_190324,7090,0.734981599543876,1.7449,6.0462,,3.112591505050659,3.3384184893052485e-05,,,,,,,,,,,,,,,
sft_text_combined_qwen3_8b_it_0307_190324,7100,0.7360182449593117,1.6543,6.1471,,2.6791388988494873,3.313912516187022e-05,,,,,,,,,,,,,,,
sft_text_combined_qwen3_8b_it_0307_190324,7110,0.7370548903747474,1.6437,5.754,,3.149907350540161,3.289478942901584e-05,,,,,,,,,,,,,,,
sft_text_combined_qwen3_8b_it_0307_190324,7120,0.7380915357901829,1.7673,6.3908,,2.9102654457092285,3.265118034026177e-05,,,,,,,,,,,,,,,
sft_text_combined_qwen3_8b_it_0307_190324,7130,0.7391281812056186,1.7131,6.0287,,1.9601694345474243,3.240830053351214e-05,,,,,,,,,,,,,,,
sft_text_combined_qwen3_8b_it_0307_190324,7140,0.7401648266210543,1.6797,5.9525,,3.06898832321167,3.2166152638773986e-05,,,,,,,,,,,,,,,
sft_text_combined_qwen3_8b_it_0307_190324,7150,0.7412014720364899,1.7232,6.3054,,2.4377846717834473,3.192473927812889e-05,,,,,,,,,,,,,,,
sft_text_combined_qwen3_8b_it_0307_190324,7160,0.7422381174519256,1.5962,5.8733,,1.535735845565796,3.1684063065704694e-05,,,,,,,,,,,,,,,
sft_text_combined_qwen3_8b_it_0307_190324,7170,0.7432747628673613,1.601,6.218,,2.8065552711486816,3.144412660764696e-05,,,,,,,,,,,,,,,
sft_text_combined_qwen3_8b_it_0307_190324,7180,0.7443114082827968,1.7829,6.1318,,2.3391008377075195,3.120493250209091e-05,,,,,,,,,,,,,,,
sft_text_combined_qwen3_8b_it_0307_190324,7190,0.7453480536982325,1.6296,5.7891,,2.7801151275634766,3.09664833391333e-05,,,,,,,,,,,,,,,
sft_text_combined_qwen3_8b_it_0307_190324,7200,0.7463846991136681,1.7472,6.4923,,2.85347056388855,3.0728781700804274e-05,,,,,,,,,,,,,,,
sft_text_combined_qwen3_8b_it_0307_190324,7210,0.7474213445291038,1.6899,6.0204,,2.4863429069519043,3.0491830161039436e-05,,,,,,,,,,,,,,,
sft_text_combined_qwen3_8b_it_0307_190324,7220,0.7484579899445395,1.5961,5.912,,3.419955253601074,3.0255631285652063e-05,,,,,,,,,,,,,,,
sft_text_combined_qwen3_8b_it_0307_190324,7230,0.7494946353599751,1.749,6.3982,,2.4750006198883057,3.0020187632305306e-05,,,,,,,,,,,,,,,
sft_text_combined_qwen3_8b_it_0307_190324,7240,0.7505312807754108,1.6696,5.8709,,1.9410758018493652,2.9785501750484223e-05,,,,,,,,,,,,,,,
sft_text_combined_qwen3_8b_it_0307_190324,7250,0.7515679261908464,1.6074,6.0363,,2.8681352138519287,2.9551576181468645e-05,,,,,,,,,,,,,,,
sft_text_combined_qwen3_8b_it_0307_190324,7250,0.7515679261908464,1.5303,,1.2203665971755981,,,,,,,,,,,,,,,,,
sft_text_combined_qwen3_8b_it_0307_190324,7260,0.752604571606282,1.7467,6.1115,,2.245098352432251,2.9318413458305326e-05,,,,,,,,,,,,,,,
sft_text_combined_qwen3_8b_it_0307_190324,7270,0.7536412170217177,1.6715,5.7517,,3.1672415733337402,2.908601610578049e-05,,,,,,,,,,,,,,,
sft_text_combined_qwen3_8b_it_0307_190324,7280,0.7546778624371534,1.6978,6.3066,,2.6989240646362305,2.8854386640392773e-05,,,,,,,,,,,,,,,
sft_text_combined_qwen3_8b_it_0307_190324,7290,0.755714507852589,1.7589,6.0839,,2.0056071281433105,2.862352757032567e-05,,,,,,,,,,,,,,,
sft_text_combined_qwen3_8b_it_0307_190324,7300,0.7567511532680247,1.6116,5.9917,,3.1851634979248047,2.8393441395420517e-05,,,,,,,,,,,,,,,
sft_text_combined_qwen3_8b_it_0307_190324,7310,0.7577877986834604,1.7128,6.2763,,2.4649858474731445,2.816413060714952e-05,,,,,,,,,,,,,,,
sft_text_combined_qwen3_8b_it_0307_190324,7320,0.7588244440988959,1.713,6.0026,,1.6533868312835693,2.7935597688588532e-05,,,,,,,,,,,,,,,
sft_text_combined_qwen3_8b_it_0307_190324,7330,0.7598610895143316,1.5727,6.0321,,3.039490222930908,2.770784511439034e-05,,,,,,,,,,,,,,,
sft_text_combined_qwen3_8b_it_0307_190324,7340,0.7608977349297673,1.7443,6.1079,,2.3971140384674072,2.7480875350757873e-05,,,,,,,,,,,,,,,
sft_text_combined_qwen3_8b_it_0307_190324,7350,0.7619343803452029,1.5514,5.7321,,3.1630966663360596,2.72546908554174e-05,,,,,,,,,,,,,,,
sft_text_combined_qwen3_8b_it_0307_190324,7360,0.7629710257606386,1.8122,6.4045,,2.844907522201538,2.7029294077591937e-05,,,,,,,,,,,,,,,
sft_text_combined_qwen3_8b_it_0307_190324,7370,0.7640076711760743,1.7071,6.1678,,2.1790695190429688,2.6804687457974874e-05,,,,,,,,,,,,,,,
sft_text_combined_qwen3_8b_it_0307_190324,7380,0.7650443165915098,1.5698,5.9772,,3.1133086681365967,2.6580873428703325e-05,,,,,,,,,,,,,,,
sft_text_combined_qwen3_8b_it_0307_190324,7390,0.7660809620069455,1.7493,6.2537,,2.6494719982147217,2.6357854413331873e-05,,,,,,,,,,,,,,,
sft_text_combined_qwen3_8b_it_0307_190324,7400,0.7671176074223812,1.6693,5.9185,,1.867319107055664,2.6135632826806466e-05,,,,,,,,,,,,,,,
sft_text_combined_qwen3_8b_it_0307_190324,7410,0.7681542528378168,1.7403,6.2107,,2.8112988471984863,2.5914211075438055e-05,,,,,,,,,,,,,,,
sft_text_combined_qwen3_8b_it_0307_190324,7420,0.7691908982532525,1.8712,6.1527,,2.4228599071502686,2.5693591556876627e-05,,,,,,,,,,,,,,,
sft_text_combined_qwen3_8b_it_0307_190324,7430,0.7702275436686882,1.5927,5.5957,,3.0168893337249756,2.5473776660085336e-05,,,,,,,,,,,,,,,
sft_text_combined_qwen3_8b_it_0307_190324,7440,0.7712641890841238,1.6973,6.3303,,2.9259824752807617,2.525476876531445e-05,,,,,,,,,,,,,,,
sft_text_combined_qwen3_8b_it_0307_190324,7450,0.7723008344995594,1.6367,5.9361,,2.08912992477417,2.5036570244075696e-05,,,,,,,,,,,,,,,
sft_text_combined_qwen3_8b_it_0307_190324,7460,0.7733374799149951,1.7325,5.931,,3.019989252090454,2.4819183459116623e-05,,,,,,,,,,,,,,,
sft_text_combined_qwen3_8b_it_0307_190324,7470,0.7743741253304307,1.7879,6.2557,,2.7209041118621826,2.4602610764394852e-05,,,,,,,,,,,,,,,
sft_text_combined_qwen3_8b_it_0307_190324,7480,0.7754107707458664,1.7133,6.033,,1.6453804969787598,2.4386854505052715e-05,,,,,,,,,,,,,,,
sft_text_combined_qwen3_8b_it_0307_190324,7490,0.776447416161302,1.6232,6.1202,,2.910053253173828,2.41719170173919e-05,,,,,,,,,,,,,,,
sft_text_combined_qwen3_8b_it_0307_190324,7500,0.7774840615767377,1.7557,6.2192,,2.371248483657837,2.3957800628847983e-05,,,,,,,,,,,,,,,
sft_text_combined_qwen3_8b_it_0307_190324,7500,0.7774840615767377,1.5084,,1.2106518745422363,,,,,,,,,,,,,,,,,
sft_text_combined_qwen3_8b_it_0307_190324,7510,0.7785207069921734,1.6011,5.7548,,3.2217721939086914,2.3744507657965353e-05,,,,,,,,,,,,,,,
sft_text_combined_qwen3_8b_it_0307_190324,7520,0.7795573524076089,1.6938,6.3505,,2.6395328044891357,2.3532040414372157e-05,,,,,,,,,,,,,,,
sft_text_combined_qwen3_8b_it_0307_190324,7530,0.7805939978230446,1.7322,5.901,,1.957841396331787,2.3320401198755116e-05,,,,,,,,,,,,,,,
sft_text_combined_qwen3_8b_it_0307_190324,7540,0.7816306432384803,1.6485,5.9115,,2.951104164123535,2.3109592302834704e-05,,,,,,,,,,,,,,,
sft_text_combined_qwen3_8b_it_0307_190324,7550,0.7826672886539159,1.739,6.2356,,2.438570261001587,2.289961600934043e-05,,,,,,,,,,,,,,,
sft_text_combined_qwen3_8b_it_0307_190324,7560,0.7837039340693516,1.6109,5.7613,,3.2551956176757812,2.2690474591985955e-05,,,,,,,,,,,,,,,
sft_text_combined_qwen3_8b_it_0307_190324,7570,0.7847405794847873,1.7555,6.4165,,2.593017101287842,2.2482170315444506e-05,,,,,,,,,,,,,,,
sft_text_combined_qwen3_8b_it_0307_190324,7580,0.7857772249002228,1.5784,5.9275,,2.1768929958343506,2.2274705435324515e-05,,,,,,,,,,,,,,,
sft_text_combined_qwen3_8b_it_0307_190324,7590,0.7868138703156585,1.6005,5.8969,,2.955286741256714,2.2068082198144947e-05,,,,,,,,,,,,,,,
sft_text_combined_qwen3_8b_it_0307_190324,7600,0.7878505157310942,1.7074,6.2768,,2.575255870819092,2.1862302841311112e-05,,,,,,,,,,,,,,,
sft_text_combined_qwen3_8b_it_0307_190324,7610,0.7888871611465298,1.8221,5.9606,,1.6267714500427246,2.1657369593090514e-05,,,,,,,,,,,,,,,
sft_text_combined_qwen3_8b_it_0307_190324,7620,0.7899238065619655,1.7193,6.1025,,3.2599663734436035,2.1453284672588537e-05,,,,,,,,,,,,,,,
sft_text_combined_qwen3_8b_it_0307_190324,7630,0.7909604519774012,1.7359,6.1455,,2.2812275886535645,2.1250050289724487e-05,,,,,,,,,,,,,,,
sft_text_combined_qwen3_8b_it_0307_190324,7640,0.7919970973928367,1.6348,5.7244,,2.6806020736694336,2.1047668645207796e-05,,,,,,,,,,,,,,,
sft_text_combined_qwen3_8b_it_0307_190324,7650,0.7930337428082724,1.7486,6.3592,,2.755457639694214,2.0846141930513986e-05,,,,,,,,,,,,,,,
sft_text_combined_qwen3_8b_it_0307_190324,7660,0.7940703882237081,1.6963,6.0865,,1.833245873451233,2.0645472327861017e-05,,,,,,,,,,,,,,,
sft_text_combined_qwen3_8b_it_0307_190324,7670,0.7951070336391437,1.628,6.0352,,3.065141201019287,2.0445662010185774e-05,,,,,,,,,,,,,,,
sft_text_combined_qwen3_8b_it_0307_190324,7680,0.7961436790545794,1.7263,6.1299,,2.522425651550293,2.0246713141120333e-05,,,,,,,,,,,,,,,
sft_text_combined_qwen3_8b_it_0307_190324,7690,0.7971803244700151,1.6641,5.8837,,2.0417847633361816,2.004862787496865e-05,,,,,,,,,,,,,,,
sft_text_combined_qwen3_8b_it_0307_190324,7700,0.7982169698854507,1.6385,6.2401,,2.754370927810669,1.9851408356683287e-05,,,,,,,,,,,,,,,
sft_text_combined_qwen3_8b_it_0307_190324,7710,0.7992536153008863,1.6882,6.0142,,2.1436965465545654,1.9655056721842047e-05,,,,,,,,,,,,,,,
sft_text_combined_qwen3_8b_it_0307_190324,7720,0.800290260716322,1.534,5.7462,,2.753749132156372,1.9459575096624905e-05,,,,,,,,,,,,,,,
sft_text_combined_qwen3_8b_it_0307_190324,7730,0.8013269061317576,1.6687,6.3206,,2.655578374862671,1.9264965597791084e-05,,,,,,,,,,,,,,,
sft_text_combined_qwen3_8b_it_0307_190324,7740,0.8023635515471933,1.8951,6.0376,,1.8414462804794312,1.9071230332655964e-05,,,,,,,,,,,,,,,
sft_text_combined_qwen3_8b_it_0307_190324,7750,0.803400196962629,1.6835,5.986,,3.0170726776123047,1.887837139906835e-05,,,,,,,,,,,,,,,
sft_text_combined_qwen3_8b_it_0307_190324,7750,0.803400196962629,1.4839,,1.2084767818450928,,,,,,,,,,,,,,,,,
sft_text_combined_qwen3_8b_it_0307_190324,7760,0.8044368423780646,1.711,6.1462,,2.2986900806427,1.8686390885387826e-05,,,,,,,,,,,,,,,
sft_text_combined_qwen3_8b_it_0307_190324,7770,0.8054734877935003,1.7507,5.9305,,2.1568920612335205,1.8495290870461958e-05,,,,,,,,,,,,,,,
sft_text_combined_qwen3_8b_it_0307_190324,7780,0.8065101332089358,1.6959,6.1537,,3.0157806873321533,1.8305073423604024e-05,,,,,,,,,,,,,,,
sft_text_combined_qwen3_8b_it_0307_190324,7790,0.8075467786243715,1.704,6.017,,2.351663827896118,1.8115740604570352e-05,,,,,,,,,,,,,,,
sft_text_combined_qwen3_8b_it_0307_190324,7800,0.8085834240398072,1.6474,5.759,,3.2664074897766113,1.792729446353818e-05,,,,,,,,,,,,,,,
sft_text_combined_qwen3_8b_it_0307_190324,7810,0.8096200694552428,1.8243,6.3537,,2.625231981277466,1.7739737041083483e-05,,,,,,,,,,,,,,,
sft_text_combined_qwen3_8b_it_0307_190324,7820,0.8106567148706785,1.8059,6.1166,,1.9477547407150269,1.7553070368158708e-05,,,,,,,,,,,,,,,
sft_text_combined_qwen3_8b_it_0307_190324,7830,0.8116933602861142,1.6269,5.9648,,3.0255300998687744,1.7367296466070916e-05,,,,,,,,,,,,,,,
sft_text_combined_qwen3_8b_it_0307_190324,7840,0.8127300057015497,1.604,6.1511,,2.741821765899658,1.718241734645991e-05,,,,,,,,,,,,,,,
sft_text_combined_qwen3_8b_it_0307_190324,7850,0.8137666511169854,1.7086,5.7247,,2.2346389293670654,1.699843501127634e-05,,,,,,,,,,,,,,,
sft_text_combined_qwen3_8b_it_0307_190324,7860,0.8148032965324211,1.6781,6.3077,,2.71258544921875,1.6815351452760097e-05,,,,,,,,,,,,,,,
sft_text_combined_qwen3_8b_it_0307_190324,7870,0.8158399419478567,1.6711,6.1333,,2.1096010208129883,1.6633168653418784e-05,,,,,,,,,,,,,,,
sft_text_combined_qwen3_8b_it_0307_190324,7880,0.8168765873632924,1.5895,5.7225,,2.905183792114258,1.645188858600615e-05,,,,,,,,,,,,,,,
sft_text_combined_qwen3_8b_it_0307_190324,7890,0.8179132327787281,1.7639,6.2858,,2.587855815887451,1.6271513213500733e-05,,,,,,,,,,,,,,,
sft_text_combined_qwen3_8b_it_0307_190324,7900,0.8189498781941636,1.765,5.9864,,1.645825982093811,1.6092044489084767e-05,,,,,,,,,,,,,,,
sft_text_combined_qwen3_8b_it_0307_190324,7910,0.8199865236095993,1.6743,6.0828,,3.0283873081207275,1.591348435612281e-05,,,,,,,,,,,,,,,
sft_text_combined_qwen3_8b_it_0307_190324,7920,0.821023169025035,1.7695,6.349,,2.413867950439453,1.573583474814081e-05,,,,,,,,,,,,,,,
sft_text_combined_qwen3_8b_it_0307_190324,7930,0.8220598144404706,1.555,5.7145,,2.5978851318359375,1.5559097588805206e-05,,,,,,,,,,,,,,,
sft_text_combined_qwen3_8b_it_0307_190324,7940,0.8230964598559063,1.7762,6.3593,,2.8110873699188232,1.5383274791902013e-05,,,,,,,,,,,,,,,
sft_text_combined_qwen3_8b_it_0307_190324,7950,0.824133105271342,1.6762,5.976,,1.8779231309890747,1.520836826131612e-05,,,,,,,,,,,,,,,
sft_text_combined_qwen3_8b_it_0307_190324,7960,0.8251697506867776,1.6818,5.908,,3.2068235874176025,1.5034379891010787e-05,,,,,,,,,,,,,,,
sft_text_combined_qwen3_8b_it_0307_190324,7970,0.8262063961022132,1.8726,6.4356,,2.556342601776123,1.4861311565006864e-05,,,,,,,,,,,,,,,
sft_text_combined_qwen3_8b_it_0307_190324,7980,0.8272430415176489,1.6018,5.8441,,1.6824415922164917,1.4689165157362739e-05,,,,,,,,,,,,,,,
sft_text_combined_qwen3_8b_it_0307_190324,7990,0.8282796869330845,1.7047,6.2533,,2.88657546043396,1.4517942532153816e-05,,,,,,,,,,,,,,,
sft_text_combined_qwen3_8b_it_0307_190324,8000,0.8293163323485202,1.7438,6.0623,,2.3169167041778564,1.4347645543452303e-05,,,,,,,,,,,,,,,
sft_text_combined_qwen3_8b_it_0307_190324,8000,0.8293163323485202,1.3415,,1.2072135210037231,,,,,,,,,,,,,,,,,
sft_text_combined_qwen3_8b_it_0307_190324,8010,0.8303529777639559,1.5466,5.5942,,3.1645941734313965,1.4178276035307314e-05,,,,,,,,,,,,,,,
sft_text_combined_qwen3_8b_it_0307_190324,8020,0.8313896231793915,1.6121,6.2202,,2.853916883468628,1.4009835841724839e-05,,,,,,,,,,,,,,,
sft_text_combined_qwen3_8b_it_0307_190324,8030,0.8324262685948272,1.7682,6.0651,,1.8187474012374878,1.3842326786647674e-05,,,,,,,,,,,,,,,
sft_text_combined_qwen3_8b_it_0307_190324,8040,0.8334629140102627,1.5189,5.9216,,3.258772611618042,1.3675750683936029e-05,,,,,,,,,,,,,,,
sft_text_combined_qwen3_8b_it_0307_190324,8050,0.8344995594256984,1.7124,6.1686,,2.4521846771240234,1.3510109337347654e-05,,,,,,,,,,,,,,,
sft_text_combined_qwen3_8b_it_0307_190324,8060,0.8355362048411341,1.6474,5.7578,,1.8961642980575562,1.3345404540518258e-05,,,,,,,,,,,,,,,
sft_text_combined_qwen3_8b_it_0307_190324,8070,0.8365728502565697,1.7292,6.3597,,2.878234624862671,1.3181638076942326e-05,,,,,,,,,,,,,,,
sft_text_combined_qwen3_8b_it_0307_190324,8080,0.8376094956720054,1.6239,6.1494,,2.1413612365722656,1.3018811719953616e-05,,,,,,,,,,,,,,,
sft_text_combined_qwen3_8b_it_0307_190324,8090,0.8386461410874411,1.5781,5.6891,,3.0176281929016113,1.285692723270594e-05,,,,,,,,,,,,,,,
sft_text_combined_qwen3_8b_it_0307_190324,8100,0.8396827865028766,1.6493,6.5279,,3.0251941680908203,1.2695986368154234e-05,,,,,,,,,,,,,,,
sft_text_combined_qwen3_8b_it_0307_190324,8110,0.8407194319183123,1.6511,5.8869,,1.9478636980056763,1.2535990869035474e-05,,,,,,,,,,,,,,,
sft_text_combined_qwen3_8b_it_0307_190324,8120,0.841756077333748,1.6844,5.9622,,3.027153730392456,1.2376942467849717e-05,,,,,,,,,,,,,,,
sft_text_combined_qwen3_8b_it_0307_190324,8130,0.8427927227491836,1.8081,6.1772,,2.4799728393554688,1.221884288684152e-05,,,,,,,,,,,,,,,
sft_text_combined_qwen3_8b_it_0307_190324,8140,0.8438293681646193,1.6074,5.8542,,1.7873650789260864,1.2061693837981247e-05,,,,,,,,,,,,,,,
sft_text_combined_qwen3_8b_it_0307_190324,8150,0.844866013580055,1.6397,6.0565,,2.92256498336792,1.1905497022946344e-05,,,,,,,,,,,,,,,
sft_text_combined_qwen3_8b_it_0307_190324,8160,0.8459026589954906,1.6752,6.0896,,2.114734411239624,1.1750254133103188e-05,,,,,,,,,,,,,,,
sft_text_combined_qwen3_8b_it_0307_190324,8170,0.8469393044109262,1.6469,5.8381,,3.2767386436462402,1.1595966849488649e-05,,,,,,,,,,,,,,,
sft_text_combined_qwen3_8b_it_0307_190324,8180,0.8479759498263619,1.6978,6.4133,,2.6940340995788574,1.1442636842791743e-05,,,,,,,,,,,,,,,
sft_text_combined_qwen3_8b_it_0307_190324,8190,0.8490125952417975,1.6734,5.9721,,2.154524564743042,1.1290265773335818e-05,,,,,,,,,,,,,,,
sft_text_combined_qwen3_8b_it_0307_190324,8200,0.8500492406572332,1.6404,6.0739,,3.2246181964874268,1.1138855291060424e-05,,,,,,,,,,,,,,,
sft_text_combined_qwen3_8b_it_0307_190324,8210,0.8510858860726689,1.7535,6.1604,,2.3231618404388428,1.0988407035503356e-05,,,,,,,,,,,,,,,
sft_text_combined_qwen3_8b_it_0307_190324,8220,0.8521225314881045,1.6373,5.8553,,1.7922630310058594,1.0838922635783122e-05,,,,,,,,,,,,,,,
sft_text_combined_qwen3_8b_it_0307_190324,8230,0.8531591769035402,1.6621,6.1732,,2.783137083053589,1.0690403710581154e-05,,,,,,,,,,,,,,,
sft_text_combined_qwen3_8b_it_0307_190324,8240,0.8541958223189758,1.688,6.078,,2.182896375656128,1.0542851868124215e-05,,,,,,,,,,,,,,,
sft_text_combined_qwen3_8b_it_0307_190324,8250,0.8552324677344114,1.5723,5.9063,,3.2180490493774414,1.0396268706167223e-05,,,,,,,,,,,,,,,
sft_text_combined_qwen3_8b_it_0307_190324,8250,0.8552324677344114,1.5529,,1.207998514175415,,,,,,,,,,,,,,,,,
sft_text_combined_qwen3_8b_it_0307_190324,8260,0.0010366454154356502,1.8101,6.6104,,2.5677528381347656,1.8e-05,,,,,,,,,,,,,,,
sft_text_combined_qwen3_8b_it_0307_190324,8270,0.0020732908308713003,1.795,6.338,,1.6316288709640503,3.8e-05,,,,,,,,,,,,,,,
sft_text_combined_qwen3_8b_it_0307_190324,8280,0.0031099362463069507,1.7921,6.296,,2.6180808544158936,5.8e-05,,,,,,,,,,,,,,,
sft_text_combined_qwen3_8b_it_0307_190324,8290,0.004146581661742601,1.8093,6.3969,,2.235417127609253,7.800000000000001e-05,,,,,,,,,,,,,,,
sft_text_combined_qwen3_8b_it_0307_190324,8300,0.005183227077178251,1.6827,6.0285,,2.407546043395996,9.8e-05,,,,,,,,,,,,,,,
sft_text_combined_qwen3_8b_it_0307_190324,8310,0.0062198724926139015,1.7609,6.6039,,2.925360679626465,0.000118,,,,,,,,,,,,,,,
sft_text_combined_qwen3_8b_it_0307_190324,8320,0.007256517908049552,1.7667,6.3153,,2.4200563430786133,0.000138,,,,,,,,,,,,,,,
sft_text_combined_qwen3_8b_it_0307_190324,8330,0.008293163323485201,1.7009,6.1498,,3.5898966789245605,0.00015800000000000002,,,,,,,,,,,,,,,
sft_text_combined_qwen3_8b_it_0307_190324,8340,0.009329808738920852,1.8511,6.5972,,3.447526454925537,0.00017800000000000002,,,,,,,,,,,,,,,
sft_text_combined_qwen3_8b_it_0307_190324,8350,0.010366454154356502,1.6827,6.2496,,2.41477108001709,0.00019800000000000002,,,,,,,,,,,,,,,
sft_text_combined_qwen3_8b_it_0307_190324,8360,0.011403099569792153,1.6676,6.3223,,3.7547905445098877,0.00019999956144849473,,,,,,,,,,,,,,,
sft_text_combined_qwen3_8b_it_0307_190324,8370,0.012439744985227803,1.8104,6.5725,,2.7699344158172607,0.00019999804547292093,,,,,,,,,,,,,,,
sft_text_combined_qwen3_8b_it_0307_190324,8380,0.013476390400663453,1.766,6.0621,,3.124854326248169,0.0001999954466754743,,,,,,,,,,,,,,,
sft_text_combined_qwen3_8b_it_0307_190324,8390,0.014513035816099104,1.8652,6.7006,,4.208704948425293,0.0001999917650842957,,,,,,,,,,,,,,,
sft_text_combined_qwen3_8b_it_0307_190324,8400,0.015549681231534754,1.7079,6.3834,,2.4683165550231934,0.000199987000739251,,,,,,,,,,,,,,,
sft_text_combined_qwen3_8b_it_0307_190324,8410,0.016586326646970403,1.7857,6.2658,,3.6260948181152344,0.00019998115369193058,,,,,,,,,,,,,,,
sft_text_combined_qwen3_8b_it_0307_190324,8420,0.017622972062406053,1.7472,6.6126,,2.910548686981201,0.00019997422400564875,,,,,,,,,,,,,,,
sft_text_combined_qwen3_8b_it_0307_190324,8430,0.018659617477841704,1.7919,6.4357,,2.443040609359741,0.0001999662117554432,,,,,,,,,,,,,,,
sft_text_combined_qwen3_8b_it_0307_190324,8440,0.019696262893277354,1.711,6.3102,,3.4780454635620117,0.00019995711702807396,,,,,,,,,,,,,,,
sft_text_combined_qwen3_8b_it_0307_190324,8450,0.020732908308713004,1.816,6.4954,,2.7776904106140137,0.00019994693992202267,,,,,,,,,,,,,,,
sft_text_combined_qwen3_8b_it_0307_190324,8460,0.021769553724148655,1.7622,6.1836,,2.5710666179656982,0.00019993568054749145,,,,,,,,,,,,,,,
sft_text_combined_qwen3_8b_it_0307_190324,8470,0.022806199139584305,1.7621,6.6623,,3.502251625061035,0.00019992333902640161,,,,,,,,,,,,,,,
sft_text_combined_qwen3_8b_it_0307_190324,8480,0.023842844555019956,1.7628,6.5298,,2.644031047821045,0.00019990991549239247,,,,,,,,,,,,,,,
sft_text_combined_qwen3_8b_it_0307_190324,8490,0.024879489970455606,1.6549,6.2936,,3.1897811889648438,0.00019989541009081982,,,,,,,,,,,,,,,
sft_text_combined_qwen3_8b_it_0307_190324,8500,0.025916135385891256,1.6968,6.6212,,2.971061944961548,0.0001998798229787544,,,,,,,,,,,,,,,
sft_text_combined_qwen3_8b_it_0307_190324,8500,0.025916135385891256,1.5339,,1.2925020456314087,,,,,,,,,,,,,,,,,
sft_text_combined_qwen3_8b_it_0307_190324,8510,0.026952780801326907,1.7926,6.362,,1.7915832996368408,0.00019986315432498017,,,,,,,,,,,,,,,
sft_text_combined_qwen3_8b_it_0307_190324,8520,0.027989426216762557,1.8192,6.5988,,3.106147289276123,0.0001998454043099925,,,,,,,,,,,,,,,
sft_text_combined_qwen3_8b_it_0307_190324,8530,0.029026071632198207,1.7769,6.4716,,2.3648104667663574,0.00019982657312599616,,,,,,,,,,,,,,,
sft_text_combined_qwen3_8b_it_0307_190324,8540,0.030062717047633858,1.667,5.9959,,3.5553925037384033,0.00019980666097690336,,,,,,,,,,,,,,,
sft_text_combined_qwen3_8b_it_0307_190324,8550,0.03109936246306951,1.8054,6.7222,,4.342833518981934,0.00019978566807833136,,,,,,,,,,,,,,,
sft_text_combined_qwen3_8b_it_0307_190324,8560,0.03213600787850516,1.8486,6.4445,,4.002403259277344,0.00019976359465760033,,,,,,,,,,,,,,,
sft_text_combined_qwen3_8b_it_0307_190324,8570,0.033172653293940806,1.6837,6.3731,,3.503098964691162,0.00019974044095373079,,,,,,,,,,,,,,,
sft_text_combined_qwen3_8b_it_0307_190324,8580,0.03420929870937646,1.7879,6.5028,,2.603614330291748,0.000199716207217441,,,,,,,,,,,,,,,
sft_text_combined_qwen3_8b_it_0307_190324,8590,0.035245944124812106,1.7578,6.1755,,2.79782772064209,0.00019969089371114427,,,,,,,,,,,,,,,
sft_text_combined_qwen3_8b_it_0307_190324,8600,0.03628258954024776,1.835,6.6139,,3.6958813667297363,0.00019966450070894613,,,,,,,,,,,,,,,
sft_text_combined_qwen3_8b_it_0307_190324,8610,0.03731923495568341,1.7415,6.3916,,2.4572324752807617,0.0001996370284966414,,,,,,,,,,,,,,,
sft_text_combined_qwen3_8b_it_0307_190324,8620,0.03835588037111906,1.6987,6.1798,,3.4768738746643066,0.000199608477371711,,,,,,,,,,,,,,,
sft_text_combined_qwen3_8b_it_0307_190324,8630,0.03939252578655471,1.8129,6.5445,,3.0058603286743164,0.0001995788476433188,,,,,,,,,,,,,,,
sft_text_combined_qwen3_8b_it_0307_190324,8640,0.04042917120199036,1.7699,6.0823,,3.7208235263824463,0.00019954813963230826,,,,,,,,,,,,,,,
sft_text_combined_qwen3_8b_it_0307_190324,8650,0.04146581661742601,1.6813,6.5625,,2.9420950412750244,0.0001995163536711989,,,,,,,,,,,,,,,
sft_text_combined_qwen3_8b_it_0307_190324,8660,0.04250246203286166,1.7672,6.3832,,2.2553348541259766,0.00019948349010418288,,,,,,,,,,,,,,,
sft_text_combined_qwen3_8b_it_0307_190324,8670,0.04353910744829731,1.6584,6.0839,,3.305654287338257,0.00019944954928712095,,,,,,,,,,,,,,,
sft_text_combined_qwen3_8b_it_0307_190324,8680,0.04457575286373296,1.7372,6.5545,,3.0032553672790527,0.0001994145315875389,,,,,,,,,,,,,,,
sft_text_combined_qwen3_8b_it_0307_190324,8690,0.04561239827916861,1.7258,6.3548,,2.4164631366729736,0.00019937843738462353,,,,,,,,,,,,,,,
sft_text_combined_qwen3_8b_it_0307_190324,8700,0.04664904369460426,1.6961,6.2251,,3.353236675262451,0.00019934126706921826,,,,,,,,,,,,,,,
sft_text_combined_qwen3_8b_it_0307_190324,8710,0.04768568911003991,1.8315,6.4907,,3.1491711139678955,0.00019930302104381942,,,,,,,,,,,,,,,
sft_text_combined_qwen3_8b_it_0307_190324,8720,0.04872233452547556,1.6303,6.0082,,2.809540033340454,0.00019926369972257134,,,,,,,,,,,,,,,
sft_text_combined_qwen3_8b_it_0307_190324,8730,0.04975897994091121,1.8046,6.6662,,2.992293119430542,0.0001992233035312622,,,,,,,,,,,,,,,
sft_text_combined_qwen3_8b_it_0307_190324,8740,0.05079562535634686,1.6927,6.3133,,2.100921154022217,0.0001991818329073194,,,,,,,,,,,,,,,
sft_text_combined_qwen3_8b_it_0307_190324,8750,0.05183227077178251,1.7171,6.2147,,3.285611152648926,0.0001991392882998047,,,,,,,,,,,,,,,
sft_text_combined_qwen3_8b_it_0307_190324,8750,0.05183227077178251,1.5396,,1.2912566661834717,,,,,,,,,,,,,,,,,
sft_text_combined_qwen3_8b_it_0307_190324,8760,0.05286891618721816,1.7301,6.6077,,3.01558518409729,0.00019909567016940938,,,,,,,,,,,,,,,
sft_text_combined_qwen3_8b_it_0307_190324,8770,0.05390556160265381,1.7456,6.081,,1.9373579025268555,0.00019905097898844932,,,,,,,,,,,,,,,
sft_text_combined_qwen3_8b_it_0307_190324,8780,0.05494220701808946,1.6192,6.4298,,3.320312023162842,0.00019900521524085992,,,,,,,,,,,,,,,
sft_text_combined_qwen3_8b_it_0307_190324,8790,0.055978852433525114,1.691,6.3651,,2.9464457035064697,0.0001989583794221907,,,,,,,,,,,,,,,
sft_text_combined_qwen3_8b_it_0307_190324,8800,0.05701549784896076,1.6572,6.1325,,3.1232852935791016,0.00019891047203960004,,,,,,,,,,,,,,,
sft_text_combined_qwen3_8b_it_0307_190324,8810,0.058052143264396415,1.7981,6.6722,,3.054492950439453,0.00019886149361184974,,,,,,,,,,,,,,,
sft_text_combined_qwen3_8b_it_0307_190324,8820,0.05908878867983206,1.7608,6.251,,2.2752864360809326,0.00019881144466929928,,,,,,,,,,,,,,,
sft_text_combined_qwen3_8b_it_0307_190324,8830,0.060125434095267716,1.6059,6.2493,,3.436063289642334,0.00019876032575390015,,,,,,,,,,,,,,,
sft_text_combined_qwen3_8b_it_0307_190324,8840,0.06116207951070336,1.9555,6.6179,,2.5464086532592773,0.00019870813741918993,,,,,,,,,,,,,,,
sft_text_combined_qwen3_8b_it_0307_190324,8850,0.06219872492613902,1.7583,6.3361,,2.404130220413208,0.00019865488023028643,,,,,,,,,,,,,,,
sft_text_combined_qwen3_8b_it_0307_190324,8860,0.06323537034157467,1.7504,6.5344,,2.727038860321045,0.00019860055476388135,,,,,,,,,,,,,,,
sft_text_combined_qwen3_8b_it_0307_190324,8870,0.06427201575701032,1.8204,6.4995,,3.114305019378662,0.00019854516160823429,,,,,,,,,,,,,,,
sft_text_combined_qwen3_8b_it_0307_190324,8880,0.06530866117244596,1.7378,6.0932,,3.3954830169677734,0.0001984887013631661,,,,,,,,,,,,,,,
sft_text_combined_qwen3_8b_it_0307_190324,8890,0.06634530658788161,1.9031,6.5889,,2.9364824295043945,0.0001984311746400527,,,,,,,,,,,,,,,
sft_text_combined_qwen3_8b_it_0307_190324,8900,0.06738195200331727,1.7132,6.2338,,2.168675661087036,0.00019837258206181811,,,,,,,,,,,,,,,
sft_text_combined_qwen3_8b_it_0307_190324,8910,0.06841859741875292,1.6696,6.4351,,3.162313461303711,0.00019831292426292807,,,,,,,,,,,,,,,
sft_text_combined_qwen3_8b_it_0307_190324,8920,0.06945524283418857,1.725,6.6388,,2.668328046798706,0.00019825220188938284,,,,,,,,,,,,,,,
sft_text_combined_qwen3_8b_it_0307_190324,8930,0.07049188824962421,1.5661,5.9819,,2.4198403358459473,0.00019819041559871047,,,,,,,,,,,,,,,
sft_text_combined_qwen3_8b_it_0307_190324,8940,0.07152853366505986,1.795,6.5326,,3.095501661300659,0.00019812756605995944,,,,,,,,,,,,,,,
sft_text_combined_qwen3_8b_it_0307_190324,8950,0.07256517908049552,1.6754,6.2746,,2.974416494369507,0.00019806365395369166,,,,,,,,,,,,,,,
sft_text_combined_qwen3_8b_it_0307_190324,8960,0.07360182449593117,1.6799,6.1939,,3.4585890769958496,0.0001979986799719749,,,,,,,,,,,,,,,
sft_text_combined_qwen3_8b_it_0307_190324,8970,0.07463846991136681,1.8869,6.609,,2.6919379234313965,0.0001979326448183754,,,,,,,,,,,,,,,
sft_text_combined_qwen3_8b_it_0307_190324,8980,0.07567511532680246,1.7635,6.1168,,1.7103140354156494,0.00019786554920795025,,,,,,,,,,,,,,,
sft_text_combined_qwen3_8b_it_0307_190324,8990,0.07671176074223812,1.6697,6.4185,,3.021794557571411,0.0001977973938672395,,,,,,,,,,,,,,,
sft_text_combined_qwen3_8b_it_0307_190324,9000,0.07774840615767377,1.6831,6.4136,,2.3527865409851074,0.00019772817953425865,,,,,,,,,,,,,,,
sft_text_combined_qwen3_8b_it_0307_190324,9000,0.07774840615767377,1.5147,,1.2757512331008911,,,,,,,,,,,,,,,,,
sft_text_combined_qwen3_8b_it_0307_190324,9010,0.07878505157310942,1.5985,5.8961,,3.237732172012329,0.00019765790695849017,,,,,,,,,,,,,,,
sft_text_combined_qwen3_8b_it_0307_190324,9020,0.07982169698854506,1.8374,6.5866,,3.7674741744995117,0.00019758657690087584,,,,,,,,,,,,,,,
sft_text_combined_qwen3_8b_it_0307_190324,9030,0.08085834240398072,1.7835,6.2603,,2.1124894618988037,0.00019751419013380815,,,,,,,,,,,,,,,
sft_text_combined_qwen3_8b_it_0307_190324,9040,0.08189498781941637,1.7278,6.3216,,3.3075919151306152,0.00019744074744112219,,,,,,,,,,,,,,,
sft_text_combined_qwen3_8b_it_0307_190324,9050,0.08293163323485202,1.7541,6.5238,,2.5914485454559326,0.00019736624961808709,,,,,,,,,,,,,,,
sft_text_combined_qwen3_8b_it_0307_190324,9060,0.08396827865028766,1.6928,5.9755,,2.4986093044281006,0.00019729069747139726,,,,,,,,,,,,,,,
sft_text_combined_qwen3_8b_it_0307_190324,9070,0.08500492406572333,1.7911,6.609,,2.8777856826782227,0.00019721409181916393,,,,,,,,,,,,,,,
sft_text_combined_qwen3_8b_it_0307_190324,9080,0.08604156948115897,1.8418,6.2426,,2.0900397300720215,0.00019713643349090606,,,,,,,,,,,,,,,
sft_text_combined_qwen3_8b_it_0307_190324,9090,0.08707821489659462,1.6641,6.1987,,2.8909802436828613,0.00019705772332754138,,,,,,,,,,,,,,,
sft_text_combined_qwen3_8b_it_0307_190324,9100,0.08811486031203027,1.8118,6.5859,,2.406812906265259,0.0001969779621813775,,,,,,,,,,,,,,,
sft_text_combined_qwen3_8b_it_0307_190324,9110,0.08915150572746593,1.7471,6.1434,,2.385220527648926,0.0001968971509161024,,,,,,,,,,,,,,,
sft_text_combined_qwen3_8b_it_0307_190324,9120,0.09018815114290157,1.7216,6.2559,,3.399512529373169,0.00019681529040677527,,,,,,,,,,,,,,,
sft_text_combined_qwen3_8b_it_0307_190324,9130,0.09122479655833722,1.6818,6.3296,,2.3523733615875244,0.00019673238153981688,,,,,,,,,,,,,,,
sft_text_combined_qwen3_8b_it_0307_190324,9140,0.09226144197377287,1.691,5.9838,,2.8517861366271973,0.00019664842521300018,,,,,,,,,,,,,,,
sft_text_combined_qwen3_8b_it_0307_190324,9150,0.09329808738920851,1.6568,6.6588,,2.9049174785614014,0.00019656342233544035,,,,,,,,,,,,,,,
sft_text_combined_qwen3_8b_it_0307_190324,9160,0.09433473280464418,1.6804,6.2931,,2.1641671657562256,0.00019647737382758518,,,,,,,,,,,,,,,
sft_text_combined_qwen3_8b_it_0307_190324,9170,0.09537137822007982,1.628,6.2623,,2.885537624359131,0.00019639028062120494,,,,,,,,,,,,,,,
sft_text_combined_qwen3_8b_it_0307_190324,9180,0.09640802363551547,1.8126,6.5401,,2.7464823722839355,0.00019630214365938233,,,,,,,,,,,,,,,
sft_text_combined_qwen3_8b_it_0307_190324,9190,0.09744466905095112,1.7786,6.0753,,2.149090051651001,0.00019621296389650233,,,,,,,,,,,,,,,
sft_text_combined_qwen3_8b_it_0307_190324,9200,0.09848131446638678,1.7473,6.4977,,3.081171751022339,0.00019612274229824177,,,,,,,,,,,,,,,
sft_text_combined_qwen3_8b_it_0307_190324,9210,0.09951795988182242,1.8675,6.3161,,2.3248400688171387,0.00019603147984155895,,,,,,,,,,,,,,,
sft_text_combined_qwen3_8b_it_0307_190324,9220,0.10055460529725807,1.7638,6.1321,,2.9889066219329834,0.00019593917751468303,,,,,,,,,,,,,,,
sft_text_combined_qwen3_8b_it_0307_190324,9230,0.10159125071269372,1.679,6.5733,,3.6020712852478027,0.00019584583631710334,,,,,,,,,,,,,,,
sft_text_combined_qwen3_8b_it_0307_190324,9240,0.10262789612812938,1.7105,6.1604,,2.5123379230499268,0.00019575145725955854,,,,,,,,,,,,,,,
sft_text_combined_qwen3_8b_it_0307_190324,9250,0.10366454154356503,1.799,6.2786,,4.787654399871826,0.00019565604136402565,,,,,,,,,,,,,,,
sft_text_combined_qwen3_8b_it_0307_190324,9250,0.10366454154356503,1.4626,,1.262843370437622,,,,,,,,,,,,,,,,,
sft_text_combined_qwen3_8b_it_0307_190324,9260,0.10470118695900067,1.8157,6.4029,,4.027623176574707,0.0001955595896637091,,,,,,,,,,,,,,,
sft_text_combined_qwen3_8b_it_0307_190324,9270,0.10573783237443632,1.8298,6.1242,,2.179901361465454,0.00019546210320302935,,,,,,,,,,,,,,,
sft_text_combined_qwen3_8b_it_0307_190324,9280,0.10677447778987198,1.7347,6.4346,,3.3641726970672607,0.0001953635830376118,,,,,,,,,,,,,,,
sft_text_combined_qwen3_8b_it_0307_190324,9290,0.10781112320530763,1.7869,6.2327,,2.418085813522339,0.0001952640302342752,,,,,,,,,,,,,,,
sft_text_combined_qwen3_8b_it_0307_190324,9300,0.10884776862074327,1.7514,6.0656,,3.140964984893799,0.0001951634458710202,,,,,,,,,,,,,,,
sft_text_combined_qwen3_8b_it_0307_190324,9310,0.10988441403617892,1.8129,6.4594,,2.4213790893554688,0.0001950618310370174,,,,,,,,,,,,,,,
sft_text_combined_qwen3_8b_it_0307_190324,9320,0.11092105945161458,1.6955,6.1342,,2.8181045055389404,0.00019495918683259613,,,,,,,,,,,,,,,
sft_text_combined_qwen3_8b_it_0307_190324,9330,0.11195770486705023,1.7354,6.4087,,3.2732298374176025,0.00019485551436923196,,,,,,,,,,,,,,,
sft_text_combined_qwen3_8b_it_0307_190324,9340,0.11299435028248588,1.7589,6.3642,,2.3220901489257812,0.0001947508147695349,,,,,,,,,,,,,,,
sft_text_combined_qwen3_8b_it_0307_190324,9350,0.11403099569792152,1.6083,5.9872,,2.5421712398529053,0.00019464508916723733,,,,,,,,,,,,,,,
sft_text_combined_qwen3_8b_it_0307_190324,9360,0.11506764111335718,1.7518,6.5436,,2.744980573654175,0.0001945383387071815,,,,,,,,,,,,,,,
sft_text_combined_qwen3_8b_it_0307_190324,9370,0.11610428652879283,1.7534,6.248,,3.3250975608825684,0.00019443056454530747,,,,,,,,,,,,,,,
sft_text_combined_qwen3_8b_it_0307_190324,9380,0.11714093194422848,1.651,6.1504,,3.060906410217285,0.0001943217678486401,,,,,,,,,,,,,,,
sft_text_combined_qwen3_8b_it_0307_190324,9390,0.11817757735966412,1.6979,6.4001,,3.1954970359802246,0.0001942119497952769,,,,,,,,,,,,,,,
sft_text_combined_qwen3_8b_it_0307_190324,9400,0.11921422277509977,1.7038,6.2675,,2.7206294536590576,0.00019410111157437503,,,,,,,,,,,,,,,
sft_text_combined_qwen3_8b_it_0307_190324,9410,0.12025086819053543,1.7954,6.5141,,3.225935935974121,0.00019398925438613844,,,,,,,,,,,,,,,
sft_text_combined_qwen3_8b_it_0307_190324,9420,0.12128751360597108,1.7834,6.2439,,2.322641611099243,0.00019387637944180493,,,,,,,,,,,,,,,
sft_text_combined_qwen3_8b_it_0307_190324,9430,0.12232415902140673,1.6864,5.9997,,2.5869760513305664,0.00019376248796363293,,,,,,,,,,,,,,,
sft_text_combined_qwen3_8b_it_0307_190324,9440,0.12336080443684237,1.7768,6.5492,,3.3824102878570557,0.00019364758118488838,,,,,,,,,,,,,,,
sft_text_combined_qwen3_8b_it_0307_190324,9450,0.12439744985227803,1.7144,6.1904,,2.4484827518463135,0.00019353166034983136,,,,,,,,,,,,,,,
sft_text_combined_qwen3_8b_it_0307_190324,9460,0.12543409526771368,1.687,6.0827,,3.072021722793579,0.00019341472671370258,,,,,,,,,,,,,,,
sft_text_combined_qwen3_8b_it_0307_190324,9470,0.12647074068314934,1.7607,6.477,,2.2671072483062744,0.00019329678154270973,,,,,,,,,,,,,,,
sft_text_combined_qwen3_8b_it_0307_190324,9480,0.12750738609858497,1.7907,6.1984,,1.6899304389953613,0.0001931778261140139,,,,,,,,,,,,,,,
sft_text_combined_qwen3_8b_it_0307_190324,9490,0.12854403151402063,1.6571,6.3336,,3.378459930419922,0.00019305786171571566,,,,,,,,,,,,,,,
sft_text_combined_qwen3_8b_it_0307_190324,9500,0.12958067692945627,1.6673,6.1863,,2.5617408752441406,0.0001929368896468412,,,,,,,,,,,,,,,
sft_text_combined_qwen3_8b_it_0307_190324,9500,0.12958067692945627,1.4343,,1.2656197547912598,,,,,,,,,,,,,,,,,
sft_text_combined_qwen3_8b_it_0307_190324,9510,0.13061732234489193,1.6233,5.9096,,3.0288360118865967,0.00019281491121732805,,,,,,,,,,,,,,,
sft_text_combined_qwen3_8b_it_0307_190324,9520,0.1316539677603276,1.7255,6.5503,,2.610037088394165,0.0001926919277480112,,,,,,,,,,,,,,,
sft_text_combined_qwen3_8b_it_0307_190324,9530,0.13269061317576322,1.8468,6.2237,,2.1927504539489746,0.00019256794057060856,,,,,,,,,,,,,,,
sft_text_combined_qwen3_8b_it_0307_190324,9540,0.13372725859119888,1.559,6.0313,,3.0821070671081543,0.0001924429510277067,,,,,,,,,,,,,,,
sft_text_combined_qwen3_8b_it_0307_190324,9550,0.13476390400663454,1.8581,6.508,,2.3272628784179688,0.00019231696047274612,,,,,,,,,,,,,,,
sft_text_combined_qwen3_8b_it_0307_190324,9560,0.13580054942207018,1.5977,6.0514,,2.3728837966918945,0.0001921899702700068,,,,,,,,,,,,,,,
sft_text_combined_qwen3_8b_it_0307_190324,9570,0.13683719483750584,1.667,6.4683,,2.755319356918335,0.00019206198179459331,,,,,,,,,,,,,,,
sft_text_combined_qwen3_8b_it_0307_190324,9580,0.13787384025294147,1.8493,6.3389,,2.6528947353363037,0.00019193299643241996,,,,,,,,,,,,,,,
sft_text_combined_qwen3_8b_it_0307_190324,9590,0.13891048566837713,1.6236,5.9783,,2.9658432006835938,0.0001918030155801957,,,,,,,,,,,,,,,
sft_text_combined_qwen3_8b_it_0307_190324,9600,0.1399471310838128,1.7636,6.5625,,2.4121768474578857,0.0001916720406454092,,,,,,,,,,,,,,,
sft_text_combined_qwen3_8b_it_0307_190324,9610,0.14098377649924843,1.7589,6.0894,,1.9549345970153809,0.0001915400730463134,,,,,,,,,,,,,,,
sft_text_combined_qwen3_8b_it_0307_190324,9620,0.1420204219146841,1.6945,6.3322,,3.5272161960601807,0.00019140711421191027,,,,,,,,,,,,,,,
sft_text_combined_qwen3_8b_it_0307_190324,9630,0.14305706733011972,1.6746,6.3071,,2.4691216945648193,0.0001912731655819353,,,,,,,,,,,,,,,
sft_text_combined_qwen3_8b_it_0307_190324,9640,0.14409371274555538,1.6432,5.9265,,2.3924787044525146,0.00019113822860684186,,,,,,,,,,,,,,,
sft_esm3_mlp_thinking_qwen3_8b_it_0309_115011,10,0.0010366454154356502,2.6295,11.5946,,4.966612815856934,1.8e-05,,,,,,,,,,,,,,,
sft_esm3_mlp_thinking_qwen3_8b_it_0309_115011,20,0.0020732908308713003,1.8411,7.8605,,1.9355137348175049,3.8e-05,,,,,,,,,,,,,,,
sft_esm3_mlp_thinking_qwen3_8b_it_0309_115011,30,0.0031099362463069507,1.6679,6.3996,,2.139371395111084,5.8e-05,,,,,,,,,,,,,,,
sft_esm3_mlp_thinking_qwen3_8b_it_0309_115011,40,0.004146581661742601,1.5642,5.7288,,1.370601773262024,7.800000000000001e-05,,,,,,,,,,,,,,,
sft_esm3_mlp_thinking_qwen3_8b_it_0309_115011,50,0.005183227077178251,1.3491,5.1316,,1.1848726272583008,9.8e-05,,,,,,,,,,,,,,,
sft_esm3_mlp_thinking_qwen3_8b_it_0309_115011,60,0.0062198724926139015,1.3099,4.928,,1.2597469091415405,0.000118,,,,,,,,,,,,,,,
sft_esm3_mlp_thinking_qwen3_8b_it_0309_115011,70,0.007256517908049552,1.3004,4.6509,,1.6564794778823853,0.000138,,,,,,,,,,,,,,,
sft_esm3_mlp_thinking_qwen3_8b_it_0309_115011,80,0.008293163323485201,1.1911,4.3504,,1.8595935106277466,0.00015800000000000002,,,,,,,,,,,,,,,
sft_esm3_mlp_thinking_qwen3_8b_it_0309_115011,90,0.009329808738920852,1.1986,4.2773,,1.1554720401763916,0.00017800000000000002,,,,,,,,,,,,,,,
sft_esm3_mlp_thinking_qwen3_8b_it_0309_115011,100,0.010366454154356502,1.1849,4.0657,,2.3487679958343506,0.00019800000000000002,,,,,,,,,,,,,,,
sft_esm3_mlp_thinking_qwen3_8b_it_0309_115011,110,0.011403099569792153,1.0711,3.8439,,1.6249364614486694,0.00019999995194549538,,,,,,,,,,,,,,,
sft_esm3_mlp_thinking_qwen3_8b_it_0309_115011,120,0.012439744985227803,1.0281,3.8491,,1.4116296768188477,0.00019999978583121766,,,,,,,,,,,,,,,
sft_esm3_mlp_thinking_qwen3_8b_it_0309_115011,130,0.013476390400663453,1.0558,3.527,,1.6062469482421875,0.0001999995010640984,,,,,,,,,,,,,,,
sft_esm3_mlp_thinking_qwen3_8b_it_0309_115011,140,0.014513035816099104,1.0166,3.5858,,1.6598185300827026,0.00019999909764447553,,,,,,,,,,,,,,,
sft_esm3_mlp_thinking_qwen3_8b_it_0309_115011,150,0.015549681231534754,0.9589,3.4265,,1.5985668897628784,0.0001999985755728277,,,,,,,,,,,,,,,
sft_esm3_mlp_thinking_qwen3_8b_it_0309_115011,160,0.016586326646970403,0.9475,3.2414,,1.6490046977996826,0.00019999793484977435,,,,,,,,,,,,,,,
sft_esm3_mlp_thinking_qwen3_8b_it_0309_115011,170,0.017622972062406053,0.9771,3.2927,,1.6970088481903076,0.00019999717547607574,,,,,,,,,,,,,,,
sft_esm3_mlp_thinking_qwen3_8b_it_0309_115011,180,0.018659617477841704,1.0517,3.2818,,1.9622541666030884,0.00019999629745263287,,,,,,,,,,,,,,,
sft_esm3_mlp_thinking_qwen3_8b_it_0309_115011,190,0.019696262893277354,0.8372,3.0705,,1.785292625427246,0.00019999530078048755,,,,,,,,,,,,,,,
sft_esm3_mlp_thinking_qwen3_8b_it_0309_115011,200,0.020732908308713004,0.9406,3.1368,,2.0323984622955322,0.00019999418546082237,,,,,,,,,,,,,,,
sft_esm3_mlp_thinking_qwen3_8b_it_0309_115011,210,0.021769553724148655,0.9325,3.0429,,1.7103289365768433,0.00019999295149496064,,,,,,,,,,,,,,,
sft_esm3_mlp_thinking_qwen3_8b_it_0309_115011,220,0.022806199139584305,0.8304,2.9751,,1.763675332069397,0.00019999159888436658,,,,,,,,,,,,,,,
sft_esm3_mlp_thinking_qwen3_8b_it_0309_115011,230,0.023842844555019956,0.9379,3.0292,,1.7421860694885254,0.00019999012763064505,,,,,,,,,,,,,,,
sft_esm3_mlp_thinking_qwen3_8b_it_0309_115011,240,0.024879489970455606,0.7413,2.8083,,1.9089879989624023,0.00019998853773554176,,,,,,,,,,,,,,,
sft_esm3_mlp_thinking_qwen3_8b_it_0309_115011,250,0.025916135385891256,0.8638,2.9524,,1.8586214780807495,0.00019998682920094318,,,,,,,,,,,,,,,
sft_esm3_mlp_thinking_qwen3_8b_it_0309_115011,250,0.025916135385891256,0.9815,,0.7283903956413269,,,,,,,,,,,,,,,,,
sft_esm3_mlp_thinking_qwen3_8b_it_0309_115011,260,0.026952780801326907,0.8663,2.9221,,1.5092830657958984,0.00019998500202887651,,,,,,,,,,,,,,,
sft_esm3_mlp_thinking_qwen3_8b_it_0309_115011,270,0.027989426216762557,0.7565,2.7655,,1.8638235330581665,0.00019998305622150975,,,,,,,,,,,,,,,
sft_esm3_mlp_thinking_qwen3_8b_it_0309_115011,280,0.029026071632198207,0.8513,2.7641,,1.5871076583862305,0.00019998099178115172,,,,,,,,,,,,,,,
sft_esm3_mlp_thinking_qwen3_8b_it_0309_115011,290,0.030062717047633858,0.7146,2.664,,1.86000657081604,0.00019997880871025183,,,,,,,,,,,,,,,
sft_esm3_mlp_thinking_qwen3_8b_it_0309_115011,300,0.03109936246306951,0.8581,2.8242,,1.8971779346466064,0.00019997650701140046,,,,,,,,,,,,,,,
sft_esm3_mlp_thinking_qwen3_8b_it_0309_115011,310,0.03213600787850516,0.8947,2.7821,,1.708448052406311,0.00019997408668732857,,,,,,,,,,,,,,,
sft_esm3_mlp_thinking_qwen3_8b_it_0309_115011,320,0.033172653293940806,0.7167,2.5662,,1.7718291282653809,0.00019997154774090804,,,,,,,,,,,,,,,
sft_esm3_mlp_thinking_qwen3_8b_it_0309_115011,330,0.03420929870937646,0.857,2.6811,,1.9089165925979614,0.00019996889017515133,,,,,,,,,,,,,,,
sft_esm3_mlp_thinking_qwen3_8b_it_0309_115011,340,0.035245944124812106,0.7864,2.7118,,1.3868979215621948,0.00019996611399321178,,,,,,,,,,,,,,,
sft_esm3_mlp_thinking_qwen3_8b_it_0309_115011,350,0.03628258954024776,0.7817,2.5662,,1.5989271402359009,0.00019996321919838334,,,,,,,,,,,,,,,
sft_esm3_mlp_thinking_qwen3_8b_it_0309_115011,360,0.03731923495568341,0.8386,2.7032,,1.5566775798797607,0.00019996020579410084,,,,,,,,,,,,,,,
sft_esm3_mlp_thinking_qwen3_8b_it_0309_115011,370,0.03835588037111906,0.6503,2.5456,,1.7936657667160034,0.0001999570737839398,,,,,,,,,,,,,,,
sft_esm3_mlp_thinking_qwen3_8b_it_0309_115011,380,0.03939252578655471,0.8122,2.6202,,2.055783271789551,0.00019995382317161635,,,,,,,,,,,,,,,
sft_esm3_mlp_thinking_qwen3_8b_it_0309_115011,390,0.04042917120199036,0.8242,2.5365,,1.8732026815414429,0.00019995045396098754,,,,,,,,,,,,,,,
sft_esm3_mlp_thinking_qwen3_8b_it_0309_115011,400,0.04146581661742601,0.6989,2.5279,,1.6414071321487427,0.000199946966156051,,,,,,,,,,,,,,,
sft_esm3_mlp_thinking_qwen3_8b_it_0309_115011,410,0.04250246203286166,0.7877,2.5968,,1.4338245391845703,0.00019994335976094508,,,,,,,,,,,,,,,
sft_esm3_mlp_thinking_qwen3_8b_it_0309_115011,420,0.04353910744829731,0.8212,2.4318,,1.8031156063079834,0.00019993963477994898,,,,,,,,,,,,,,,
sft_esm3_mlp_thinking_qwen3_8b_it_0309_115011,430,0.04457575286373296,0.7372,2.567,,1.8317577838897705,0.00019993579121748242,,,,,,,,,,,,,,,
sft_esm3_mlp_thinking_qwen3_8b_it_0309_115011,440,0.04561239827916861,0.8424,2.4681,,1.3132637739181519,0.0001999318290781059,,,,,,,,,,,,,,,
sft_esm3_mlp_thinking_qwen3_8b_it_0309_115011,450,0.04664904369460426,0.6749,2.4162,,1.7783781290054321,0.00019992774836652066,,,,,,,,,,,,,,,
sft_esm3_mlp_thinking_qwen3_8b_it_0309_115011,460,0.04768568911003991,0.8253,2.4692,,1.7178584337234497,0.00019992354908756862,,,,,,,,,,,,,,,
sft_esm3_mlp_thinking_qwen3_8b_it_0309_115011,470,0.04872233452547556,0.7705,2.4149,,1.3842302560806274,0.00019991923124623227,,,,,,,,,,,,,,,
sft_esm3_mlp_thinking_qwen3_8b_it_0309_115011,480,0.04975897994091121,0.6694,2.4291,,1.5998705625534058,0.00019991479484763493,,,,,,,,,,,,,,,
sft_esm3_mlp_thinking_qwen3_8b_it_0309_115011,490,0.05079562535634686,0.8001,2.4671,,1.39662766456604,0.0001999102398970405,,,,,,,,,,,,,,,
sft_esm3_mlp_thinking_qwen3_8b_it_0309_115011,500,0.05183227077178251,0.6338,2.2668,,1.641344428062439,0.00019990556639985362,,,,,,,,,,,,,,,
sft_esm3_mlp_thinking_qwen3_8b_it_0309_115011,500,0.05183227077178251,0.8302,,0.6131405234336853,,,,,,,,,,,,,,,,,
grpo_proteinlm_mlp_sft_qwen3_8b_it_0311_091513,5,,,,,,,0.727812510728836,1.100000023841858,0.11000000014901161,0.4355925127863884,-0.03437335221096873,0.0,0.8551994860172272,0.0,9.175,0.06843750000000001,,,,,
grpo_proteinlm_mlp_sft_qwen3_8b_it_0311_091513,10,,,,,,,0.549687510728836,1.0000000216066838,0.030000000447034835,0.43141473196446894,0.03256682427600026,0.0,0.7099333226680755,0.0,8.5,0.06843750000000001,,,,,
grpo_proteinlm_mlp_sft_qwen3_8b_it_0311_091513,15,,,,,,,0.6828125268220901,1.100000023841858,0.05000000074505806,0.4804050400853157,-0.0019400751334615052,0.0,0.6858827471733093,0.0,8.0,0.07343750000000003,,,,,
grpo_proteinlm_mlp_sft_qwen3_8b_it_0311_091513,20,,,,,,,0.7046875178813934,1.100000023841858,0.010000000149011612,0.48337769508361816,0.004489363636821508,0.0,0.7110560417175293,0.0,8.275,0.06718750000000002,,,,,
grpo_proteinlm_mlp_sft_qwen3_8b_it_0311_091513,25,,,,,,,0.6928125143051147,1.100000023841858,0.030000000447034835,0.465427166223526,-0.008460577670484781,0.0,0.8857294797897339,0.0,8.8,0.08031250000000004,,,,,
grpo_proteinlm_mlp_sft_qwen3_8b_it_0311_091513,30,,,,,,,0.7542968671768904,1.100000023841858,0.012500000186264515,0.4193226620554924,-0.030390163243282586,0.0,0.8662036806344986,0.0,8.875,0.07070312500000003,,,,,
grpo_proteinlm_mlp_sft_qwen3_8b_it_0311_091513,35,,,,,,,0.5931250035762787,1.0000000216066838,0.13000000268220901,0.4059326507151127,0.011130652111023664,0.0,0.8549425840377808,0.0,8.375,0.06812500000000002,,,,,
grpo_proteinlm_mlp_sft_qwen3_8b_it_0311_091513,40,,,,,,,0.6859375238418579,1.100000023841858,0.5,0.25402454659342766,-0.011080884607508779,0.0,0.46893545985221863,0.0,8.0,0.06093750000000002,,,,,
grpo_proteinlm_mlp_sft_qwen3_8b_it_0311_091513,45,,,,,,,0.5246875017881394,1.0900000214576722,0.1,0.42612701617181303,-0.0026305797742679714,0.0,0.8445891976356507,0.0,11.575,0.06531250000000002,,,,,
grpo_proteinlm_mlp_sft_qwen3_8b_it_0311_091513,50,,,,,,,0.640000008046627,1.100000023841858,0.11000000014901161,0.4055672589689493,-0.00605986756272614,0.0,0.8316542148590088,0.0,8.15,0.07125000000000001,,,,,
grpo_proteinlm_mlp_sft_qwen3_8b_it_0311_091513,55,,,,,,,0.6354166890184084,1.100000023841858,0.016666666915019352,0.45256104568640393,-0.005282886423325787,0.0,0.770895779132843,0.0,9.208333333333334,0.07291666666666669,,,,,
grpo_proteinlm_mlp_sft_qwen3_8b_it_0311_091513,60,,,,,,,0.6821875244379043,1.100000023841858,0.0,0.47091381549835204,-0.013817504001781344,0.0,0.9178318500518798,0.0,8.075,0.07906250000000004,,,,,
grpo_proteinlm_mlp_sft_qwen3_8b_it_0311_091513,65,,,,,,,0.5840625166893005,1.100000023841858,0.010000000149011612,0.47641404867172243,0.0028197014704346656,0.0,0.8330117225646972,0.0,7.925,0.08093750000000002,,,,,
grpo_proteinlm_mlp_sft_qwen3_8b_it_0311_091513,70,,,,,,,0.6687500044703484,1.100000023841858,0.15000000074505807,0.41431931406259537,-0.004685228457674384,0.0,0.8315402865409851,0.0,8.45,0.07500000000000002,,,,,
grpo_proteinlm_mlp_sft_qwen3_8b_it_0311_091513,75,,,,,,,0.7009375214576721,1.100000023841858,0.04000000059604645,0.4692617982625961,-0.016796445264481007,0.0,0.8477360248565674,0.0,8.8,0.07906250000000004,,,,,
grpo_proteinlm_mlp_sft_qwen3_8b_it_0311_091513,80,,,,,,,0.7359375134110451,1.100000023841858,0.02500000037252903,0.4586307629942894,-0.012371647986583412,0.0,0.7916443049907684,0.0,7.8125,0.07187500000000002,,,,,
grpo_proteinlm_mlp_sft_qwen3_8b_it_0311_091513,85,,,,,,,0.6853125244379044,1.100000023841858,0.12000000029802323,0.4452185247093439,-0.011920585855841636,0.0,0.8822356104850769,0.0,7.7,0.07906250000000005,,,,,
grpo_proteinlm_mlp_sft_qwen3_8b_it_0311_091513,90,,,,,,,0.7515625149011612,1.100000023841858,0.25000000074505807,0.3843445468693972,0.007284511090256273,0.0,0.868581223487854,0.0,8.925,0.08281250000000004,,,,,
grpo_proteinlm_mlp_sft_qwen3_8b_it_0311_091513,95,,,,,,,0.6425781399011612,1.100000023841858,0.037500000558793545,0.4730662666261196,0.003478126716800034,0.0,0.8730537742376328,0.0,8.6875,0.08007812500000003,,,,,
grpo_proteinlm_mlp_sft_qwen3_8b_it_0311_091513,100,,,,,,,0.682187519967556,1.0000000216066838,0.13000000044703483,0.3613438710570335,-0.0008400680962949991,0.0,0.8348494410514832,0.0,7.925,0.07906250000000004,,,,,
grpo_proteinlm_mlp_sft_qwen3_8b_it_0311_091513,105,,,,,,,0.6015625298023224,1.100000023841858,0.05000000074505806,0.5103750228881836,0.007079508155584335,0.0,0.9999991059303284,0.0,8.0,0.08593750000000003,,,,,
grpo_proteinlm_mlp_sft_qwen3_8b_it_0311_091513,110,,,,,,,0.6449999988079071,1.100000023841858,0.11000000014901161,0.4447839893400669,-0.003960622847080231,0.0,0.8406438708305359,0.0,9.025,0.07625000000000004,,,,,
grpo_proteinlm_mlp_sft_qwen3_8b_it_0311_091513,115,,,,,,,0.5681250125169754,1.100000023841858,0.020000000298023225,0.47128157317638397,-0.011637968511786312,0.0,0.8055814981460572,0.0,16.025,0.07437500000000002,,,,,
grpo_proteinlm_mlp_sft_qwen3_8b_it_0311_091513,120,,,,,,,0.7739583353201548,1.100000023841858,0.06666666766007741,0.4459829280773799,0.014878806890919805,0.0,0.9034775892893473,0.0,9.666666666666666,0.08645833333333337,,,,,
grpo_proteinlm_mlp_sft_qwen3_8b_it_0311_091513,125,,,,,,,0.6725000262260437,1.100000023841858,0.030000000447034835,0.477260422706604,0.009931313060224056,0.0,0.9619734048843384,0.0,12.125,0.08500000000000003,,,,,
grpo_proteinlm_mlp_sft_qwen3_8b_it_0311_091513,130,,,,,,,0.6706250131130218,1.100000023841858,0.020000000298023225,0.44184155762195587,-0.007604394992813468,0.0,0.8019142508506775,0.0,8.75,0.08000000000000003,,,,,
grpo_structure_mlp_sft_qwen3_8b_it_0312_011859,5,,,,,,,0.5183518171310425,1.029790711402893,0.10631928395239357,0.2586595803499222,-0.5742730095982551,0.0,2.8886131708816263e-09,1.0,83.95,0.06125000000000004,74.81550000000001,0.29875000000000007,0.07069556647750704,0.08765624999999999,
grpo_structure_mlp_sft_qwen3_8b_it_0312_011859,10,,,,,,,0.5822423666715622,1.0363764643669129,0.11358499533234863,0.26804394349455835,-0.7729952350258827,0.0,3.5040819579279512e-09,0.9999999284744263,86.325,0.06671875000000002,79.03025,0.32625000000000015,0.08474237245089397,0.10453124999999999,
grpo_structure_mlp_sft_qwen3_8b_it_0312_011859,15,,,,,,,0.5849887952208519,1.0710183888673783,0.10947900200520229,0.2746435604989529,-0.8412836998701095,0.0,1.3294916834105663e-09,0.9999999284744263,79.0,0.06390625000000001,78.77600000000001,0.3271875000000001,0.08514504474168291,0.10874999999999999,
grpo_structure_mlp_sft_qwen3_8b_it_0312_011859,20,,,,,,,0.6205198720097542,1.076043352484703,0.18135628513700794,0.2719832964241505,-0.5875926420092583,0.0,2.1584638076888042e-09,0.9999999761581421,78.25,0.06765625,79.3255,0.34906250000000016,0.09411363263555655,0.10968749999999998,
grpo_structure_mlp_sft_qwen3_8b_it_0312_011859,25,,,,,,,0.5815486684441566,1.067223733663559,0.07754083015024663,0.2913897715508938,-1.004653650522232,0.0,2.883664174113676e-09,0.9999999642372132,91.525,0.06531250000000002,80.4795,0.3259375000000001,0.08482990829466615,0.10546875,
grpo_structure_mlp_sft_qwen3_8b_it_0312_011859,30,,,,,,,0.6161403119564056,1.0751155376434327,0.09493840243667365,0.27649512588977815,-1.107549388706684,0.0,1.7410740960066563e-09,1.0,81.925,0.06656250000000002,80.9355,0.3465625000000001,0.09004656127293705,0.11296874999999995,
grpo_structure_mlp_sft_qwen3_8b_it_0312_011859,35,,,,,,,0.5853317692875862,1.082143422961235,0.07044545211829245,0.31332884505391123,-1.0206551477313042,0.0,2.7495715149150612e-09,0.9999999284744263,93.25,0.06578125000000001,80.66499999999999,0.31187500000000007,0.09564427238009748,0.11203124999999999,
grpo_structure_mlp_sft_qwen3_8b_it_0312_011859,40,,,,,,,0.5743788942694664,1.0572052657604218,0.09016842647006343,0.28343304619193077,-1.412232431024313,0.0,2.728164782972442e-09,1.0000000238418578,89.8,0.061093750000000016,80.89225,0.3265625000000001,0.08031638490855988,0.10640625,
grpo_structure_mlp_sft_qwen3_8b_it_0312_011859,45,,,,,,,0.5967011988162995,1.0473598927259444,0.09623006135225295,0.27032439336180686,-0.9213242694735527,0.0,1.8400648116312368e-09,0.9999999761581421,85.45,0.0665625,78.75399999999999,0.3268750000000001,0.08935744316347598,0.11390624999999999,
grpo_structure_mlp_sft_qwen3_8b_it_0312_011859,50,,,,,,,0.6003770843148232,1.0728377759456635,0.15636214166879653,0.2664785698056221,-0.9926099520176649,0.0,2.372344010126426e-09,0.9999999642372132,82.725,0.0684375,80.48874999999998,0.34250000000000014,0.09240833728932009,0.09703124999999999,
grpo_structure_mlp_sft_qwen3_8b_it_0312_011859,55,,,,,,,0.5984720557928085,1.0791550934314729,0.06611730027943849,0.2862871453166008,-1.2236744970083238,0.0,1.9674627038668293e-09,1.0,81.125,0.0675,79.72975000000002,0.3343750000000001,0.09206581746420416,0.10453124999999996,
grpo_structure_mlp_sft_qwen3_8b_it_0312_011859,60,,,,,,,0.5616423450410366,1.065490436553955,0.0972158051095903,0.2830186761915684,-1.0624597042798996,0.0,3.0131019013168724e-09,0.7999999761581421,93.075,0.061562500000000006,81.82124999999999,0.32093750000000015,0.08164234269760731,0.0975,
grpo_structure_mlp_sft_qwen3_8b_it_0312_011859,65,,,,,,,0.5933947190642357,1.0782757699489594,0.10513640642166137,0.28397185131907465,-1.314101940393448,0.0,2.381046648736174e-09,0.9999999165534973,87.525,0.06281250000000002,82.6545,0.3456250000000002,0.08370722537498756,0.10125000000000002,
grpo_structure_mlp_sft_qwen3_8b_it_0312_011859,70,,,,,,,0.5870687261223793,1.0766791254281998,0.12089552935212851,0.28449028804898263,-1.207991649210453,0.0,1.8368461807138915e-09,0.9999999880790711,87.475,0.06546875000000002,78.93475,0.3300000000000002,0.08753747403300595,0.10406249999999997,
grpo_structure_mlp_sft_qwen3_8b_it_0312_011859,75,,,,,,,0.5999843031167984,1.0732469737529755,0.09169943404108523,0.2714192748069763,-1.1077567622065545,0.0,2.942075694178925e-09,0.9999999880790711,85.575,0.06984375000000001,80.4275,0.33656250000000015,0.08670304986368985,0.10687499999999998,
grpo_structure_mlp_sft_qwen3_8b_it_0312_011859,80,,,,,,,0.6064052015542984,1.0832112967967986,0.10657969521125779,0.29788771346211435,-1.304894521087408,0.0,2.1365917368676435e-09,0.9999999284744263,86.325,0.06843750000000001,79.30949999999999,0.32531250000000006,0.09640520711438388,0.11625,
grpo_structure_mlp_sft_qwen3_8b_it_0312_011859,85,,,,,,,0.5367129936814308,1.066190692782402,0.07059335676021875,0.2870049148797989,-0.7646876752376557,0.0,1.306322172656138e-09,0.9999999642372132,87.275,0.06140625000000003,79.9795,0.30468750000000006,0.08015049070240932,0.09046874999999997,
grpo_structure_mlp_sft_qwen3_8b_it_0312_011859,90,,,,,,,0.5333277150988579,1.0467557519674302,0.07195628380896153,0.28858036994934083,-1.2091928102076053,0.0,1.465759014163126e-09,0.9999999523162841,89.525,0.064375,78.86525,0.29406250000000006,0.0820777136671972,0.09281249999999999,
grpo_structure_text_sft_qwen3_8b_it_0311_142908,5,,,,,,,0.3205782353878021,0.956227570772171,0.0,0.21681299805641174,0.3444270703941584,0.0,0.9999998807907104,0.0,48.25,0.00140625,74.8155,0.24843749999999992,0.01870322769526953,0.05203124999999999,
grpo_structure_text_sft_qwen3_8b_it_0311_142908,10,,,,,,,0.4481637865304947,0.9805449068546295,0.0,0.23879548907279968,-0.23892558068037034,0.0,0.9999999165534973,0.0,48.125,0.00015625,79.03025,0.3012499999999999,0.060976286643029745,0.08578124999999999,
grpo_structure_text_sft_qwen3_8b_it_0311_142908,15,,,,,,,0.5503070235252381,0.9982588350772857,0.052363411171882035,0.25710233896970747,-0.22237193807959557,0.0,0.9999996542930603,0.0,37.475,0.0,78.776,0.32906249999999976,0.10733827678946015,0.11390625000000001,
grpo_structure_text_sft_qwen3_8b_it_0311_142908,20,,,,,,,0.6035640180110932,0.9989454030990601,0.09092716582758839,0.25807261615991595,-0.09592175111174583,0.0,0.9999995112419129,0.0,33.325,0.0,79.32550000000002,0.34781249999999975,0.12309527515339176,0.13265624999999998,
grpo_structure_text_sft_qwen3_8b_it_0311_142908,25,,,,,,,0.6757374405860901,0.9976834833621979,0.2236788266220306,0.26634067893028257,-0.1043758787214756,0.0,0.9999994277954102,0.0,32.9,0.00015625,80.47949999999994,0.3528124999999997,0.15683117895917353,0.16593750000000004,
grpo_structure_text_sft_qwen3_8b_it_0311_142908,30,,,,,,,0.6975743174552917,0.9995553910732269,0.26558138978653006,0.2645357444882393,-0.03339824452996254,0.0,0.9107328534126282,0.0,33.175,0.00015625,80.9355,0.3590624999999997,0.1733555697445956,0.1650000000000001,
grpo_structure_text_sft_qwen3_8b_it_0311_142908,35,,,,,,,0.7425214529037476,1.0204424738883973,0.36805013516682267,0.2526088897138834,0.016850753873586654,0.0,0.9889432072639466,0.0,33.6,0.0034374999999999996,80.66499999999998,0.3496874999999997,0.18924019722287055,0.20015625000000012,
grpo_structure_text_sft_qwen3_8b_it_0311_142908,40,,,,,,,0.7650396049022674,1.0541544198989867,0.36824271231889727,0.23681244924664496,0.011178485862910748,0.0,0.9817412495613098,0.0,35.9,0.06218749999999995,80.89225000000002,0.3449999999999997,0.18628960150274596,0.17156250000000012,
grpo_structure_text_sft_qwen3_8b_it_0311_142908,45,,,,,,,0.8172617673873901,1.0934343934059143,0.40488155707716944,0.23297012969851494,-0.031061239261180162,0.0,0.945140790939331,0.0,36.1,0.09984374999999987,78.75399999999999,0.34999999999999964,0.19491802373174322,0.1725000000000001,
grpo_structure_text_sft_qwen3_8b_it_0311_142908,50,,,,,,,0.8839018702507019,1.0920777440071106,0.45503837168216704,0.1869061827659607,-0.04119796231389046,0.0,0.9999993801116943,0.0,35.95,0.09999999999999988,80.48874999999998,0.3699999999999996,0.2010893750577228,0.21281250000000015,
grpo_structure_text_sft_qwen3_8b_it_0311_142908,55,,,,,,,0.8204469323158264,1.0942684054374694,0.37581791579723356,0.21989460811018943,-0.008288434101268649,0.0,0.9999992966651916,0.0,35.95,0.09999999999999988,79.72975,0.3499999999999997,0.18482192866566038,0.18562500000000012,
grpo_structure_text_sft_qwen3_8b_it_0311_142908,60,,,,,,,0.9333379447460175,1.0997166156768798,0.5089869260787964,0.16014964394271375,-0.007643648143857718,0.0,0.9999993443489075,0.0,35.875,0.09999999999999988,81.82124999999999,0.3649999999999996,0.21661920477651822,0.25171875000000027,
grpo_structure_text_sft_qwen3_8b_it_0311_142908,65,,,,,,,0.9535457193851471,1.099786639213562,0.478522926568985,0.1860110193490982,-0.034863559436053036,0.0,0.9999993324279786,0.0,35.975,0.09999999999999988,82.65450000000001,0.38499999999999956,0.22948321919218873,0.23906250000000023,
grpo_structure_text_sft_qwen3_8b_it_0311_142908,70,,,,,,,0.8788506329059601,1.0971688508987427,0.425751331448555,0.20552027300000192,-0.010974653856828808,0.0,0.9999993324279786,0.0,35.9,0.09999999999999988,78.93475000000001,0.3449999999999997,0.20697564502900828,0.22687500000000022,
grpo_structure_text_sft_qwen3_8b_it_0311_142908,75,,,,,,,0.8951194047927856,1.0989878177642822,0.46822153627872465,0.21382777914404869,-0.0030560864135622976,0.0,0.9637675762176514,0.0,35.9,0.09999999999999988,80.42749999999997,0.3649999999999996,0.2051194002004923,0.22500000000000023,
grpo_structure_text_sft_qwen3_8b_it_0311_142908,80,,,,,,,0.8179821193218231,1.0954044818878175,0.3532915830612183,0.2935350313782692,0.01568143875338137,0.0,0.9999992609024048,0.0,35.95,0.09999999999999988,79.30949999999999,0.34499999999999964,0.19063837874622663,0.1823437500000001,
grpo_structure_text_sft_qwen3_8b_it_0311_142908,85,,,,,,,0.8736308813095093,1.0797052025794982,0.47298563122749326,0.18361981436610222,-0.0032187959412112834,0.0,0.9746633052825928,0.0,36.025,0.09999999999999988,79.9795,0.33999999999999975,0.2147246157969494,0.21890625000000022,
grpo_structure_text_sft_qwen3_8b_it_0311_142908,90,,,,,,,0.8223563730716705,1.0857143998146057,0.4677891284227371,0.21796963308006526,0.0007890292908996344,0.0,0.982809329032898,0.0,35.925,0.09999999999999988,78.86524999999999,0.33499999999999963,0.19329385321085282,0.19406250000000014,
grpo_structure_text_sft_qwen3_8b_it_0312_032738,5,,,,,,,0.6280056893825531,1.0930547833442688,0.20243290178477763,0.2589996114373207,-0.6532966077327729,0.0,0.9999997973442077,0.0,82.375,0.08999999999999994,74.8155,0.3218749999999998,0.09800568954616044,0.11812499999999997,
grpo_structure_text_sft_qwen3_8b_it_0312_032738,10,,,,,,,0.6789233684539795,1.0982641100883483,0.2801558434963226,0.25545708239078524,-0.5098941057920456,0.0,0.9999997615814209,0.0,89.325,0.09546874999999991,79.03025,0.34624999999999967,0.1101733694439169,0.12703124999999998,
grpo_structure_text_sft_qwen3_8b_it_0312_032738,15,,,,,,,0.7077693581581116,1.0995556712150574,0.3008387856185436,0.2871477842330933,-0.409879732131958,0.0,0.9999996423721313,0.0,68.25,0.0987499999999999,78.776,0.34062499999999973,0.12964435834038837,0.13875,
grpo_structure_text_sft_qwen3_8b_it_0312_032738,20,,,,,,,0.7794802129268646,1.0984670519828796,0.3411537542939186,0.2724118873476982,-0.07397086024284363,0.0,0.8873705863952637,0.0,52.125,0.09984374999999987,79.32550000000002,0.35499999999999965,0.16526144670377566,0.1593750000000001,
grpo_structure_text_sft_qwen3_8b_it_0312_032738,25,,,,,,,0.8430836021900177,1.0999033570289611,0.45313575491309166,0.23348783887922764,-0.024343668855726718,0.0,0.7028494596481323,0.0,51.15,0.09999999999999988,80.47949999999994,0.3543749999999997,0.19323982954268318,0.19546875000000014,
grpo_structure_text_sft_qwen3_8b_it_0312_032738,30,,,,,,,0.8139556884765625,1.0960111379623414,0.3823373384773731,0.2526694245636463,-0.024845067947171628,0.0,0.716351306438446,0.0,51.0,0.09999999999999988,80.9355,0.3599999999999996,0.18426818407545967,0.16968750000000007,
grpo_structure_text_sft_qwen3_8b_it_0312_032738,35,,,,,,,0.8734918355941772,1.0977935314178466,0.4608784273266792,0.2212018720805645,-0.007249923422932625,0.0,0.9999993681907654,0.0,50.975,0.09999999999999988,80.66499999999998,0.3499999999999997,0.20411682387945293,0.21937500000000018,
grpo_structure_text_sft_qwen3_8b_it_0312_032738,40,,,,,,,0.8439237654209137,1.0952525734901428,0.4605889283120632,0.20453320890665055,-0.0020662594586610796,0.0,0.9999995231628418,0.0,50.65,0.09999999999999988,80.89225000000002,0.3449999999999997,0.18611125665185682,0.21281250000000015,
grpo_structure_text_sft_qwen3_8b_it_0312_032738,45,,,,,,,0.8258880257606507,1.09812833070755,0.4717024028301239,0.20321902632713318,0.00776205649599433,0.0,0.9999995231628418,0.0,50.3,0.09999999999999988,78.75399999999999,0.34999999999999964,0.18604428947292037,0.18984375000000014,
grpo_structure_text_sft_qwen3_8b_it_0312_032738,50,,,,,,,0.8997363805770874,1.0916430592536925,0.49367724657058715,0.18439585566520691,-0.009327232278883458,0.0,0.9999995231628418,0.0,50.4,0.09999999999999988,80.48874999999998,0.3699999999999996,0.20426763332470727,0.22546875000000025,
grpo_structure_text_sft_qwen3_8b_it_0312_032738,55,,,,,,,0.8550286889076233,1.0743555188179017,0.47514139041304587,0.19720704555511476,0.008679553796537221,0.0,0.9999993443489075,0.0,50.4,0.09999999999999988,79.72975,0.3499999999999997,0.19643494137155362,0.20859375000000022,
grpo_structure_text_sft_qwen3_8b_it_0312_032738,60,,,,,,,0.9309783041477203,1.09712815284729,0.6535090029239654,0.14107614904642105,-0.010748625919222831,0.0,0.9978970170021058,0.0,50.175,0.09999999999999988,81.82124999999999,0.3649999999999996,0.21238456932547706,0.25359375000000023,
grpo_structure_text_sft_qwen3_8b_it_0312_032738,65,,,,,,,0.9618664741516113,1.099955105781555,0.5975142300128937,0.16614002771675587,-0.006203541136346758,0.0,0.8755418419837951,0.0,50.775,0.09999999999999988,82.65450000000001,0.38499999999999956,0.23171022019516388,0.24515625000000024,
grpo_structure_text_sft_qwen3_8b_it_0312_032738,70,,,,,,,0.8762699663639069,1.0975696444511414,0.5055493049323558,0.19230901822447777,-0.01621874077245593,0.0,0.9990313053131104,0.0,50.175,0.09999999999999988,78.93475000000001,0.3449999999999997,0.20298871649862407,0.2282812500000002,
grpo_structure_text_sft_qwen3_8b_it_0312_032738,75,,,,,,,0.9047347128391265,1.0997801303863526,0.5246880739927292,0.20252586677670478,0.008977141976356507,0.0,0.9999995827674866,0.0,50.575,0.09999999999999988,80.42749999999997,0.3649999999999996,0.2095784500653099,0.23015625000000023,
grpo_structure_text_sft_qwen3_8b_it_0312_032738,80,,,,,,,0.8223267376422883,1.098543894290924,0.37709971219301225,0.2769530862569809,-0.000563306175172329,0.0,0.965418565273285,0.0,50.625,0.09999999999999988,79.30949999999999,0.34499999999999964,0.18888923128091722,0.1884375000000001,
grpo_structure_text_sft_qwen3_8b_it_0312_032738,85,,,,,,,0.8658391952514648,1.0815173447132111,0.5314181365072728,0.1828749492764473,-0.011298456182703375,0.0,0.9999993443489075,0.0,50.175,0.09999999999999988,79.9795,0.33999999999999975,0.20646418615866424,0.21937500000000018,
grpo_structure_text_sft_qwen3_8b_it_0312_032738,90,,,,,,,0.8443510711193085,1.0907023668289184,0.5651659935712814,0.18661229647696018,0.010435284581035376,0.0,0.9695541739463807,0.0,50.35,0.09999999999999988,78.86524999999999,0.33499999999999963,0.2049760647583025,0.2043750000000002,
grpo_structure_mlp_sft_frozen_mm_qwen3_8b_it_0312_101631,5,,,,,,,0.5559497132897377,1.0519546419382095,0.12524541825987398,0.24866263717412948,-0.6835427153855562,0.0,0.999999737739563,0.0,82.475,0.06500000000000002,74.81550000000001,0.3159375000000001,0.07798096650917606,0.09703124999999999,
grpo_structure_mlp_sft_frozen_mm_qwen3_8b_it_0312_101631,10,,,,,,,0.6015781201422215,1.04473537504673,0.1857539601624012,0.26494689509272573,-0.9603116691112519,0.0,0.999999725818634,0.0,89.425,0.07046875000000001,79.03025,0.3284375000000001,0.09298437392247491,0.10968749999999998,
grpo_structure_mlp_sft_frozen_mm_qwen3_8b_it_0312_101631,15,,,,,,,0.6515577256679534,1.0884185612201691,0.169408708478295,0.3080605581402779,-0.999114741384983,0.0,0.9999996542930603,0.0,82.45,0.08265625000000003,78.77600000000001,0.314375,0.12327647524606722,0.13124999999999998,
grpo_structure_mlp_sft_frozen_mm_qwen3_8b_it_0312_101631,20,,,,,,,0.7120796084403992,1.0856832027435304,0.31144341455255925,0.2853569779545069,-0.5794645475223661,0.0,0.9999994516372681,0.0,70.05,0.09125000000000007,79.3255,0.33250000000000013,0.14161086351217905,0.14671874999999995,
grpo_structure_mlp_sft_frozen_mm_qwen3_8b_it_0312_101631,25,,,,,,,0.8291709035634994,1.0657337367534638,0.5547197137027979,0.18154307706281542,-0.18279749158537015,0.0,0.5759054780006408,0.0,56.1,0.09968750000000007,80.4795,0.35468750000000027,0.1840146615547688,0.19078124999999996,
grpo_structure_mlp_sft_frozen_mm_qwen3_8b_it_0312_101631,30,,,,,,,0.8028843730688096,1.005552875995636,0.5623829312622547,0.17024859320372343,-0.018462047300999984,0.0,0.21754607558250427,0.0,52.65,0.10000000000000006,80.9355,0.3600000000000002,0.1788218604096278,0.16406249999999997,
grpo_structure_mlp_sft_frozen_mm_qwen3_8b_it_0312_101631,35,,,,,,,0.8367816239595414,1.0552841693162918,0.5908964909613132,0.2002289599273354,-0.008791029689018615,0.0,0.1346650794148445,0.0,51.65,0.10000000000000006,80.66499999999999,0.3500000000000002,0.19178161296556326,0.19499999999999992,
grpo_structure_mlp_sft_frozen_mm_qwen3_8b_it_0312_101631,40,,,,,,,0.7952513426542283,0.9849305182695389,0.5980897322297096,0.16600116044282914,0.0016365573974326253,0.0,0.06876161694526672,0.0,51.4,0.10000000000000006,80.89225,0.34500000000000014,0.18525132619637502,0.16499999999999998,
grpo_structure_mlp_sft_frozen_mm_qwen3_8b_it_0312_101631,45,,,,,,,0.7639993712306022,0.9730209961533547,0.5526192065328359,0.1935745588503778,0.00028218372899573295,0.0,0.04303624704480171,0.0,51.2,0.10000000000000006,78.75399999999999,0.35000000000000014,0.1714993741436865,0.1425,
grpo_structure_mlp_sft_frozen_mm_qwen3_8b_it_0312_101631,50,,,,,,,0.8180243775248528,0.9798466697335243,0.6574785023927688,0.15369092209730298,0.0028446898504626006,0.0,0.02165337260812521,0.0,51.15,0.10000000000000006,80.48874999999998,0.3700000000000002,0.18302438484548472,0.16499999999999998,
grpo_structure_mlp_sft_frozen_mm_qwen3_8b_it_0312_101631,55,,,,,,,0.8068027101457119,0.9670655220746994,0.6520481318235397,0.15267153255699667,0.002818971006490756,0.0,0.025319427624344824,0.0,51.05,0.10000000000000006,79.72975000000002,0.35000000000000014,0.18430270148760425,0.1725,
grpo_structure_mlp_sft_frozen_mm_qwen3_8b_it_0312_101631,60,,,,,,,0.8587989926338195,1.0592607647180556,0.6622763335704803,0.19268290810286998,0.0014894458872731775,0.0,0.020356679707765578,0.0,51.15,0.10000000000000006,81.82124999999999,0.3650000000000002,0.19879898821472125,0.19499999999999995,
grpo_structure_mlp_sft_frozen_mm_qwen3_8b_it_0312_101631,65,,,,,,,0.9392720520496368,1.0648031651973724,0.8083691045641899,0.12133076888276265,0.0004255349820596166,0.0,0.022653795778751373,0.0,51.0,0.10000000000000006,82.6545,0.3850000000000003,0.22927203533465218,0.22500000000000003,
grpo_structure_mlp_sft_frozen_mm_qwen3_8b_it_0312_101631,70,,,,,,,0.7991904824972152,0.9609859615564347,0.635022285208106,0.15676726812380365,0.0010889623078128353,0.0,0.02853955589234829,0.0,51.1,0.10000000000000006,78.93475,0.34500000000000025,0.18169047176732558,0.17249999999999993,
grpo_structure_mlp_sft_frozen_mm_qwen3_8b_it_0312_101631,75,,,,,,,0.8203563913702965,1.019103303551674,0.6237739324569702,0.18835558639839292,0.0046387790411245074,0.0,0.01901789605617523,0.0,51.2,0.10000000000000006,80.4275,0.36500000000000016,0.1828563933442638,0.17249999999999993,
grpo_structure_mlp_sft_frozen_mm_qwen3_8b_it_0312_101631,80,,,,,,,0.7990268789231777,1.0052549690008163,0.5971175570040941,0.19834021554561332,0.003258310125602293,0.0,0.023553545773029327,0.0,51.15,0.10000000000000006,79.30949999999999,0.34500000000000014,0.1815268815857632,0.17249999999999996,
grpo_structure_mlp_sft_frozen_mm_qwen3_8b_it_0312_101631,85,,,,,,,0.8039838582277298,0.970042285323143,0.6342621672898531,0.1614322843728587,-0.00267018758750055,0.0,0.020062430389225484,0.0,51.05,0.10000000000000006,79.9795,0.34000000000000014,0.1839838537848027,0.18,
grpo_structure_mlp_sft_frozen_mm_qwen3_8b_it_0312_101631,90,,,,,,,0.7689200341701508,0.9246034622192383,0.6160436734557152,0.14753014179877938,0.00014409291325137019,0.0,0.01676103360950947,0.0,51.25,0.10000000000000006,78.86525,0.3350000000000002,0.16892004244564304,0.16499999999999995,
grpo_structure_mlp_sft_frozen_mm_focal_qwen3_8b_it_0312_182035,5,,,,,,,0.5131656132638455,1.006928689777851,0.10762925206217915,0.30110380668193104,-0.4600291162729263,0.0,0.9999997973442077,0.0,86.85,0.06218750000000001,74.81550000000001,0.294375,0.0761432224843573,0.09000000000000001,1.0159997452162297
grpo_structure_mlp_sft_frozen_mm_focal_qwen3_8b_it_0312_182035,10,,,,,,,0.5518653571605683,0.9501924201846123,0.19451619152207514,0.2620738197118044,-0.904880902916193,0.0,0.9999997019767761,0.0,88.65,0.07312500000000002,79.03025,0.3150000000000001,0.08752494943491299,0.10874999999999999,0.941111429399338
grpo_structure_mlp_sft_frozen_mm_focal_qwen3_8b_it_0312_182035,15,,,,,,,0.641466423869133,1.040877066552639,0.24740304615115746,0.31034570932388306,-0.988016513735056,0.0,0.9999996066093445,0.0,73.6,0.08796875,78.776,0.3343750000000001,0.11891135900389993,0.13734375000000001,0.9651644890846075
grpo_structure_mlp_sft_frozen_mm_focal_qwen3_8b_it_0312_182035,20,,,,,,,0.6725996129214764,1.0382496669888497,0.32668161695009984,0.2745787065476179,-0.44905712697654965,0.0,0.9999994277954102,0.0,65.375,0.09453125000000002,79.3255,0.35312500000000013,0.1279124824172794,0.14671874999999995,0.9702480146977696
grpo_structure_mlp_sft_frozen_mm_focal_qwen3_8b_it_0312_182035,25,,,,,,,0.6515508770942688,0.9537950159981847,0.3907585317268968,0.2330182766309008,0.03941224828595295,0.0,0.9358349561691284,0.0,57.65,0.09937500000000006,80.4795,0.35437500000000016,0.1299007944842659,0.1396875,0.949913912245121
grpo_structure_mlp_sft_frozen_mm_focal_qwen3_8b_it_0312_182035,30,,,,,,,0.7194256946444512,0.9527440018951893,0.450951336696744,0.18824208725709468,0.0409575836500153,0.0,0.8754504442214965,0.0,51.3,0.09984375000000006,80.93549999999999,0.38000000000000017,0.12901780593198336,0.15562499999999996,0.9702480146977699
grpo_structure_mlp_sft_frozen_mm_focal_qwen3_8b_it_0312_182035,35,,,,,,,0.6932766325771809,0.9325455255806446,0.46068268548697233,0.17837142848875373,0.06290064142085612,0.0,0.8543509602546692,0.0,51.225,0.10000000000000006,80.66499999999999,0.3706250000000002,0.12715013024490873,0.15140624999999994,1.0044681256093637
grpo_structure_mlp_sft_frozen_mm_focal_qwen3_8b_it_0312_182035,40,,,,,,,0.7173610415309668,0.9479557186365127,0.4579166144132614,0.19063106809044256,-0.07620955982711167,0.0,0.9843009233474731,0.0,51.55,0.10000000000000006,80.89225,0.34812500000000013,0.15760777931155828,0.17765625,0.9702480146977699
grpo_structure_mlp_sft_frozen_mm_focal_qwen3_8b_it_0312_182035,45,,,,,,,0.7032255202531814,0.9434645116329193,0.487250660546124,0.18311694343574345,-0.055557676358148456,0.0,0.938908576965332,0.0,51.35,0.10000000000000006,78.75399999999999,0.33812500000000023,0.16593110546191098,0.16031249999999997,0.9854985915372565
grpo_structure_mlp_sft_frozen_mm_focal_qwen3_8b_it_0312_182035,50,,,,,,,0.7597869068384171,0.9505548000335693,0.5157039707526565,0.16621523160429205,-0.014548682648455723,0.0,0.9999994993209839,0.0,50.95,0.09984375000000006,80.48875,0.3725000000000002,0.17186361929316263,0.18562499999999998,0.9156938013335267
grpo_structure_mlp_sft_frozen_mm_focal_qwen3_8b_it_0312_182035,55,,,,,,,0.7679165065288543,0.9008989300578832,0.5889203574508428,0.10679813485621707,-0.07535138233943144,0.0,0.9678793311119079,0.0,51.25,0.10000000000000006,79.72975,0.3781250000000002,0.16784295187749573,0.18796874999999996,0.9651644890846077
grpo_structure_mlp_sft_frozen_mm_focal_qwen3_8b_it_0312_182035,60,,,,,,,0.8113437533378601,0.9449905768036843,0.6244242502376437,0.12136820792802609,-0.046530285812332296,0.0,0.9999995350837707,0.0,51.375,0.10000000000000006,81.82124999999999,0.38625000000000026,0.18231227510988898,0.2282812499999999,0.895359698880878
grpo_structure_mlp_sft_frozen_mm_focal_qwen3_8b_it_0312_182035,65,,,,,,,0.8116117790341377,0.9263903439044953,0.5630779152736067,0.12288808322628028,-0.11907952853944152,0.0,0.9946842074394227,0.0,51.925,0.10000000000000006,82.65449999999998,0.39812500000000023,0.20456250643666865,0.2146875,0.8750255964282291
grpo_structure_mlp_sft_frozen_mm_focal_qwen3_8b_it_0312_182035,70,,,,,,,0.7794060803949833,0.8896893851459027,0.603891384229064,0.1040790340746753,-0.05200410106917843,0.0,0.9999995946884155,0.0,51.075,0.10000000000000006,78.93475,0.36250000000000016,0.18946893527403175,0.20343749999999994,1.0197187024488508
grpo_structure_mlp_sft_frozen_mm_focal_qwen3_8b_it_0312_182035,75,,,,,,,0.7729978948831558,0.8614882107824087,0.605559729784727,0.07329332968402014,-0.0487087487745157,0.0,0.973183023929596,0.0,50.775,0.10000000000000006,80.4275,0.3775000000000002,0.18122495002866348,0.19031249999999994,0.9106102757203647
grpo_structure_mlp_sft_frozen_mm_focal_qwen3_8b_it_0312_182035,80,,,,,,,0.7752231329679489,0.9125285007059574,0.6181473776698112,0.09357713258941658,-0.08313312575919554,0.0,0.9271000027656555,0.0,51.15,0.10000000000000006,79.30949999999999,0.3518750000000002,0.19143169638486596,0.2057812499999999,1.0197187024488505
grpo_structure_mlp_sft_frozen_mm_focal_qwen3_8b_it_0312_182035,85,,,,,,,0.8343725502490997,0.934683458507061,0.628077825717628,0.1063671792158857,-0.11370241238037124,0.0,0.9999994397163391,0.0,51.025,0.09984375000000006,79.9795,0.3800000000000002,0.20196789840379553,0.22546874999999997,0.9600809634714456
grpo_structure_mlp_sft_frozen_mm_focal_qwen3_8b_it_0312_182035,90,,,,,,,0.8243850596249104,0.9333943575620651,0.7058262810111046,0.07768088615448505,-0.05036748880011146,0.0,0.870922577381134,0.0,50.5,0.09968750000000007,78.86525,0.37937500000000024,0.20278573454677828,0.21234374999999991,0.9156938013335267
grpo_structure_classify_qwen3_8b_it_0312_215435,5,,,,,,,0.41111013703048227,1.08781149238348,0.005000000074505806,0.473509806394577,-0.7252828702330589,0.0,0.9999997973442077,0.0,88.3,0.06531250000000002,74.81550000000001,,,,1.0159997452162297
grpo_structure_classify_qwen3_8b_it_0312_215435,10,,,,,,,0.4301955562084913,1.0411114558577537,0.005000000074505806,0.4542985498905182,-1.027346634864807,0.0,0.9999998092651368,0.0,81.35,0.07375000000000002,79.03025,,,,0.941111429399338
grpo_structure_classify_qwen3_8b_it_0312_215435,15,,,,,,,0.5048848524689674,1.0395597487688064,0.04000000059604645,0.45132088512182233,-0.7793971434235573,0.0,0.999999713897705,0.0,81.575,0.08515624999999999,78.776,,,,0.9651644890846075
grpo_structure_classify_qwen3_8b_it_0312_215435,20,,,,,,,0.4973576419055462,1.0446432754397392,0.052500000782310964,0.41680263839662074,-1.105585109256208,0.0,0.9999996304512024,0.0,72.75,0.09187500000000001,79.3255,,,,0.9702480146977696
grpo_structure_classify_qwen3_8b_it_0312_215435,25,,,,,,,0.5933333592489362,0.9439831454306841,0.17552379369735718,0.2898623062763363,-0.4461050260812044,0.0,0.9999994397163391,0.0,59.05,0.09703125000000004,80.4795,,,,0.949913912245121
grpo_structure_classify_qwen3_8b_it_0312_215435,30,,,,,,,0.5790412472561002,0.9386289669200778,0.19802379403263332,0.2604125183075666,0.1353766517713666,0.0,0.9999993681907654,0.0,57.125,0.09953125000000006,80.93549999999999,,,,0.9702480146977699
grpo_structure_classify_qwen3_8b_it_0312_215435,35,,,,,,,0.6272430812940002,0.9182948602363468,0.3472571037709713,0.20419304706156255,-0.14030219204723834,0.0,0.9646466255187989,0.0,54.425,0.10000000000000006,80.66499999999999,,,,1.0044681256093637
grpo_structure_classify_qwen3_8b_it_0312_215435,40,,,,,,,0.5893384106457233,0.9643172521144152,0.3241523452103138,0.2345691792666912,0.005351660214364529,0.0,0.9225882649421692,0.0,53.5,0.09984375000000006,80.89225,,,,0.9702480146977699
grpo_structure_classify_qwen3_8b_it_0312_215435,45,,,,,,,0.5438801165670156,0.9281912617385387,0.2005237940698862,0.2698497589677572,-0.21403499729931355,0.0,0.9982943058013916,0.0,54.325,0.09984375000000006,78.75399999999999,,,,0.9854985915372565
grpo_structure_classify_qwen3_8b_it_0312_215435,50,,,,,,,0.6349492764100433,0.9900055373087525,0.1824190355837345,0.3507093623280525,-0.07159436214715242,0.0,0.9881879329681397,0.0,54.5,0.10000000000000006,80.48875,,,,0.9156938013335267
grpo_structure_classify_qwen3_8b_it_0312_215435,55,,,,,,,0.6270187936723233,1.0651645109057426,0.14629304520785807,0.37855440117418765,0.019865728728473187,0.0,0.9999994993209839,0.0,53.525,0.10000000000000006,79.72975,,,,0.9651644890846077
grpo_structure_classify_qwen3_8b_it_0312_215435,60,,,,,,,0.7044657312333584,0.9953597158193588,0.2211285525932908,0.3445142537355423,-0.2461714006960392,0.0,0.9999995231628418,0.0,54.675,0.09984375000000006,81.82124999999999,,,,0.895359698880878
grpo_structure_classify_qwen3_8b_it_0312_215435,65,,,,,,,0.5713953668251633,0.9493373239412903,0.14637657180428504,0.3632782451808453,0.012610941007733346,0.0,0.9999996662139893,0.0,55.25,0.09953125000000006,82.65449999999998,,,,0.8750255964282291
grpo_structure_classify_qwen3_8b_it_0312_215435,70,,,,,,,0.6764519136399031,0.9592337254434824,0.17991903554648161,0.320811453461647,-0.1034268219023943,0.0,0.9999995589256286,0.0,56.85,0.09984375000000006,78.93475,,,,1.0197187024488508
grpo_structure_classify_qwen3_8b_it_0312_215435,75,,,,,,,0.6340730078518391,0.9592337254434824,0.29052635487169026,0.28489368557929995,-0.2540610257536173,0.0,0.9999995350837707,0.0,55.05,0.09984375000000006,80.4275,,,,0.9106102757203647
grpo_structure_classify_qwen3_8b_it_0312_215435,80,,,,,,,0.6984290426597,0.9386289669200778,0.4218219593167305,0.21768709309399129,-0.01542390212416649,0.0,0.9999997735023498,0.0,54.45,0.09984375000000006,79.30949999999999,,,,1.0197187024488505
grpo_structure_classify_qwen3_8b_it_0312_215435,85,,,,,,,0.7075660366564989,0.9541501987725496,0.24931683782488107,0.2948751300573349,-0.4994962077587843,0.0,0.999999487400055,0.0,55.6,0.10000000000000006,79.9795,,,,0.9600809634714456
grpo_structure_classify_qwen3_8b_it_0312_215435,90,,,,,,,0.699509846419096,0.9643172521144152,0.34734063036739826,0.244083546474576,-0.3492060124874115,0.0,0.9999996781349182,0.0,52.8,0.09968750000000007,78.86525,,,,0.9156938013335267
grpo_structure_text_classify_qwen3_8b_it_0313_010828,5,,,,,,,0.5312316522002221,1.2264727860689164,0.010000000149011612,0.5230143159627915,-1.7048983111977578,0.0,0.9999998450279236,0.0,113.725,0.08937500000000002,74.81550000000001,,,,1.0159997452162288
grpo_structure_text_classify_qwen3_8b_it_0313_010828,10,,,,,,,0.54354602470994,1.0868631958961488,0.03500000052154064,0.47393602281808855,-0.8882713139057159,0.0,0.9999998211860657,0.0,94.425,0.09593750000000004,79.03025,,,,0.9411114293993373
grpo_structure_text_classify_qwen3_8b_it_0313_010828,15,,,,,,,0.5066800937056541,1.0665290892124175,0.0900000013411045,0.4466719821095467,-0.21543350405991077,0.0,0.9999997854232788,0.0,62.35,0.09937500000000007,78.77600000000001,,,,0.9651644890846068
grpo_structure_text_classify_qwen3_8b_it_0313_010828,20,,,,,,,0.5812733113765717,1.0766961425542831,0.10000000149011612,0.4311522409319878,-0.03369854241609573,0.0,0.9999996304512024,0.0,54.475,0.09984375000000008,79.3255,,,,0.9702480146977692
grpo_structure_text_classify_qwen3_8b_it_0313_010828,25,,,,,,,0.6617598779499531,1.0156938225030898,0.1824190355837345,0.3310647524893284,-0.0497164748609066,0.0,0.999999713897705,0.0,51.2,0.10000000000000006,80.4795,,,,0.9499139122451205
grpo_structure_text_classify_qwen3_8b_it_0313_010828,30,,,,,,,0.6414014920592308,1.0461949825286865,0.15137657187879086,0.36040286868810656,-0.004456612654030323,0.0,0.9999997735023498,0.0,50.35,0.10000000000000006,80.9355,,,,0.970248014697769
grpo_structure_text_classify_qwen3_8b_it_0313_010828,35,,,,,,,0.7342582438141108,0.9948184121400118,0.3060475867241621,0.2839219901710749,0.018649608269333838,0.0,0.999999749660492,0.0,50.2,0.10000000000000006,80.66499999999999,,,,1.0044681256093633
grpo_structure_text_classify_qwen3_8b_it_0313_010828,40,,,,,,,0.7711851641535759,1.0461949825286865,0.5120951719582081,0.22570287697017194,-0.006835218518972397,0.0,0.9999997735023498,0.0,50.525,0.10000000000000006,80.89225,,,,0.9702480146977692
grpo_structure_text_classify_qwen3_8b_it_0313_010828,45,,,,,,,0.6944343451410532,1.015152518823743,0.3574241571128368,0.294042668864131,-0.0020664721727371217,0.0,0.999999749660492,0.0,50.05,0.10000000000000006,78.75399999999999,,,,0.9854985915372557
grpo_structure_text_classify_qwen3_8b_it_0313_010828,50,,,,,,,0.8266582578420639,1.0665290892124175,0.398633674159646,0.2737024277448654,-0.032550626620650294,0.0,0.9999997854232788,0.0,50.025,0.10000000000000006,80.48874999999998,,,,0.9156938013335262
grpo_structure_text_classify_qwen3_8b_it_0313_010828,55,,,,,,,0.7188046697527171,0.9643172521144152,0.398633674159646,0.2654585536569357,-0.012323153018951417,0.0,0.9999996423721313,0.0,50.25,0.10000000000000006,79.72975000000002,,,,0.9651644890846068
grpo_structure_text_classify_qwen3_8b_it_0313_010828,60,,,,,,,0.8567475706338883,1.0461949825286865,0.6769332401454449,0.1871222585439682,-0.012106370925903321,0.0,0.9999996781349182,0.0,50.225,0.10000000000000006,81.82124999999999,,,,0.8953596988808774
grpo_structure_text_classify_qwen3_8b_it_0313_010828,65,,,,,,,0.8267295986413956,1.0156938225030898,0.4296761378645897,0.22804219238460063,-0.01132451519370079,0.0,0.9999996900558472,0.0,50.475,0.10000000000000006,82.6545,,,,0.8750255964282287
grpo_structure_text_classify_qwen3_8b_it_0313_010828,70,,,,,,,0.7428028658032417,1.0461949825286865,0.4810527082532644,0.2636440578848124,-0.004601723328232765,0.0,0.9999997854232788,0.0,49.925,0.10000000000000006,78.93475,,,,1.0197187024488499
grpo_structure_text_classify_qwen3_8b_it_0313_010828,75,,,,,,,0.823298665881157,1.056362035870552,0.5533046890050173,0.21175002083182334,-0.021513516455888747,0.0,0.999999713897705,0.0,50.325,0.10000000000000006,80.4275,,,,0.9106102757203642
grpo_structure_text_classify_qwen3_8b_it_0313_010828,80,,,,,,,0.7599634438753128,1.036027929186821,0.3574241571128368,0.28899661004543303,0.010705794021487237,0.0,0.999999713897705,0.0,50.475,0.10000000000000006,79.30949999999999,,,,1.0197187024488499
grpo_structure_text_classify_qwen3_8b_it_0313_010828,85,,,,,,,0.757938714697957,0.9948184121400118,0.398633674159646,0.262519933283329,0.002949870564043522,0.0,0.9999996662139893,0.0,49.95,0.10000000000000006,79.9795,,,,0.9600809634714448
grpo_structure_text_classify_qwen3_8b_it_0313_010828,90,,,,,,,0.7215288300067186,0.9948184121400118,0.2750051230192184,0.30383045598864555,0.0007485792040824891,0.0,0.9999996662139893,0.0,50.275,0.10000000000000006,78.86525,,,,0.9156938013335264
sft_lora_esm3_qwen3_8b_it_0225_203237,0,0.014566642388929352,4.3394,17.2888,,4.883839130401611,1.8e-05,,,,,,,,,,,,,,,
sft_lora_esm3_qwen3_8b_it_0225_203237,1,0.029133284777858703,3.8089,15.1885,,5.577815532684326,3.8e-05,,,,,,,,,,,,,,,
sft_lora_esm3_qwen3_8b_it_0225_203237,2,0.043699927166788055,3.4237,13.046,,2.6636650562286377,5.8e-05,,,,,,,,,,,,,,,
sft_lora_esm3_qwen3_8b_it_0225_203237,3,0.05826656955571741,2.9782,11.5244,,11.983203887939453,7.800000000000001e-05,,,,,,,,,,,,,,,
sft_lora_esm3_qwen3_8b_it_0225_203237,4,0.07283321194464676,2.5895,9.7727,,2.809257745742798,9.8e-05,,,,,,,,,,,,,,,
sft_lora_esm3_qwen3_8b_it_0225_203237,5,0.08739985433357611,2.6064,9.6079,,1.3703343868255615,0.000118,,,,,,,,,,,,,,,
sft_lora_esm3_qwen3_8b_it_0225_203237,6,0.10196649672250546,2.4279,8.707,,2.4102935791015625,0.000138,,,,,,,,,,,,,,,
sft_lora_esm3_qwen3_8b_it_0225_203237,7,0.11653313911143481,2.1002,7.9066,,1.7697142362594604,0.00015800000000000002,,,,,,,,,,,,,,,
sft_lora_esm3_qwen3_8b_it_0225_203237,8,0.13109978150036417,2.1849,8.2337,,1.0626862049102783,0.00017800000000000002,,,,,,,,,,,,,,,
sft_lora_esm3_qwen3_8b_it_0225_203237,9,0.14566642388929352,2.0481,7.5799,,1.1263121366500854,0.00019800000000000002,,,,,,,,,,,,,,,
sft_lora_esm3_qwen3_8b_it_0225_203237,10,0.16023306627822287,2.1073,7.8516,,1.356477975845337,0.00019998960577634193,,,,,,,,,,,,,,,
sft_lora_esm3_qwen3_8b_it_0225_203237,11,0.17479970866715222,2.2494,7.454,,0.9885070323944092,0.00019995367790078894,,,,,,,,,,,,,,,
sft_lora_esm3_qwen3_8b_it_0225_203237,12,0.18936635105608157,1.8812,7.138,,1.1119827032089233,0.00019989209726815836,,,,,,,,,,,,,,,
sft_lora_esm3_qwen3_8b_it_0225_203237,13,0.20393299344501092,2.2652,7.9398,,0.8776888251304626,0.00019980487968290127,,,,,,,,,,,,,,,
sft_lora_esm3_qwen3_8b_it_0225_203237,14,0.21849963583394028,2.0456,7.2499,,0.8276727199554443,0.0001996920475291017,,,,,,,,,,,,,,,
sft_lora_esm3_qwen3_8b_it_0225_203237,15,0.23306627822286963,1.9058,7.3071,,0.8486970663070679,0.00019955362976473192,,,,,,,,,,,,,,,
sft_lora_esm3_qwen3_8b_it_0225_203237,16,0.24763292061179898,1.9584,7.6279,,0.8255951404571533,0.00019938966191422047,,,,,,,,,,,,,,,
sft_lora_esm3_qwen3_8b_it_0225_203237,17,0.26219956300072833,1.9131,7.0361,,0.7528141140937805,0.0001992001860593348,,,,,,,,,,,,,,,
sft_lora_esm3_qwen3_8b_it_0225_203237,18,0.2767662053896577,2.0455,7.5349,,0.7407864332199097,0.00019898525082838144,,,,,,,,,,,,,,,
sft_lora_esm3_qwen3_8b_it_0225_203237,19,0.29133284777858703,2.1516,7.3868,,1.0327825546264648,0.00019874491138372537,,,,,,,,,,,,,,,
sft_lora_esm3_qwen3_8b_it_0225_203237,20,0.3058994901675164,1.8782,6.8823,,0.9794560670852661,0.000198479229407633,,,,,,,,,,,,,,,
sft_lora_esm3_qwen3_8b_it_0225_203237,21,0.32046613255644574,2.1119,7.5987,,0.8242937922477722,0.00019818827308644164,,,,,,,,,,,,,,,
sft_lora_esm3_qwen3_8b_it_0225_203237,22,0.3350327749453751,1.9281,7.2383,,0.8428199291229248,0.00019787211709305956,,,,,,,,,,,,,,,
sft_lora_esm3_qwen3_8b_it_0225_203237,23,0.34959941733430444,2.08,7.3107,,0.8023257851600647,0.0001975308425678017,,,,,,,,,,,,,,,
sft_lora_esm3_qwen3_8b_it_0225_203237,24,0.3641660597232338,1.9627,7.6195,,0.7568378448486328,0.00019716453709756504,,,,,,,,,,,,,,,
sft_lora_esm3_qwen3_8b_it_0225_203237,25,0.3641660597232338,2.4222,,2.0732221603393555,,,,,,,,,,,,,,,,,
sft_lora_esm3_qwen3_8b_it_0225_203237,250,0.37873270211216314,2.0488,7.1422,,0.8389149308204651,0.0001967732946933499,,,,,,,,,,,,,,,
sft_lora_esm3_qwen3_8b_it_0225_203237,251,0.3932993445010925,2.0976,7.4403,,0.8006082773208618,0.0001963572157661323,,,,,,,,,,,,,,,
sft_lora_esm3_qwen3_8b_it_0225_203237,252,0.40786598689002185,2.0871,7.3516,,0.6742063760757446,0.00019591640710109377,,,,,,,,,,,,,,,
sft_lora_esm3_qwen3_8b_it_0225_203237,253,0.4224326292789512,1.9531,7.1867,,0.8056687116622925,0.00019545098183021553,,,,,,,,,,,,,,,
sft_lora_esm3_qwen3_8b_it_0225_203237,254,0.43699927166788055,2.0199,7.4214,,0.836158812046051,0.00019496105940324326,,,,,,,,,,,,,,,
sft_lora_esm3_qwen3_8b_it_0225_203237,255,0.4515659140568099,2.0846,7.2865,,0.6949750781059265,0.00019444676555703102,,,,,,,,,,,,,,,
sft_lora_esm3_qwen3_8b_it_0225_203237,256,0.46613255644573925,1.8503,7.012,,0.8094105124473572,0.00019390823228327108,,,,,,,,,,,,,,,
sft_lora_esm3_qwen3_8b_it_0225_203237,257,0.4806991988346686,2.1956,7.4502,,0.6860751509666443,0.00019334559779461905,,,,,,,,,,,,,,,
sft_lora_esm3_qwen3_8b_it_0225_203237,258,0.49526584122359796,2.0212,7.0736,,0.802157998085022,0.0001927590064892217,,,,,,,,,,,,,,,
sft_lora_esm3_qwen3_8b_it_0225_203237,259,0.5098324836125273,2.0889,6.9646,,0.8498139381408691,0.00019214860891365808,,,,,,,,,,,,,,,
sft_lora_esm3_qwen3_8b_it_0225_203237,260,0.5243991260014567,2.0987,7.5554,,0.7430828809738159,0.00019151456172430183,,,,,,,,,,,,,,,
sft_lora_esm3_qwen3_8b_it_0225_203237,261,0.538965768390386,2.0094,7.0383,,0.784559965133667,0.00019085702764711643,,,,,,,,,,,,,,,
sft_lora_esm3_qwen3_8b_it_0225_203237,262,0.5535324107793154,2.1065,7.3264,,0.7028278708457947,0.0001901761754358916,,,,,,,,,,,,,,,
sft_lora_esm3_qwen3_8b_it_0225_203237,263,0.5680990531682447,2.032,7.4527,,0.6818233132362366,0.00018947217982893366,,,,,,,,,,,,,,,
sft_lora_esm3_qwen3_8b_it_0225_203237,264,0.5826656955571741,1.9821,7.3069,,0.7746176719665527,0.00018874522150421925,,,,,,,,,,,,,,,
sft_lora_esm3_qwen3_8b_it_0225_203237,265,0.5972323379461034,2.1106,7.6535,,0.937810480594635,0.00018799548703302526,,,,,,,,,,,,,,,
sft_lora_esm3_qwen3_8b_it_0225_203237,266,0.6117989803350328,1.9477,6.9491,,0.7086126208305359,0.00018722316883204574,,,,,,,,,,,,,,,
sft_lora_esm3_qwen3_8b_it_0225_203237,267,0.6263656227239621,1.9257,6.9693,,0.8346068859100342,0.00018642846511400898,,,,,,,,,,,,,,,
sft_lora_esm3_qwen3_8b_it_0225_203237,268,0.6409322651128915,2.0576,7.4194,,0.751101553440094,0.0001856115798368068,,,,,,,,,,,,,,,
sft_lora_esm3_qwen3_8b_it_0225_203237,269,0.6554989075018208,1.9486,7.0232,,0.7811772227287292,0.00018477272265114957,,,,,,,,,,,,,,,
sft_lora_esm3_qwen3_8b_it_0225_203237,270,0.6700655498907502,2.0714,7.3031,,0.8999417424201965,0.00018391210884676008,,,,,,,,,,,,,,,
sft_lora_esm3_qwen3_8b_it_0225_203237,271,0.6846321922796795,2.09,7.2501,,0.7226758003234863,0.0001830299592971202,,,,,,,,,,,,,,,
sft_lora_esm3_qwen3_8b_it_0225_203237,272,0.6991988346686089,1.809,6.8537,,0.7195171117782593,0.00018212650040278443,,,,,,,,,,,,,,,
sft_lora_esm3_qwen3_8b_it_0225_203237,273,0.7137654770575382,1.9861,7.4039,,0.8948387503623962,0.00018120196403327506,,,,,,,,,,,,,,,
sft_lora_esm3_qwen3_8b_it_0225_203237,274,0.7283321194464676,2.0193,7.1918,,0.8016918897628784,0.00018025658746757367,,,,,,,,,,,,,,,
sft_lora_esm3_qwen3_8b_it_0225_203237,275,0.7283321194464676,2.3741,,2.0409328937530518,,,,,,,,,,,,,,,,,
sft_lora_esm3_qwen3_8b_it_0225_203237,500,0.7428987618353969,2.0043,7.2,,0.8909761309623718,0.00017929061333322427,,,,,,,,,,,,,,,
sft_lora_esm3_qwen3_8b_it_0225_203237,501,0.7574654042243263,1.9959,7.2721,,0.8498202562332153,0.00017830428954406392,,,,,,,,,,,,,,,
sft_lora_esm3_qwen3_8b_it_0225_203237,502,0.7720320466132556,1.9583,7.2607,,0.8186842799186707,0.00017729786923659634,,,,,,,,,,,,,,,
sft_lora_esm3_qwen3_8b_it_0225_203237,503,0.786598689002185,1.8445,7.0243,,0.8030294179916382,0.0001762716107050255,,,,,,,,,,,,,,,
sft_lora_esm3_qwen3_8b_it_0225_203237,504,0.8011653313911143,2.1332,7.526,,1.1255872249603271,0.0001752257773349653,,,,,,,,,,,,,,,
sft_lora_esm3_qwen3_8b_it_0225_203237,505,1.001456664238893,2.0817,7.5788,,1.3192479610443115,0.00017416063753584237,,,,,,,,,,,,,,,
sft_lora_esm3_qwen3_8b_it_0225_203237,506,1.0160233066278224,1.9482,7.2285,,1.0457037687301636,0.00017307646467201008,,,,,,,,,,,,,,,
sft_lora_esm3_qwen3_8b_it_0225_203237,507,1.0305899490167516,1.9302,7.0284,,0.8906469941139221,0.00017197353699259036,,,,,,,,,,,,,,,
sft_lora_esm3_qwen3_8b_it_0225_203237,508,1.045156591405681,2.1079,7.4166,,0.990550696849823,0.00017085213756006198,,,,,,,,,,,,,,,
sft_lora_esm3_qwen3_8b_it_0225_203237,509,1.0597232337946103,2.0143,7.2491,,0.8411230444908142,0.00016971255417761371,,,,,,,,,,,,,,,
sft_lora_esm3_qwen3_8b_it_0225_203237,510,1.0742898761835398,2.0191,7.2446,,0.7568877339363098,0.00016855507931528064,,,,,,,,,,,,,,,
sft_lora_esm3_qwen3_8b_it_0225_203237,511,1.088856518572469,2.0068,7.1396,,0.9923708438873291,0.0001673800100348827,,,,,,,,,,,,,,,
sft_lora_esm3_qwen3_8b_it_0225_203237,512,1.1034231609613985,2.02,6.9656,,0.8809366226196289,0.0001661876479137848,,,,,,,,,,,,,,,
sft_lora_esm3_qwen3_8b_it_0225_203237,513,1.1179898033503277,1.9973,7.2932,,1.230200171470642,0.00016497829896749825,,,,,,,,,,,,,,,
sft_lora_esm3_qwen3_8b_it_0225_203237,514,1.1325564457392572,1.8439,7.1353,,0.8767349123954773,0.00016375227357114265,,,,,,,,,,,,,,,
sft_lora_esm3_qwen3_8b_it_0225_203237,515,1.1471230881281864,1.9899,7.1985,,0.9384778141975403,0.00016250988637978955,,,,,,,,,,,,,,,
sft_lora_esm3_qwen3_8b_it_0225_203237,516,1.1616897305171159,1.923,7.2136,,0.7495748400688171,0.00016125145624770702,,,,,,,,,,,,,,,
sft_lora_esm3_qwen3_8b_it_0225_203237,517,1.1762563729060451,2.1096,6.9185,,0.8658473491668701,0.00015997730614652713,,,,,,,,,,,,,,,
sft_lora_esm3_qwen3_8b_it_0225_203237,518,1.1908230152949746,1.9358,7.2236,,1.0959267616271973,0.0001586877630823562,,,,,,,,,,,,,,,
sft_lora_esm3_qwen3_8b_it_0225_203237,519,1.2053896576839038,2.0148,7.1629,,0.7199931740760803,0.00015738315801184998,,,,,,,,,,,,,,,
sft_lora_esm3_qwen3_8b_it_0225_203237,520,1.2199563000728333,1.9595,6.8026,,0.9079074263572693,0.00015606382575727472,,,,,,,,,,,,,,,
sft_lora_esm3_qwen3_8b_it_0225_203237,521,1.2345229424617625,1.8509,7.2762,,0.9284186959266663,0.00015473010492057627,,,,,,,,,,,,,,,
sft_lora_esm3_qwen3_8b_it_0225_203237,522,1.249089584850692,1.8045,7.0706,,1.0248831510543823,0.0001533823377964791,,,,,,,,,,,,,,,
sft_lora_esm3_qwen3_8b_it_0225_203237,523,1.2636562272396212,1.949,6.8715,,1.09312105178833,0.00015202087028463743,,,,,,,,,,,,,,,
sft_lora_esm3_qwen3_8b_it_0225_203237,524,1.2782228696285507,1.899,7.2023,,0.9626550078392029,0.00015064605180086153,,,,,,,,,,,,,,,
sft_lora_esm3_qwen3_8b_it_0225_203237,525,1.2782228696285507,2.4034,,2.0215253829956055,,,,,,,,,,,,,,,,,
sft_lora_esm3_qwen3_8b_it_0225_203237,750,1.29278951201748,2.0545,6.9628,,0.7817862033843994,0.00014925823518744126,,,,,,,,,,,,,,,
sft_lora_esm3_qwen3_8b_it_0225_203237,751,1.3073561544064094,1.9831,7.1078,,1.4157705307006836,0.0001478577766225904,,,,,,,,,,,,,,,
sft_lora_esm3_qwen3_8b_it_0225_203237,752,1.3219227967953386,1.8776,6.9368,,0.8851209282875061,0.0001464450355290347,,,,,,,,,,,,,,,
sft_lora_esm3_qwen3_8b_it_0225_203237,753,1.336489439184268,1.8791,6.8772,,0.8886717557907104,0.00014502037448176734,,,,,,,,,,,,,,,
sft_lora_esm3_qwen3_8b_it_0225_203237,754,1.3510560815731973,2.0229,7.407,,1.3399115800857544,0.00014358415911499544,,,,,,,,,,,,,,,
sft_lora_esm3_qwen3_8b_it_0225_203237,755,1.3656227239621268,1.8414,7.0139,,0.9274613261222839,0.00014213675802830116,,,,,,,,,,,,,,,
sft_lora_esm3_qwen3_8b_it_0225_203237,756,1.380189366351056,1.9979,6.8854,,0.7655405402183533,0.0001406785426920421,,,,,,,,,,,,,,,
sft_lora_esm3_qwen3_8b_it_0225_203237,757,1.3947560087399855,2.0442,7.3931,,0.8826671838760376,0.00013920988735201465,,,,,,,,,,,,,,,
sft_lora_esm3_qwen3_8b_it_0225_203237,758,1.4093226511289147,1.9633,6.8915,,0.8692143559455872,0.00013773116893340517,,,,,,,,,,,,,,,
sft_lora_esm3_qwen3_8b_it_0225_203237,759,1.4238892935178442,1.977,7.0366,,0.9274516701698303,0.00013624276694405345,,,,,,,,,,,,,,,
sft_lora_esm3_qwen3_8b_it_0225_203237,760,1.4384559359067735,1.9702,7.2193,,1.0890690088272095,0.00013474506337705333,,,,,,,,,,,,,,,
sft_lora_esm3_qwen3_8b_it_0225_203237,761,1.453022578295703,1.9572,6.9514,,1.009541392326355,0.00013323844261271564,,,,,,,,,,,,,,,
sft_lora_esm3_qwen3_8b_it_0225_203237,762,1.4675892206846322,1.9298,7.0635,,1.0873162746429443,0.00013172329131991832,,,,,,,,,,,,,,,
sft_lora_esm3_qwen3_8b_it_0225_203237,763,1.4821558630735616,1.9721,6.8854,,1.1497869491577148,0.0001301999983568691,,,,,,,,,,,,,,,
sft_lora_esm3_qwen3_8b_it_0225_203237,764,1.4967225054624909,1.9562,6.7405,,1.0821276903152466,0.00012866895467130658,,,,,,,,,,,,,,,
sft_lora_esm3_qwen3_8b_it_0225_203237,765,1.51128914785142,2.1664,7.2513,,1.082902193069458,0.00012713055320016486,,,,,,,,,,,,,,,
sft_lora_esm3_qwen3_8b_it_0225_203237,766,1.5258557902403496,1.8767,6.9176,,0.9513543844223022,0.00012558518876872748,,,,,,,,,,,,,,,
sft_lora_esm3_qwen3_8b_it_0225_203237,767,1.540422432629279,1.9408,6.7523,,1.0718783140182495,0.00012403325798929717,,,,,,,,,,,,,,,
sft_lora_esm3_qwen3_8b_it_0225_203237,768,1.5549890750182083,2.0681,7.285,,1.6702196598052979,0.00012247515915940664,,,,,,,,,,,,,,,
sft_lora_esm3_qwen3_8b_it_0225_203237,769,1.5695557174071375,1.9152,7.0593,,1.1109275817871094,0.00012091129215959674,,,,,,,,,,,,,,,
sft_lora_esm3_qwen3_8b_it_0225_203237,770,1.584122359796067,1.9735,7.2329,,0.8307268023490906,0.00011934205835078873,,,,,,,,,,,,,,,
sft_lora_esm3_qwen3_8b_it_0225_203237,771,1.5986890021849964,2.0059,7.2307,,1.0232528448104858,0.00011776786047127648,,,,,,,,,,,,,,,
sft_lora_esm3_qwen3_8b_it_0225_203237,772,1.6132556445739257,1.8363,6.6112,,1.345300555229187,0.00011618910253336488,,,,,,,,,,,,,,,
sft_lora_esm3_qwen3_8b_it_0225_203237,773,1.627822286962855,1.8696,7.1197,,1.5716675519943237,0.00011460618971968165,,,,,,,,,,,,,,,
sft_lora_esm3_qwen3_8b_it_0225_203237,774,1.6423889293517844,2.0072,6.8544,,1.0481414794921875,0.00011301952827918874,,,,,,,,,,,,,,,
sft_lora_esm3_qwen3_8b_it_0225_203237,775,1.6423889293517844,2.2915,,1.992855191230774,,,,,,,,,,,,,,,,,
sft_lora_esm3_qwen3_8b_it_0225_203237,1000,1.6569555717407138,1.8067,6.7114,,1.283886194229126,0.00011142952542291975,,,,,,,,,,,,,,,
sft_lora_esm3_qwen3_8b_it_0225_203237,1001,1.671522214129643,2.0405,7.2719,,1.190016508102417,0.00010983658921947095,,,,,,,,,,,,,,,
sft_lora_esm3_qwen3_8b_it_0225_203237,1002,1.6860888565185723,1.9538,6.8373,,1.1286513805389404,0.00010824112849027161,,,,,,,,,,,,,,,
sft_lora_esm3_qwen3_8b_it_0225_203237,1003,1.7006554989075018,1.8293,6.8091,,1.1361569166183472,0.00010664355270466169,,,,,,,,,,,,,,,
sft_lora_esm3_qwen3_8b_it_0225_203237,1004,1.7152221412964312,1.9159,7.0737,,1.4578757286071777,0.00010504427187480286,,,,,,,,,,,,,,,
sft_lora_esm3_qwen3_8b_it_0225_203237,1005,1.7297887836853605,1.8646,6.8196,,1.185805082321167,0.0001034436964504503,,,,,,,,,,,,,,,
sft_lora_esm3_qwen3_8b_it_0225_203237,1006,1.7443554260742897,2.0001,7.1244,,1.0600202083587646,0.0001018422372136123,,,,,,,,,,,,,,,
sft_lora_esm3_qwen3_8b_it_0225_203237,1007,1.7589220684632192,1.8748,6.9019,,1.2401401996612549,0.00010024030517312453,,,,,,,,,,,,,,,
sft_lora_esm3_qwen3_8b_it_0225_203237,1008,1.7734887108521487,1.829,6.8676,,1.3304574489593506,9.863831145916601e-05,,,,,,,,,,,,,,,
sft_lora_esm3_qwen3_8b_it_0225_203237,1009,1.788055353241078,1.9501,7.0962,,1.3063522577285767,9.703666721774402e-05,,,,,,,,,,,,,,,
sft_lora_esm3_qwen3_8b_it_0225_203237,1010,1.8026219956300071,1.9753,7.0424,,1.0759121179580688,9.543578350517503e-05,,,,,,,,,,,,,,,
sft_lora_esm3_qwen3_8b_it_0225_203237,1011,2.002913328477786,1.9669,7.3667,,0.9659914374351501,9.383607118258833e-05,,,,,,,,,,,,,,,
sft_lora_esm3_qwen3_8b_it_0225_203237,1012,2.0174799708667153,1.8565,6.841,,1.2305833101272583,9.223794081048032e-05,,,,,,,,,,,,,,,
sft_lora_esm3_qwen3_8b_it_0225_203237,1013,2.0320466132556447,2.053,7.1327,,1.8746066093444824,9.064180254334524e-05,,,,,,,,,,,,,,,
sft_lora_esm3_qwen3_8b_it_0225_203237,1014,2.0466132556445737,1.8437,6.8484,,1.28221595287323,8.904806602441076e-05,,,,,,,,,,,,,,,
sft_lora_esm3_qwen3_8b_it_0225_203237,1015,2.061179898033503,1.9361,6.9933,,1.2010554075241089,8.745714028050427e-05,,,,,,,,,,,,,,,
sft_lora_esm3_qwen3_8b_it_0225_203237,1016,2.0757465404224327,1.9581,7.1248,,1.1332448720932007,8.586943361707789e-05,,,,,,,,,,,,,,,
sft_lora_esm3_qwen3_8b_it_0225_203237,1017,2.090313182811362,1.931,6.732,,1.1951967477798462,8.428535351341803e-05,,,,,,,,,,,,,,,
sft_lora_esm3_qwen3_8b_it_0225_203237,1018,2.104879825200291,2.023,6.9422,,1.3808844089508057,8.270530651806736e-05,,,,,,,,,,,,,,,
sft_lora_esm3_qwen3_8b_it_0225_203237,1019,2.1194464675892206,1.8695,6.9053,,1.1756112575531006,8.112969814448576e-05,,,,,,,,,,,,,,,
sft_lora_esm3_qwen3_8b_it_0225_203237,1020,2.13401310997815,1.768,6.8063,,1.1603147983551025,7.95589327669764e-05,,,,,,,,,,,,,,,
sft_lora_esm3_qwen3_8b_it_0225_203237,1021,2.1485797523670795,1.926,7.2149,,1.3126384019851685,7.799341351690473e-05,,,,,,,,,,,,,,,
sft_lora_esm3_qwen3_8b_it_0225_203237,1022,2.1631463947560086,1.832,6.7462,,1.2871078252792358,7.643354217923618e-05,,,,,,,,,,,,,,,
sft_lora_esm3_qwen3_8b_it_0225_203237,1023,2.177713037144938,2.0797,6.7783,,1.3843789100646973,7.487971908941957e-05,,,,,,,,,,,,,,,
sft_lora_esm3_qwen3_8b_it_0225_203237,1024,2.1922796795338675,1.8623,6.9935,,1.4876415729522705,7.333234303064231e-05,,,,,,,,,,,,,,,
sft_lora_esm3_qwen3_8b_it_0225_203237,1025,2.1922796795338675,2.2612,,1.9746441841125488,,,,,,,,,,,,,,,,,
sft_lora_esm3_qwen3_8b_it_0225_203237,1250,2.206846321922797,1.9107,6.7522,,1.8119456768035889,7.179181113148403e-05,,,,,,,,,,,,,,,
sft_lora_esm3_qwen3_8b_it_0225_203237,1251,2.221412964311726,1.9793,7.0542,,1.988726019859314,7.025851876399527e-05,,,,,,,,,,,,,,,
sft_lora_esm3_qwen3_8b_it_0225_203237,1252,2.2359796067006554,1.6269,6.5966,,1.2956738471984863,6.873285944222625e-05,,,,,,,,,,,,,,,
sft_lora_esm3_qwen3_8b_it_0225_203237,1253,2.250546249089585,1.7616,6.8265,,1.2409418821334839,6.721522472123314e-05,,,,,,,,,,,,,,,
sft_lora_esm3_qwen3_8b_it_0225_203237,1254,2.2651128914785144,1.9436,6.9509,,2.112131118774414,6.570600409658676e-05,,,,,,,,,,,,,,,
sft_lora_esm3_qwen3_8b_it_0225_203237,1255,2.2796795338674434,1.8113,6.6875,,1.5428810119628906,6.420558490440995e-05,,,,,,,,,,,,,,,
sft_lora_esm3_qwen3_8b_it_0225_203237,1256,2.294246176256373,1.9586,6.7856,,1.4671430587768555,6.271435222196916e-05,,,,,,,,,,,,,,,
sft_lora_esm3_qwen3_8b_it_0225_203237,1257,2.3088128186453023,1.9371,6.9032,,1.3481251001358032,6.123268876884553e-05,,,,,,,,,,,,,,,
sft_lora_esm3_qwen3_8b_it_0225_203237,1258,2.3233794610342318,1.7435,6.5632,,1.1397954225540161,5.9760974808711525e-05,,,,,,,,,,,,,,,
sft_lora_esm3_qwen3_8b_it_0225_203237,1259,2.337946103423161,1.9488,7.0203,,1.5256484746932983,5.829958805173755e-05,,,,,,,,,,,,,,,
sft_lora_esm3_qwen3_8b_it_0225_203237,1260,2.3525127458120902,1.8207,6.885,,1.1074484586715698,5.684890355765384e-05,,,,,,,,,,,,,,,
sft_lora_esm3_qwen3_8b_it_0225_203237,1261,2.3670793882010197,1.7801,6.6868,,1.5796785354614258,5.540929363949281e-05,,,,,,,,,,,,,,,
sft_lora_esm3_qwen3_8b_it_0225_203237,1262,2.381646030589949,2.0875,7.0797,,1.424835443496704,5.398112776803631e-05,,,,,,,,,,,,,,,
sft_lora_esm3_qwen3_8b_it_0225_203237,1263,2.396212672978878,1.825,6.8008,,1.4052788019180298,5.2564772476992095e-05,,,,,,,,,,,,,,,
sft_lora_esm3_qwen3_8b_it_0225_203237,1264,2.4107793153678077,1.9119,6.6277,,1.2784645557403564,5.1160591268924295e-05,,,,,,,,,,,,,,,
sft_lora_esm3_qwen3_8b_it_0225_203237,1265,2.425345957756737,2.0008,7.1371,,1.2429633140563965,4.976894452196196e-05,,,,,,,,,,,,,,,
sft_lora_esm3_qwen3_8b_it_0225_203237,1266,2.4399126001456666,1.8573,6.7701,,1.6847976446151733,4.8390189397308935e-05,,,,,,,,,,,,,,,
sft_lora_esm3_qwen3_8b_it_0225_203237,1267,2.4544792425345956,1.9127,6.774,,1.54481041431427,4.702467974758009e-05,,,,,,,,,,,,,,,
sft_lora_esm3_qwen3_8b_it_0225_203237,1268,2.469045884923525,1.878,6.9436,,1.311297059059143,4.567276602598595e-05,,,,,,,,,,,,,,,
sft_lora_esm3_qwen3_8b_it_0225_203237,1269,2.4836125273124545,1.8525,6.4454,,1.1417980194091797,4.4334795196390424e-05,,,,,,,,,,,,,,,
sft_lora_esm3_qwen3_8b_it_0225_203237,1270,2.498179169701384,1.999,6.7108,,1.587618350982666,4.301111064426352e-05,,,,,,,,,,,,,,,
sft_lora_esm3_qwen3_8b_it_0225_203237,1271,2.512745812090313,2.0854,7.0207,,1.181430697441101,4.170205208855281e-05,,,,,,,,,,,,,,,
sft_lora_esm3_qwen3_8b_it_0225_203237,1272,2.5273124544792425,1.7858,6.6026,,1.2038124799728394,4.040795549449573e-05,,,,,,,,,,,,,,,
sft_lora_esm3_qwen3_8b_it_0225_203237,1273,2.541879096868172,2.048,6.9994,,1.6696738004684448,3.9129152987395367e-05,,,,,,,,,,,,,,,
sft_lora_esm3_qwen3_8b_it_0225_203237,1274,2.5564457392571014,1.7937,6.6088,,1.1682413816452026,3.786597276738153e-05,,,,,,,,,,,,,,,
sft_lora_esm3_qwen3_8b_it_0225_203237,1275,2.5564457392571014,2.2721,,1.9604785442352295,,,,,,,,,,,,,,,,,
sft_lora_esm3_qwen3_8b_it_0225_203237,1500,2.571012381646031,1.862,6.8676,,1.2897298336029053,3.6618739025179425e-05,,,,,,,,,,,,,,,
sft_lora_esm3_qwen3_8b_it_0225_203237,1501,2.58557902403496,1.9803,7.2665,,1.2691823244094849,3.538777185890737e-05,,,,,,,,,,,,,,,
sft_lora_esm3_qwen3_8b_it_0225_203237,1502,2.6001456664238893,1.907,6.8289,,1.7295241355895996,3.4173387191924525e-05,,,,,,,,,,,,,,,
sft_lora_esm3_qwen3_8b_it_0225_203237,1503,2.614712308812819,1.8482,6.706,,2.0389533042907715,3.297589669175041e-05,,,,,,,,,,,,,,,
sft_lora_esm3_qwen3_8b_it_0225_203237,1504,2.629278951201748,1.776,6.7205,,1.334242820739746,3.17956076900766e-05,,,,,,,,,,,,,,,
sft_lora_esm3_qwen3_8b_it_0225_203237,1505,2.6438455935906773,1.9236,6.5485,,1.071548342704773,3.0632823103890975e-05,,,,,,,,,,,,,,,
sft_lora_esm3_qwen3_8b_it_0225_203237,1506,2.6584122359796067,1.8916,6.998,,1.7115424871444702,2.9487841357735324e-05,,,,,,,,,,,,,,,
sft_lora_esm3_qwen3_8b_it_0225_203237,1507,2.672978878368536,1.8822,6.6755,,1.7872052192687988,2.8360956307115595e-05,,,,,,,,,,,,,,,
sft_lora_esm3_qwen3_8b_it_0225_203237,1508,2.6875455207574657,1.8833,6.5852,,0.8898496627807617,2.7252457163084945e-05,,,,,,,,,,,,,,,
sft_lora_esm3_qwen3_8b_it_0225_203237,1509,2.7021121631463947,1.8476,6.9066,,1.7476590871810913,2.6162628418018907e-05,,,,,,,,,,,,,,,
sft_lora_esm3_qwen3_8b_it_0225_203237,1510,2.716678805535324,1.7844,6.6958,,0.8734822869300842,2.5091749772601224e-05,,,,,,,,,,,,,,,
sft_lora_esm3_qwen3_8b_it_0225_203237,1511,2.7312454479242536,1.8488,6.5936,,1.3248662948608398,2.404009606403973e-05,,,,,,,,,,,,,,,
sft_lora_esm3_qwen3_8b_it_0225_203237,1512,2.7458120903131826,2.0121,7.1266,,1.5512001514434814,2.300793719553046e-05,,,,,,,,,,,,,,,
sft_lora_esm3_qwen3_8b_it_0225_203237,1513,2.760378732702112,1.7525,6.6591,,1.6863172054290771,2.1995538066987787e-05,,,,,,,,,,,,,,,
sft_lora_esm3_qwen3_8b_it_0225_203237,1514,2.7749453750910416,1.8601,6.7523,,1.2378360033035278,2.1003158507058883e-05,,,,,,,,,,,,,,,
sft_lora_esm3_qwen3_8b_it_0225_203237,1515,2.789512017479971,1.9274,7.065,,1.0703353881835938,2.00310532064396e-05,,,,,,,,,,,,,,,
sft_lora_esm3_qwen3_8b_it_0225_203237,1516,2.8040786598689005,1.8481,6.6294,,1.629245400428772,1.9079471652509097e-05,,,,,,,,,,,,,,,
sft_lora_esm3_qwen3_8b_it_0225_203237,1517,2.814275309541151,1.8769,,,,,,,,,,,,,,,,,,,
sft_lora_esm3_qwen3_8b_it_0225_203237,1518,2.814275309541151,2.2957,,1.9515460729599,,,,,,,,,,,,,,,,,
sft_lora_esm3_qwen3_8b_it_0225_203237,1677,,,,,,,,,,,,,,,,,,,,,
sft_lora_esm3_qwen3_8b_it_0226_151416,0,0.014566642388929352,4.2054,16.681,,4.304638862609863,1.8e-05,,,,,,,,,,,,,,,
sft_lora_esm3_qwen3_8b_it_0226_151416,1,0.029133284777858703,3.626,14.2745,,4.569825649261475,3.8e-05,,,,,,,,,,,,,,,
sft_lora_esm3_qwen3_8b_it_0226_151416,2,0.043699927166788055,3.3202,12.5357,,2.371715784072876,5.8e-05,,,,,,,,,,,,,,,
sft_lora_esm3_qwen3_8b_it_0226_151416,3,0.05826656955571741,2.9355,11.1417,,6.9203572273254395,7.800000000000001e-05,,,,,,,,,,,,,,,
sft_lora_esm3_qwen3_8b_it_0226_151416,4,0.07283321194464676,2.5516,9.5481,,2.33758282661438,9.8e-05,,,,,,,,,,,,,,,
sft_lora_esm3_qwen3_8b_it_0226_151416,5,0.08739985433357611,2.5828,9.514,,1.334328532218933,0.000118,,,,,,,,,,,,,,,
sft_lora_esm3_qwen3_8b_it_0226_151416,6,0.10196649672250546,2.4148,8.6782,,2.5646512508392334,0.000138,,,,,,,,,,,,,,,
sft_lora_esm3_qwen3_8b_it_0226_151416,7,0.11653313911143481,2.0934,7.9141,,2.1409754753112793,0.00015800000000000002,,,,,,,,,,,,,,,
sft_lora_esm3_qwen3_8b_it_0226_151416,8,0.13109978150036417,2.1821,8.2452,,1.137153148651123,0.00017800000000000002,,,,,,,,,,,,,,,
sft_lora_esm3_qwen3_8b_it_0226_151416,9,0.14566642388929352,2.0481,7.5887,,1.1162618398666382,0.00019800000000000002,,,,,,,,,,,,,,,
sft_lora_esm3_qwen3_8b_it_0226_151416,10,0.16023306627822287,2.1052,7.8537,,0.850380539894104,0.00019998960577634193,,,,,,,,,,,,,,,
sft_lora_esm3_qwen3_8b_it_0226_151416,11,0.17479970866715222,2.2471,7.4533,,0.8866166472434998,0.00019995367790078894,,,,,,,,,,,,,,,
sft_lora_esm3_qwen3_8b_it_0226_151416,12,0.18936635105608157,1.8789,7.1399,,0.9795470237731934,0.00019989209726815836,,,,,,,,,,,,,,,
sft_lora_esm3_qwen3_8b_it_0226_151416,13,0.20393299344501092,2.2642,7.9409,,0.8351092338562012,0.00019980487968290127,,,,,,,,,,,,,,,
sft_lora_esm3_qwen3_8b_it_0226_151416,14,0.21849963583394028,2.0454,7.2515,,0.940725564956665,0.0001996920475291017,,,,,,,,,,,,,,,
sft_lora_esm3_qwen3_8b_it_0226_151416,15,0.23306627822286963,1.905,7.3066,,0.9550369381904602,0.00019955362976473192,,,,,,,,,,,,,,,
sft_lora_esm3_qwen3_8b_it_0226_151416,16,0.24763292061179898,1.9575,7.6271,,0.8566144704818726,0.00019938966191422047,,,,,,,,,,,,,,,
sft_lora_esm3_qwen3_8b_it_0226_151416,17,0.26219956300072833,1.9129,7.0343,,0.7869303226470947,0.0001992001860593348,,,,,,,,,,,,,,,
sft_lora_esm3_qwen3_8b_it_0226_151416,18,0.2767662053896577,2.0449,7.5335,,0.7534834742546082,0.00019898525082838144,,,,,,,,,,,,,,,
sft_lora_esm3_qwen3_8b_it_0226_151416,19,0.29133284777858703,2.1498,7.3826,,0.7350845336914062,0.00019874491138372537,,,,,,,,,,,,,,,
sft_lora_esm3_qwen3_8b_it_0226_151416,20,0.3058994901675164,1.876,6.8771,,0.8525264859199524,0.000198479229407633,,,,,,,,,,,,,,,
sft_lora_esm3_qwen3_8b_it_0226_151416,21,0.32046613255644574,2.1101,7.5943,,0.7859275937080383,0.00019818827308644164,,,,,,,,,,,,,,,
sft_lora_esm3_qwen3_8b_it_0226_151416,22,0.3350327749453751,1.9279,7.2365,,0.8067145347595215,0.00019787211709305956,,,,,,,,,,,,,,,
sft_lora_esm3_qwen3_8b_it_0226_151416,23,0.34959941733430444,2.0777,7.3038,,0.769483745098114,0.0001975308425678017,,,,,,,,,,,,,,,
sft_lora_esm3_qwen3_8b_it_0226_151416,24,0.3641660597232338,1.9601,7.6124,,0.7483454942703247,0.00019716453709756504,,,,,,,,,,,,,,,
sft_lora_esm3_qwen3_8b_it_0226_151416,25,0.3641660597232338,2.4205,,2.071481227874756,,,,,,,,,,,,,,,,,
sft_lora_esm3_qwen3_8b_it_0226_151416,250,0.37873270211216314,2.0453,7.13,,0.8715669512748718,0.0001967732946933499,,,,,,,,,,,,,,,
sft_lora_esm3_qwen3_8b_it_0226_151416,251,0.3932993445010925,2.0957,7.4327,,0.8053070306777954,0.0001963572157661323,,,,,,,,,,,,,,,
sft_lora_esm3_qwen3_8b_it_0226_151416,252,0.40786598689002185,2.0848,7.3426,,0.7352779507637024,0.00019591640710109377,,,,,,,,,,,,,,,
sft_lora_esm3_qwen3_8b_it_0226_151416,253,0.4224326292789512,1.95,7.1772,,0.8098064064979553,0.00019545098183021553,,,,,,,,,,,,,,,
sft_lora_esm3_qwen3_8b_it_0226_151416,254,0.43699927166788055,2.0178,7.4134,,0.8338233232498169,0.00019496105940324326,,,,,,,,,,,,,,,
sft_lora_esm3_qwen3_8b_it_0226_151416,255,0.4515659140568099,2.0823,7.2786,,0.7513986229896545,0.00019444676555703102,,,,,,,,,,,,,,,
sft_lora_esm3_qwen3_8b_it_0226_151416,256,0.46613255644573925,1.848,7.0026,,0.7885470986366272,0.00019390823228327108,,,,,,,,,,,,,,,
sft_lora_esm3_qwen3_8b_it_0226_151416,257,0.4806991988346686,2.1934,7.4425,,0.7125797867774963,0.00019334559779461905,,,,,,,,,,,,,,,
sft_lora_esm3_qwen3_8b_it_0226_151416,258,0.49526584122359796,2.0183,7.0652,,0.8113521933555603,0.0001927590064892217,,,,,,,,,,,,,,,
sft_lora_esm3_qwen3_8b_it_0226_151416,259,0.5098324836125273,2.086,6.9553,,0.8479132652282715,0.00019214860891365808,,,,,,,,,,,,,,,
sft_lora_esm3_qwen3_8b_it_0226_151416,260,0.5243991260014567,2.0954,7.5464,,0.8032904267311096,0.00019151456172430183,,,,,,,,,,,,,,,
sft_lora_esm3_qwen3_8b_it_0226_151416,261,0.538965768390386,2.0072,7.0289,,0.9730746150016785,0.00019085702764711643,,,,,,,,,,,,,,,
sft_lora_esm3_qwen3_8b_it_0226_151416,262,0.5535324107793154,2.1028,7.3163,,0.8059207201004028,0.0001901761754358916,,,,,,,,,,,,,,,
sft_lora_esm3_qwen3_8b_it_0226_151416,263,0.5680990531682447,2.0288,7.4422,,0.6823610663414001,0.00018947217982893366,,,,,,,,,,,,,,,
sft_lora_esm3_qwen3_8b_it_0226_151416,264,0.5826656955571741,1.98,7.2984,,0.8579463362693787,0.00018874522150421925,,,,,,,,,,,,,,,
sft_lora_esm3_qwen3_8b_it_0226_151416,265,0.5972323379461034,2.1087,7.6429,,0.958664059638977,0.00018799548703302526,,,,,,,,,,,,,,,
sft_lora_esm3_qwen3_8b_it_0226_151416,266,0.6117989803350328,1.9438,6.937,,0.7879905104637146,0.00018722316883204574,,,,,,,,,,,,,,,
sft_lora_esm3_qwen3_8b_it_0226_151416,267,0.6263656227239621,1.9218,6.9578,,0.8576208353042603,0.00018642846511400898,,,,,,,,,,,,,,,
sft_lora_esm3_qwen3_8b_it_0226_151416,268,0.6409322651128915,2.0543,7.4068,,0.7560681104660034,0.0001856115798368068,,,,,,,,,,,,,,,
sft_lora_esm3_qwen3_8b_it_0226_151416,269,0.6554989075018208,1.9459,7.0091,,0.9277392029762268,0.00018477272265114957,,,,,,,,,,,,,,,
sft_lora_esm3_qwen3_8b_it_0226_151416,270,0.6700655498907502,2.0674,7.2883,,0.9581929445266724,0.00018391210884676008,,,,,,,,,,,,,,,
sft_lora_esm3_qwen3_8b_it_0226_151416,271,0.6846321922796795,2.0859,7.2357,,0.7499222159385681,0.0001830299592971202,,,,,,,,,,,,,,,
sft_lora_esm3_qwen3_8b_it_0226_151416,272,0.6991988346686089,1.8042,6.8308,,0.7294648289680481,0.00018212650040278443,,,,,,,,,,,,,,,
sft_lora_esm3_qwen3_8b_it_0226_151416,273,0.7137654770575382,1.9806,7.3879,,0.8683412671089172,0.00018120196403327506,,,,,,,,,,,,,,,
sft_lora_esm3_qwen3_8b_it_0226_151416,274,0.7283321194464676,2.0154,7.174,,0.8486531376838684,0.00018025658746757367,,,,,,,,,,,,,,,
sft_lora_esm3_qwen3_8b_it_0226_151416,275,0.7283321194464676,2.3687,,2.036121368408203,,,,,,,,,,,,,,,,,
sft_lora_esm3_qwen3_8b_it_0226_151416,500,0.7428987618353969,1.9991,7.1807,,0.8748131394386292,0.00017929061333322427,,,,,,,,,,,,,,,
sft_lora_esm3_qwen3_8b_it_0226_151416,501,0.7574654042243263,1.9905,7.2515,,0.8481789231300354,0.00017830428954406392,,,,,,,,,,,,,,,
sft_lora_esm3_qwen3_8b_it_0226_151416,502,0.7720320466132556,1.9526,7.2398,,0.9145693778991699,0.00017729786923659634,,,,,,,,,,,,,,,
sft_lora_esm3_qwen3_8b_it_0226_151416,503,0.786598689002185,1.8377,7.0026,,0.7503318190574646,0.0001762716107050255,,,,,,,,,,,,,,,
sft_lora_esm3_qwen3_8b_it_0226_151416,504,0.8011653313911143,2.1295,7.5065,,1.4794745445251465,0.0001752257773349653,,,,,,,,,,,,,,,
sft_lora_esm3_qwen3_8b_it_0226_151416,505,1.001456664238893,2.0772,7.5562,,1.3616893291473389,0.00017416063753584237,,,,,,,,,,,,,,,
sft_lora_esm3_qwen3_8b_it_0226_151416,506,1.0160233066278224,1.9422,7.2061,,0.9541915059089661,0.00017307646467201008,,,,,,,,,,,,,,,
sft_lora_esm3_qwen3_8b_it_0226_151416,507,1.0305899490167516,1.9235,7.0063,,0.9324789643287659,0.00017197353699259036,,,,,,,,,,,,,,,
sft_lora_esm3_qwen3_8b_it_0226_151416,508,1.045156591405681,2.1033,7.3948,,0.9936547875404358,0.00017085213756006198,,,,,,,,,,,,,,,
sft_lora_esm3_qwen3_8b_it_0226_151416,509,1.0597232337946103,2.0082,7.2258,,0.8401332497596741,0.00016971255417761371,,,,,,,,,,,,,,,
sft_lora_esm3_qwen3_8b_it_0226_151416,510,1.0742898761835398,2.0147,7.2221,,0.8679714202880859,0.00016855507931528064,,,,,,,,,,,,,,,
sft_lora_esm3_qwen3_8b_it_0226_151416,511,1.088856518572469,2.0016,7.1155,,0.913837194442749,0.0001673800100348827,,,,,,,,,,,,,,,
sft_lora_esm3_qwen3_8b_it_0226_151416,512,1.1034231609613985,2.0142,6.9407,,0.8486775159835815,0.0001661876479137848,,,,,,,,,,,,,,,
sft_lora_esm3_qwen3_8b_it_0226_151416,513,1.1179898033503277,1.9914,7.268,,1.1741012334823608,0.00016497829896749825,,,,,,,,,,,,,,,
sft_lora_esm3_qwen3_8b_it_0226_151416,514,1.1325564457392572,1.8377,7.1099,,0.8297558426856995,0.00016375227357114265,,,,,,,,,,,,,,,
sft_lora_esm3_qwen3_8b_it_0226_151416,515,1.1471230881281864,1.9833,7.1746,,0.9933953881263733,0.00016250988637978955,,,,,,,,,,,,,,,
sft_lora_esm3_qwen3_8b_it_0226_151416,516,1.1616897305171159,1.9157,7.1872,,0.8164260983467102,0.00016125145624770702,,,,,,,,,,,,,,,
sft_lora_esm3_qwen3_8b_it_0226_151416,517,1.1762563729060451,2.1039,6.8922,,0.9702407717704773,0.00015997730614652713,,,,,,,,,,,,,,,
sft_lora_esm3_qwen3_8b_it_0226_151416,518,1.1908230152949746,1.9289,7.1979,,1.138363242149353,0.0001586877630823562,,,,,,,,,,,,,,,
sft_lora_esm3_qwen3_8b_it_0226_151416,519,1.2053896576839038,2.0075,7.1335,,0.8416363000869751,0.00015738315801184998,,,,,,,,,,,,,,,
sft_lora_esm3_qwen3_8b_it_0226_151416,520,1.2199563000728333,1.9542,6.7754,,0.9242973923683167,0.00015606382575727472,,,,,,,,,,,,,,,
sft_lora_esm3_qwen3_8b_it_0226_151416,521,1.2345229424617625,1.844,7.2479,,0.9593613743782043,0.00015473010492057627,,,,,,,,,,,,,,,
sft_lora_esm3_qwen3_8b_it_0226_151416,522,1.249089584850692,1.7966,7.0408,,0.9202809929847717,0.0001533823377964791,,,,,,,,,,,,,,,
sft_lora_esm3_qwen3_8b_it_0226_151416,523,1.2636562272396212,1.9419,6.8414,,1.1013039350509644,0.00015202087028463743,,,,,,,,,,,,,,,
sft_lora_esm3_qwen3_8b_it_0226_151416,524,1.2782228696285507,1.8919,7.1728,,0.9356868267059326,0.00015064605180086153,,,,,,,,,,,,,,,
sft_lora_esm3_qwen3_8b_it_0226_151416,525,1.2782228696285507,2.3991,,2.0143396854400635,,,,,,,,,,,,,,,,,
sft_lora_esm3_qwen3_8b_it_0226_151416,750,1.29278951201748,2.0478,6.9316,,0.8069455623626709,0.00014925823518744126,,,,,,,,,,,,,,,
sft_lora_esm3_qwen3_8b_it_0226_151416,751,1.3073561544064094,1.9751,7.0761,,1.0559135675430298,0.0001478577766225904,,,,,,,,,,,,,,,
sft_lora_esm3_qwen3_8b_it_0226_151416,752,1.3219227967953386,1.8691,6.9048,,0.9042268991470337,0.0001464450355290347,,,,,,,,,,,,,,,
sft_lora_esm3_qwen3_8b_it_0226_151416,753,1.336489439184268,1.872,6.8444,,1.0825388431549072,0.00014502037448176734,,,,,,,,,,,,,,,
sft_lora_esm3_qwen3_8b_it_0226_151416,754,1.3510560815731973,2.0162,7.3742,,1.655361533164978,0.00014358415911499544,,,,,,,,,,,,,,,
sft_lora_esm3_qwen3_8b_it_0226_151416,755,1.3656227239621268,1.8326,6.9798,,0.9092283844947815,0.00014213675802830116,,,,,,,,,,,,,,,
sft_lora_esm3_qwen3_8b_it_0226_151416,756,1.380189366351056,1.9896,6.8517,,0.7765288352966309,0.0001406785426920421,,,,,,,,,,,,,,,
sft_lora_esm3_qwen3_8b_it_0226_151416,757,1.3947560087399855,2.0353,7.3606,,0.9137867093086243,0.00013920988735201465,,,,,,,,,,,,,,,
sft_lora_esm3_qwen3_8b_it_0226_151416,758,1.4093226511289147,1.9559,6.8583,,0.8575562238693237,0.00013773116893340517,,,,,,,,,,,,,,,
sft_lora_esm3_qwen3_8b_it_0226_151416,759,1.4238892935178442,1.9702,7.0015,,0.9797360897064209,0.00013624276694405345,,,,,,,,,,,,,,,
sft_lora_esm3_qwen3_8b_it_0226_151416,760,1.4384559359067735,1.9616,7.1835,,1.2590008974075317,0.00013474506337705333,,,,,,,,,,,,,,,
sft_lora_esm3_qwen3_8b_it_0226_151416,761,1.453022578295703,1.9484,6.9162,,1.0717624425888062,0.00013323844261271564,,,,,,,,,,,,,,,
sft_lora_esm3_qwen3_8b_it_0226_151416,762,1.4675892206846322,1.9223,7.0303,,1.1057921648025513,0.00013172329131991832,,,,,,,,,,,,,,,
sft_lora_esm3_qwen3_8b_it_0226_151416,763,1.4821558630735616,1.9648,6.8495,,1.1996803283691406,0.0001301999983568691,,,,,,,,,,,,,,,
sft_lora_esm3_qwen3_8b_it_0226_151416,764,1.4967225054624909,1.9474,6.7059,,1.117262363433838,0.00012866895467130658,,,,,,,,,,,,,,,
sft_lora_esm3_qwen3_8b_it_0226_151416,765,1.51128914785142,2.158,7.2127,,1.1506472826004028,0.00012713055320016486,,,,,,,,,,,,,,,
sft_lora_esm3_qwen3_8b_it_0226_151416,766,1.5258557902403496,1.8694,6.8852,,1.06505286693573,0.00012558518876872748,,,,,,,,,,,,,,,
sft_lora_esm3_qwen3_8b_it_0226_151416,767,1.540422432629279,1.934,6.7203,,1.1738654375076294,0.00012403325798929717,,,,,,,,,,,,,,,
sft_lora_esm3_qwen3_8b_it_0226_151416,768,1.5549890750182083,2.0605,7.2488,,1.340360164642334,0.00012247515915940664,,,,,,,,,,,,,,,
sft_lora_esm3_qwen3_8b_it_0226_151416,769,1.5695557174071375,1.907,7.0234,,1.1353808641433716,0.00012091129215959674,,,,,,,,,,,,,,,
sft_lora_esm3_qwen3_8b_it_0226_151416,770,1.584122359796067,1.9653,7.2022,,0.9479548335075378,0.00011934205835078873,,,,,,,,,,,,,,,
sft_lora_esm3_qwen3_8b_it_0226_151416,771,1.5986890021849964,1.9993,7.1992,,1.0847240686416626,0.00011776786047127648,,,,,,,,,,,,,,,
sft_lora_esm3_qwen3_8b_it_0226_151416,772,1.6132556445739257,1.8268,6.5743,,1.5419833660125732,0.00011618910253336488,,,,,,,,,,,,,,,
sft_lora_esm3_qwen3_8b_it_0226_151416,773,1.627822286962855,1.8619,7.0879,,1.3800809383392334,0.00011460618971968165,,,,,,,,,,,,,,,
sft_lora_esm3_qwen3_8b_it_0226_151416,774,1.6423889293517844,2.0007,6.8194,,1.2582091093063354,0.00011301952827918874,,,,,,,,,,,,,,,
sft_lora_esm3_qwen3_8b_it_0226_151416,775,1.6423889293517844,2.2855,,1.9854615926742554,,,,,,,,,,,,,,,,,
sft_lora_esm3_qwen3_8b_it_0226_151416,1000,1.6569555717407138,1.8025,6.6817,,1.7620152235031128,0.00011142952542291975,,,,,,,,,,,,,,,
sft_lora_esm3_qwen3_8b_it_0226_151416,1001,1.671522214129643,2.0359,7.2456,,1.143314242362976,0.00010983658921947095,,,,,,,,,,,,,,,
sft_lora_esm3_qwen3_8b_it_0226_151416,1002,1.6860888565185723,1.9493,6.8111,,1.203815221786499,0.00010824112849027161,,,,,,,,,,,,,,,
sft_lora_esm3_qwen3_8b_it_0226_151416,1003,1.7006554989075018,1.8237,6.7795,,1.0677056312561035,0.00010664355270466169,,,,,,,,,,,,,,,
sft_lora_esm3_qwen3_8b_it_0226_151416,1004,1.7152221412964312,1.9109,7.046,,1.591845989227295,0.00010504427187480286,,,,,,,,,,,,,,,
sft_lora_esm3_qwen3_8b_it_0226_151416,1005,1.7297887836853605,1.8579,6.7926,,1.1665290594100952,0.0001034436964504503,,,,,,,,,,,,,,,
sft_lora_esm3_qwen3_8b_it_0226_151416,1006,1.7443554260742897,1.9952,7.0949,,1.0292339324951172,0.0001018422372136123,,,,,,,,,,,,,,,
sft_lora_esm3_qwen3_8b_it_0226_151416,1007,1.7589220684632192,1.868,6.8729,,1.4436808824539185,0.00010024030517312453,,,,,,,,,,,,,,,
sft_lora_esm3_qwen3_8b_it_0226_151416,1008,1.7734887108521487,1.8208,6.8313,,1.2502840757369995,9.863831145916601e-05,,,,,,,,,,,,,,,
sft_lora_esm3_qwen3_8b_it_0226_151416,1009,1.788055353241078,1.9446,7.0646,,1.2568495273590088,9.703666721774402e-05,,,,,,,,,,,,,,,
sft_lora_esm3_qwen3_8b_it_0226_151416,1010,1.8026219956300071,1.9678,7.009,,1.0713144540786743,9.543578350517503e-05,,,,,,,,,,,,,,,
sft_lora_esm3_qwen3_8b_it_0226_151416,1011,2.002913328477786,1.9603,7.3323,,0.9918563365936279,9.383607118258833e-05,,,,,,,,,,,,,,,
sft_lora_esm3_qwen3_8b_it_0226_151416,1012,2.0174799708667153,1.8501,6.8116,,1.2270523309707642,9.223794081048032e-05,,,,,,,,,,,,,,,
sft_lora_esm3_qwen3_8b_it_0226_151416,1013,2.0320466132556447,2.0468,7.0966,,2.2568843364715576,9.064180254334524e-05,,,,,,,,,,,,,,,
sft_lora_esm3_qwen3_8b_it_0226_151416,1014,2.0466132556445737,1.8357,6.8122,,1.2338206768035889,8.904806602441076e-05,,,,,,,,,,,,,,,
sft_lora_esm3_qwen3_8b_it_0226_151416,1015,2.061179898033503,1.928,6.9553,,1.2238399982452393,8.745714028050427e-05,,,,,,,,,,,,,,,
sft_lora_esm3_qwen3_8b_it_0226_151416,1016,2.0757465404224327,1.9495,7.0906,,1.0543172359466553,8.586943361707789e-05,,,,,,,,,,,,,,,
sft_lora_esm3_qwen3_8b_it_0226_151416,1017,2.090313182811362,1.9241,6.6931,,1.1693543195724487,8.428535351341803e-05,,,,,,,,,,,,,,,
sft_lora_esm3_qwen3_8b_it_0226_151416,1018,2.104879825200291,2.0159,6.9048,,1.2162336111068726,8.270530651806736e-05,,,,,,,,,,,,,,,
sft_lora_esm3_qwen3_8b_it_0226_151416,1019,2.1194464675892206,1.8605,6.8641,,1.0992575883865356,8.112969814448576e-05,,,,,,,,,,,,,,,
sft_lora_esm3_qwen3_8b_it_0226_151416,1020,2.13401310997815,1.7586,6.7706,,1.1666253805160522,7.95589327669764e-05,,,,,,,,,,,,,,,
sft_lora_esm3_qwen3_8b_it_0226_151416,1021,2.1485797523670795,1.9194,7.1823,,1.4468793869018555,7.799341351690473e-05,,,,,,,,,,,,,,,
sft_lora_esm3_qwen3_8b_it_0226_151416,1022,2.1631463947560086,1.8226,6.7091,,1.174025535583496,7.643354217923618e-05,,,,,,,,,,,,,,,
sft_lora_esm3_qwen3_8b_it_0226_151416,1023,2.177713037144938,2.0716,6.7425,,1.3479610681533813,7.487971908941957e-05,,,,,,,,,,,,,,,
sft_lora_esm3_qwen3_8b_it_0226_151416,1024,2.1922796795338675,1.8549,6.9599,,1.4474252462387085,7.333234303064231e-05,,,,,,,,,,,,,,,
sft_lora_esm3_qwen3_8b_it_0226_151416,1025,2.1922796795338675,2.2535,,1.9649361371994019,,,,,,,,,,,,,,,,,
sft_lora_esm3_qwen3_8b_it_0226_151416,1250,2.206846321922797,1.9037,6.7158,,1.537717580795288,7.179181113148403e-05,,,,,,,,,,,,,,,
sft_lora_esm3_qwen3_8b_it_0226_151416,1251,2.221412964311726,1.9709,7.0192,,1.9760406017303467,7.025851876399527e-05,,,,,,,,,,,,,,,
sft_lora_esm3_qwen3_8b_it_0226_151416,1252,2.2359796067006554,1.6198,6.5601,,1.2403395175933838,6.873285944222625e-05,,,,,,,,,,,,,,,
sft_lora_esm3_qwen3_8b_it_0226_151416,1253,2.250546249089585,1.7532,6.791,,1.2665709257125854,6.721522472123314e-05,,,,,,,,,,,,,,,
sft_lora_esm3_qwen3_8b_it_0226_151416,1254,2.2651128914785144,1.9351,6.9128,,2.1147358417510986,6.570600409658676e-05,,,,,,,,,,,,,,,
sft_lora_esm3_qwen3_8b_it_0226_151416,1255,2.2796795338674434,1.8029,6.6527,,1.4010169506072998,6.420558490440995e-05,,,,,,,,,,,,,,,
sft_lora_esm3_qwen3_8b_it_0226_151416,1256,2.294246176256373,1.9495,6.7483,,1.4971566200256348,6.271435222196916e-05,,,,,,,,,,,,,,,
sft_lora_esm3_qwen3_8b_it_0226_151416,1257,2.3088128186453023,1.9288,6.865,,1.334192156791687,6.123268876884553e-05,,,,,,,,,,,,,,,
sft_lora_esm3_qwen3_8b_it_0226_151416,1258,2.3233794610342318,1.7353,6.5281,,1.1736527681350708,5.9760974808711525e-05,,,,,,,,,,,,,,,
sft_lora_esm3_qwen3_8b_it_0226_151416,1259,2.337946103423161,1.9425,6.9893,,1.5378042459487915,5.829958805173755e-05,,,,,,,,,,,,,,,
sft_lora_esm3_qwen3_8b_it_0226_151416,1260,2.3525127458120902,1.813,6.8492,,1.0770597457885742,5.684890355765384e-05,,,,,,,,,,,,,,,
sft_lora_esm3_qwen3_8b_it_0226_151416,1261,2.3670793882010197,1.7728,6.6522,,1.4978586435317993,5.540929363949281e-05,,,,,,,,,,,,,,,
sft_lora_esm3_qwen3_8b_it_0226_151416,1262,2.381646030589949,2.0783,7.0459,,1.4017901420593262,5.398112776803631e-05,,,,,,,,,,,,,,,
sft_lora_esm3_qwen3_8b_it_0226_151416,1263,2.396212672978878,1.8176,6.7659,,1.3970035314559937,5.2564772476992095e-05,,,,,,,,,,,,,,,
sft_lora_esm3_qwen3_8b_it_0226_151416,1264,2.4107793153678077,1.9041,6.5944,,1.3130899667739868,5.1160591268924295e-05,,,,,,,,,,,,,,,
sft_lora_esm3_qwen3_8b_it_0226_151416,1265,2.425345957756737,1.9943,7.1026,,1.1592652797698975,4.976894452196196e-05,,,,,,,,,,,,,,,
sft_lora_esm3_qwen3_8b_it_0226_151416,1266,2.4399126001456666,1.8484,6.7331,,1.5212384462356567,4.8390189397308935e-05,,,,,,,,,,,,,,,
sft_lora_esm3_qwen3_8b_it_0226_151416,1267,2.4544792425345956,1.9043,6.7406,,1.5753073692321777,4.702467974758009e-05,,,,,,,,,,,,,,,
sft_lora_esm3_qwen3_8b_it_0226_151416,1268,2.469045884923525,1.8702,6.9102,,1.3211877346038818,4.567276602598595e-05,,,,,,,,,,,,,,,
sft_lora_esm3_qwen3_8b_it_0226_151416,1269,2.4836125273124545,1.8451,6.4088,,1.108176827430725,4.4334795196390424e-05,,,,,,,,,,,,,,,
sft_lora_esm3_qwen3_8b_it_0226_151416,1270,2.498179169701384,1.9923,6.6771,,1.420077919960022,4.301111064426352e-05,,,,,,,,,,,,,,,
sft_lora_esm3_qwen3_8b_it_0226_151416,1271,2.512745812090313,2.0783,6.9849,,1.1716192960739136,4.170205208855281e-05,,,,,,,,,,,,,,,
sft_lora_esm3_qwen3_8b_it_0226_151416,1272,2.5273124544792425,1.778,6.5685,,1.2517309188842773,4.040795549449573e-05,,,,,,,,,,,,,,,
sft_lora_esm3_qwen3_8b_it_0226_151416,1273,2.541879096868172,2.0434,6.9665,,1.574759840965271,3.9129152987395367e-05,,,,,,,,,,,,,,,
sft_lora_esm3_qwen3_8b_it_0226_151416,1274,2.5564457392571014,1.7846,6.5731,,1.1599440574645996,3.786597276738153e-05,,,,,,,,,,,,,,,
sft_lora_esm3_qwen3_8b_it_0226_151416,1275,2.5564457392571014,2.2648,,1.9517956972122192,,,,,,,,,,,,,,,,,
sft_lora_esm3_qwen3_8b_it_0226_151416,1500,2.571012381646031,1.8544,6.8338,,1.3071820735931396,3.6618739025179425e-05,,,,,,,,,,,,,,,
sft_lora_esm3_qwen3_8b_it_0226_151416,1501,2.58557902403496,1.9724,7.2346,,1.3079336881637573,3.538777185890737e-05,,,,,,,,,,,,,,,
sft_lora_esm3_qwen3_8b_it_0226_151416,1502,2.6001456664238893,1.9001,6.7955,,1.6851364374160767,3.4173387191924525e-05,,,,,,,,,,,,,,,
sft_lora_esm3_qwen3_8b_it_0226_151416,1503,2.614712308812819,1.8406,6.6742,,2.037606716156006,3.297589669175041e-05,,,,,,,,,,,,,,,
sft_lora_esm3_qwen3_8b_it_0226_151416,1504,2.629278951201748,1.7665,6.6849,,1.3286734819412231,3.17956076900766e-05,,,,,,,,,,,,,,,
sft_lora_esm3_qwen3_8b_it_0226_151416,1505,2.6438455935906773,1.9192,6.515,,1.1184194087982178,3.0632823103890975e-05,,,,,,,,,,,,,,,
sft_lora_esm3_qwen3_8b_it_0226_151416,1506,2.6584122359796067,1.8852,6.9653,,1.7763433456420898,2.9487841357735324e-05,,,,,,,,,,,,,,,
sft_lora_esm3_qwen3_8b_it_0226_151416,1507,2.672978878368536,1.8751,6.6437,,1.7530319690704346,2.8360956307115595e-05,,,,,,,,,,,,,,,
sft_lora_esm3_qwen3_8b_it_0226_151416,1508,2.6875455207574657,1.8769,6.5536,,0.8686817288398743,2.7252457163084945e-05,,,,,,,,,,,,,,,
sft_lora_esm3_qwen3_8b_it_0226_151416,1509,2.7021121631463947,1.8416,6.8727,,1.8024789094924927,2.6162628418018907e-05,,,,,,,,,,,,,,,
sft_lora_esm3_qwen3_8b_it_0226_151416,1510,2.716678805535324,1.7773,6.6614,,0.8514877557754517,2.5091749772601224e-05,,,,,,,,,,,,,,,
sft_lora_esm3_qwen3_8b_it_0226_151416,1511,2.7312454479242536,1.8429,6.5625,,1.2538639307022095,2.404009606403973e-05,,,,,,,,,,,,,,,
sft_lora_esm3_qwen3_8b_it_0226_151416,1512,2.7458120903131826,2.0061,7.0936,,1.6210618019104004,2.300793719553046e-05,,,,,,,,,,,,,,,
sft_lora_esm3_qwen3_8b_it_0226_151416,1513,2.760378732702112,1.7446,6.6233,,1.734194278717041,2.1995538066987787e-05,,,,,,,,,,,,,,,
sft_lora_esm3_qwen3_8b_it_0226_151416,1514,2.7749453750910416,1.8527,6.7172,,1.315201997756958,2.1003158507058883e-05,,,,,,,,,,,,,,,
sft_lora_esm3_qwen3_8b_it_0226_151416,1515,2.789512017479971,1.9213,7.0297,,1.045578122138977,2.00310532064396e-05,,,,,,,,,,,,,,,
sft_lora_esm3_qwen3_8b_it_0226_151416,1516,2.8040786598689005,1.8408,6.5936,,1.5237945318222046,1.9079471652509097e-05,,,,,,,,,,,,,,,
sft_lora_esm3_qwen3_8b_it_0226_151416,1517,2.814275309541151,1.8692,,,,,,,,,,,,,,,,,,,
sft_lora_esm3_qwen3_8b_it_0226_151416,1518,2.814275309541151,2.288,,1.9421406984329224,,,,,,,,,,,,,,,,,
sft_lora_esm3_qwen3_8b_it_0226_151416,1677,,,,,,,,,,,,,,,,,,,,,
sft_text_qwen3_8b_it_0227_145821,0,0.011484352569623888,4.5376,18.1454,,3.816340446472168,1.8e-05,,,,,,,,,,,,,,,
sft_text_qwen3_8b_it_0227_145821,1,0.022968705139247775,4.4991,17.9101,,3.020667314529419,3.8e-05,,,,,,,,,,,,,,,
sft_text_qwen3_8b_it_0227_145821,2,0.034453057708871665,4.0221,15.594,,2.9991798400878906,5.8e-05,,,,,,,,,,,,,,,
sft_text_qwen3_8b_it_0227_145821,3,0.04593741027849555,3.8487,14.683,,0.9911268353462219,7.800000000000001e-05,,,,,,,,,,,,,,,
sft_text_qwen3_8b_it_0227_145821,4,0.05742176284811944,3.533,13.4692,,1.7624354362487793,9.8e-05,,,,,,,,,,,,,,,
sft_text_qwen3_8b_it_0227_145821,5,0.06890611541774333,3.579,13.5845,,0.9984031915664673,0.000118,,,,,,,,,,,,,,,
sft_text_qwen3_8b_it_0227_145821,6,0.08039046798736721,3.4705,12.9416,,0.6941990852355957,0.000138,,,,,,,,,,,,,,,
sft_text_qwen3_8b_it_0227_145821,7,0.0918748205569911,3.2594,12.449,,1.0626065731048584,0.00015800000000000002,,,,,,,,,,,,,,,
sft_text_qwen3_8b_it_0227_145821,8,0.10335917312661498,3.306,12.3319,,0.8446078896522522,0.00017800000000000002,,,,,,,,,,,,,,,
sft_text_qwen3_8b_it_0227_145821,9,0.11484352569623887,3.1336,11.7616,,1.5496530532836914,0.00019800000000000002,,,,,,,,,,,,,,,
sft_text_qwen3_8b_it_0227_145821,10,0.12632787826586275,3.1413,12.1389,,1.1258538961410522,0.0001999936705611274,,,,,,,,,,,,,,,
sft_text_qwen3_8b_it_0227_145821,11,0.13781223083548666,3.1412,11.8458,,0.9942501187324524,0.00019997179204800958,,,,,,,,,,,,,,,
sft_text_qwen3_8b_it_0227_145821,12,0.14929658340511054,2.9172,11.4568,,0.9108590483665466,0.00019993428973783068,,,,,,,,,,,,,,,
sft_text_qwen3_8b_it_0227_145821,13,0.16078093597473442,3.1344,11.9454,,1.3215534687042236,0.0001998811694915288,,,,,,,,,,,,,,,
sft_text_qwen3_8b_it_0227_145821,14,0.17226528854435832,3.0135,11.1461,,1.353407859802246,0.00019981243961084515,,,,,,,,,,,,,,,
sft_text_qwen3_8b_it_0227_145821,15,0.1837496411139822,3.2009,11.9888,,1.0845580101013184,0.0001997281108370267,,,,,,,,,,,,,,,
sft_text_qwen3_8b_it_0227_145821,16,0.19523399368360608,3.0286,11.6999,,1.766933560371399,0.00019962819634914756,,,,,,,,,,,,,,,
sft_text_qwen3_8b_it_0227_145821,17,0.20671834625322996,3.0336,11.3601,,1.105730652809143,0.0001995127117620491,,,,,,,,,,,,,,,
sft_text_qwen3_8b_it_0227_145821,18,0.21820269882285387,3.1716,11.7995,,1.449303388595581,0.00019938167512389984,,,,,,,,,,,,,,,
sft_text_qwen3_8b_it_0227_145821,19,0.22968705139247775,2.9843,11.2201,,1.366866946220398,0.00019923510691337488,,,,,,,,,,,,,,,
sft_text_qwen3_8b_it_0227_145821,20,0.24117140396210163,3.167,11.7225,,1.3761245012283325,0.00019907303003645525,,,,,,,,,,,,,,,
sft_text_qwen3_8b_it_0227_145821,21,0.2526557565317255,3.0507,11.2739,,1.8108783960342407,0.00019889546982284834,,,,,,,,,,,,,,,
sft_text_qwen3_8b_it_0227_145821,22,0.2641401091013494,3.0244,11.3366,,1.6387947797775269,0.00019870245402202908,,,,,,,,,,,,,,,
sft_text_qwen3_8b_it_0227_145821,23,0.2756244616709733,3.0776,11.6222,,1.435294270515442,0.0001984940127989034,,,,,,,,,,,,,,,
sft_text_qwen3_8b_it_0227_145821,24,0.2871088142405972,2.9201,10.6962,,1.9811415672302246,0.0001982701787290939,,,,,,,,,,,,,,,
sft_text_qwen3_8b_it_0227_145821,25,0.2871088142405972,2.9741,,2.806788921356201,,,,,,,,,,,,,,,,,
sft_text_qwen3_8b_it_0227_145821,250,0.2985931668102211,3.0862,11.5303,,1.7462834119796753,0.00019803098679384892,,,,,,,,,,,,,,,
sft_text_qwen3_8b_it_0227_145821,251,0.31007751937984496,3.1233,11.278,,2.0601179599761963,0.00019777647437457555,,,,,,,,,,,,,,,
sft_text_qwen3_8b_it_0227_145821,252,0.32156187194946884,2.8893,10.9296,,1.4486178159713745,0.00019750668124699755,,,,,,,,,,,,,,,
sft_text_qwen3_8b_it_0227_145821,253,0.3330462245190927,3.0268,11.4722,,1.6543262004852295,0.00019722164957493922,,,,,,,,,,,,,,,
sft_text_qwen3_8b_it_0227_145821,254,0.34453057708871665,2.8559,10.776,,1.8708370923995972,0.0001969214239037359,,,,,,,,,,,,,,,
sft_text_qwen3_8b_it_0227_145821,255,0.35601492965834053,2.9357,11.157,,1.9551924467086792,0.00019660605115327234,,,,,,,,,,,,,,,
sft_text_qwen3_8b_it_0227_145821,256,0.3674992822279644,2.894,11.1142,,1.5406196117401123,0.0001962755806106499,,,,,,,,,,,,,,,
sft_text_qwen3_8b_it_0227_145821,257,0.3789836347975883,2.7709,10.7799,,2.1054861545562744,0.00019593006392248395,,,,,,,,,,,,,,,
sft_text_qwen3_8b_it_0227_145821,258,0.39046798736721217,3.018,11.3805,,1.558320164680481,0.00019556955508683247,,,,,,,,,,,,,,,
sft_text_qwen3_8b_it_0227_145821,259,0.40195233993683605,2.9899,11.1385,,1.8649202585220337,0.00019519411044475695,,,,,,,,,,,,,,,
sft_text_qwen3_8b_it_0227_145821,260,0.4134366925064599,2.7881,10.7258,,2.6985745429992676,0.00019480378867151746,,,,,,,,,,,,,,,
sft_text_qwen3_8b_it_0227_145821,261,0.42492104507608386,2.8439,11.2027,,1.6949360370635986,0.0001943986507674026,,,,,,,,,,,,,,,
sft_text_qwen3_8b_it_0227_145821,262,0.43640539764570774,3.0444,10.9383,,2.105898857116699,0.00019397876004819648,,,,,,,,,,,,,,,
sft_text_qwen3_8b_it_0227_145821,263,0.4478897502153316,2.9233,10.7999,,1.4517185688018799,0.0001935441821352834,,,,,,,,,,,,,,,
sft_text_qwen3_8b_it_0227_145821,264,0.4593741027849555,2.9809,11.0493,,1.5564035177230835,0.00019309498494539238,,,,,,,,,,,,,,,
sft_text_qwen3_8b_it_0227_145821,265,0.4708584553545794,2.9635,10.5368,,1.9245755672454834,0.00019263123867998324,,,,,,,,,,,,,,,
sft_text_qwen3_8b_it_0227_145821,266,0.48234280792420325,2.9312,11.0307,,1.9731038808822632,0.00019215301581427516,,,,,,,,,,,,,,,
sft_text_qwen3_8b_it_0227_145821,267,0.49382716049382713,3.0295,10.8169,,2.5472066402435303,0.0001916603910859201,,,,,,,,,,,,,,,
sft_text_qwen3_8b_it_0227_145821,268,0.505311513063451,2.8145,10.6851,,1.5984545946121216,0.0001911534414833227,,,,,,,,,,,,,,,
sft_text_qwen3_8b_it_0227_145821,269,0.5167958656330749,2.9801,11.0532,,1.9853497743606567,0.0001906322462336085,,,,,,,,,,,,,,,
sft_text_qwen3_8b_it_0227_145821,270,0.5282802182026988,2.7308,10.5266,,1.631704568862915,0.0001900968867902419,,,,,,,,,,,,,,,
sft_text_qwen3_8b_it_0227_145821,271,0.5397645707723228,2.9123,10.8593,,1.794052004814148,0.00018954744682029672,,,,,,,,,,,,,,,
sft_text_qwen3_8b_it_0227_145821,272,0.5512489233419466,2.7919,10.8431,,2.073129177093506,0.00018898401219138026,,,,,,,,,,,,,,,
sft_text_qwen3_8b_it_0227_145821,273,0.5627332759115705,2.7106,10.4898,,1.9378750324249268,0.000188406670958214,,,,,,,,,,,,,,,
sft_text_qwen3_8b_it_0227_145821,274,0.5742176284811944,2.9523,10.858,,2.0858750343322754,0.00018781551334887201,,,,,,,,,,,,,,,
sft_text_qwen3_8b_it_0227_145821,275,0.5742176284811944,2.8251,,2.6652233600616455,,,,,,,,,,,,,,,,,
sft_text_qwen3_8b_it_0227_145821,500,0.5857019810508183,2.7107,10.3869,,1.8969513177871704,0.00018721063175068005,,,,,,,,,,,,,,,
sft_text_qwen3_8b_it_0227_145821,501,0.5971863336204422,2.8134,10.9073,,2.4268229007720947,0.00018659212069577712,,,,,,,,,,,,,,,
sft_text_qwen3_8b_it_0227_145821,502,0.608670686190066,2.9293,10.712,,2.5478057861328125,0.00018596007684634162,,,,,,,,,,,,,,,
sft_text_qwen3_8b_it_0227_145821,503,0.6201550387596899,2.7366,10.5203,,1.8368093967437744,0.0001853145989794849,,,,,,,,,,,,,,,
sft_text_qwen3_8b_it_0227_145821,504,0.6316393913293138,2.8248,10.8697,,2.2753608226776123,0.00018465578797181422,,,,,,,,,,,,,,,
sft_text_qwen3_8b_it_0227_145821,505,0.6431237438989377,2.7601,10.3612,,1.7376683950424194,0.0001839837467836674,,,,,,,,,,,,,,,
sft_text_qwen3_8b_it_0227_145821,506,0.6546080964685616,2.8804,10.8454,,1.859413504600525,0.00018329858044302213,,,,,,,,,,,,,,,
sft_text_qwen3_8b_it_0227_145821,507,0.6660924490381854,2.9324,10.7009,,2.1441571712493896,0.0001826003960290818,,,,,,,,,,,,,,,
sft_text_qwen3_8b_it_0227_145821,508,0.6775768016078093,2.6149,10.4228,,1.896284818649292,0.00018188930265554114,,,,,,,,,,,,,,,
sft_text_qwen3_8b_it_0227_145821,509,0.6890611541774333,2.8303,10.744,,1.5589299201965332,0.00018116541145353358,,,,,,,,,,,,,,,
sft_text_qwen3_8b_it_0227_145821,510,0.7005455067470572,2.6527,10.2683,,1.7735536098480225,0.00018042883555426337,,,,,,,,,,,,,,,
sft_text_qwen3_8b_it_0227_145821,511,0.7120298593166811,2.9066,10.6667,,2.2831737995147705,0.00017967969007132547,,,,,,,,,,,,,,,
sft_text_qwen3_8b_it_0227_145821,512,0.7235142118863049,2.8782,10.4688,,2.080324649810791,0.00017891809208271515,,,,,,,,,,,,,,,
sft_text_qwen3_8b_it_0227_145821,513,0.7349985644559288,2.7354,10.2602,,1.6941648721694946,0.00017814416061253077,,,,,,,,,,,,,,,
sft_text_qwen3_8b_it_0227_145821,514,0.7464829170255527,2.8917,10.73,,1.7671680450439453,0.00017735801661237263,,,,,,,,,,,,,,,
sft_text_qwen3_8b_it_0227_145821,515,0.7579672695951766,2.6415,10.1335,,1.7084522247314453,0.00017655978294244028,,,,,,,,,,,,,,,
sft_text_qwen3_8b_it_0227_145821,516,0.7694516221648005,2.7964,10.7371,,2.633629560470581,0.00017574958435233163,,,,,,,,,,,,,,,
sft_text_qwen3_8b_it_0227_145821,517,0.7809359747344243,2.7843,10.5565,,2.3246004581451416,0.000174927547461547,,,,,,,,,,,,,,,
sft_text_qwen3_8b_it_0227_145821,518,0.7924203273040482,2.6484,10.2096,,2.101207971572876,0.00017409380073970065,,,,,,,,,,,,,,,
sft_text_qwen3_8b_it_0227_145821,519,0.8039046798736721,2.8888,10.5559,,2.229749917984009,0.00017324847448644322,,,,,,,,,,,,,,,
sft_text_qwen3_8b_it_0227_145821,520,0.815389032443296,2.7085,10.1144,,1.8825560808181763,0.0001723917008110984,,,,,,,,,,,,,,,
sft_text_qwen3_8b_it_0227_145821,521,0.8268733850129198,2.8498,10.5224,,2.1480143070220947,0.0001715236136120164,,,,,,,,,,,,,,,
sft_text_qwen3_8b_it_0227_145821,522,0.8383577375825438,2.8151,10.3876,,2.684519052505493,0.00017064434855564836,,,,,,,,,,,,,,,
sft_text_qwen3_8b_it_0227_145821,523,0.8498420901521677,2.7188,10.3298,,2.155085563659668,0.00016975404305534373,,,,,,,,,,,,,,,
sft_text_qwen3_8b_it_0227_145821,524,0.8613264427217916,2.8121,10.5344,,1.9663681983947754,0.00016885283624987532,,,,,,,,,,,,,,,
sft_text_qwen3_8b_it_0227_145821,525,0.8613264427217916,2.7484,,2.594256639480591,,,,,,,,,,,,,,,,,
sft_text_qwen3_8b_it_0227_145821,750,0.8728107952914155,2.6973,10.1368,,1.6961894035339355,0.00016794086898169427,,,,,,,,,,,,,,,
sft_text_qwen3_8b_it_0227_145821,751,0.8842951478610394,2.5862,10.51,,2.3415768146514893,0.00016701828377491896,,,,,,,,,,,,,,,
sft_text_qwen3_8b_it_0227_145821,752,0.8957795004306632,2.7342,10.4456,,1.8743754625320435,0.00016608522481306108,,,,,,,,,,,,,,,
sft_text_qwen3_8b_it_0227_145821,753,0.9072638530002871,2.6824,10.3721,,1.4130280017852783,0.00016514183791649216,,,,,,,,,,,,,,,
sft_text_qwen3_8b_it_0227_145821,754,0.918748205569911,2.7729,10.5003,,2.396296262741089,0.0001641882705196547,,,,,,,,,,,,,,,
sft_text_qwen3_8b_it_0227_145821,755,0.9302325581395349,2.8279,10.5493,,3.5211660861968994,0.00016322467164802066,,,,,,,,,,,,,,,
sft_text_qwen3_8b_it_0227_145821,756,0.9417169107091587,2.7021,10.2105,,1.807633638381958,0.00016225119189480146,,,,,,,,,,,,,,,
sft_text_qwen3_8b_it_0227_145821,757,0.9532012632787826,2.7409,10.4061,,2.395111083984375,0.00016126798339741305,,,,,,,,,,,,,,,
sft_text_qwen3_8b_it_0227_145821,758,0.9646856158484065,2.7185,10.4814,,2.492344379425049,0.00016027519981369945,,,,,,,,,,,,,,,
sft_text_qwen3_8b_it_0227_145821,759,0.9761699684180304,2.7443,10.2318,,1.572236180305481,0.0001592729962979189,,,,,,,,,,,,,,,
sft_text_qwen3_8b_it_0227_145821,760,0.9876543209876543,2.8974,10.5167,,1.6852022409439087,0.00015826152947649594,,,,,,,,,,,,,,,
sft_text_qwen3_8b_it_0227_145821,761,1.005742176284812,2.6658,10.2226,,1.8628910779953003,0.00015724095742354356,,,,,,,,,,,,,,,
sft_text_qwen3_8b_it_0227_145821,762,1.0172265288544358,2.8119,10.5701,,1.8886420726776123,0.00015621143963615903,,,,,,,,,,,,,,,
sft_text_qwen3_8b_it_0227_145821,763,1.0287108814240598,2.6477,9.8717,,1.9219553470611572,0.0001551731370094974,,,,,,,,,,,,,,,
sft_text_qwen3_8b_it_0227_145821,764,1.0401952339936835,2.7826,10.4681,,2.323761463165283,0.00015412621181162646,,,,,,,,,,,,,,,
sft_text_qwen3_8b_it_0227_145821,765,1.0516795865633075,2.7143,10.3476,,2.5837512016296387,0.00015307082765816707,,,,,,,,,,,,,,,
sft_text_qwen3_8b_it_0227_145821,766,1.0631639391329313,2.6506,10.1515,,2.2591183185577393,0.0001520071494867231,,,,,,,,,,,,,,,
sft_text_qwen3_8b_it_0227_145821,767,1.0746482917025553,2.8159,10.441,,2.022573232650757,0.00015093534353110468,,,,,,,,,,,,,,,
sft_text_qwen3_8b_it_0227_145821,768,1.0861326442721793,2.6115,9.9178,,1.844373106956482,0.00014985557729534858,,,,,,,,,,,,,,,
sft_text_qwen3_8b_it_0227_145821,769,1.097616996841803,2.8271,10.5049,,1.9973095655441284,0.00014876801952754063,,,,,,,,,,,,,,,
sft_text_qwen3_8b_it_0227_145821,770,1.109101349411427,2.6559,10.2173,,3.3344767093658447,0.0001476728401934432,,,,,,,,,,,,,,,
sft_text_qwen3_8b_it_0227_145821,771,1.1205857019810508,2.6694,10.017,,1.9697388410568237,0.00014657021044993282,,,,,,,,,,,,,,,
sft_text_qwen3_8b_it_0227_145821,772,1.1320700545506748,2.669,10.3689,,1.9830703735351562,0.00014546030261825118,,,,,,,,,,,,,,,
sft_text_qwen3_8b_it_0227_145821,773,1.1435544071202985,2.534,9.8731,,1.6914516687393188,0.00014434329015707467,,,,,,,,,,,,,,,
sft_text_qwen3_8b_it_0227_145821,774,1.1550387596899225,2.6768,10.2221,,2.6716678142547607,0.00014321934763540566,,,,,,,,,,,,,,,
sft_text_qwen3_8b_it_0227_145821,775,1.1550387596899225,2.7101,,2.540105104446411,,,,,,,,,,,,,,,,,
sft_text_qwen3_8b_it_0227_145821,1000,1.1665231122595463,2.7203,10.2222,,2.798729419708252,0.00014208865070529072,,,,,,,,,,,,,,,
sft_text_qwen3_8b_it_0227_145821,1001,1.1780074648291703,2.6762,10.03,,1.5987588167190552,0.00014095137607436913,,,,,,,,,,,,,,,
sft_text_qwen3_8b_it_0227_145821,1002,1.189491817398794,2.6736,10.4999,,1.7673509120941162,0.00013980770147825687,,,,,,,,,,,,,,,
sft_text_qwen3_8b_it_0227_145821,1003,1.200976169968418,2.6274,9.943,,1.298446536064148,0.00013865780565276955,,,,,,,,,,,,,,,
sft_text_qwen3_8b_it_0227_145821,1004,1.2124605225380418,2.7541,10.2567,,2.402107000350952,0.00013750186830598942,,,,,,,,,,,,,,,
sft_text_qwen3_8b_it_0227_145821,1005,1.2239448751076658,2.7636,10.3422,,3.811060905456543,0.00013634007009017985,,,,,,,,,,,,,,,
sft_text_qwen3_8b_it_0227_145821,1006,1.2354292276772898,2.6526,9.9736,,1.7752268314361572,0.00013517259257355316,,,,,,,,,,,,,,,
sft_text_qwen3_8b_it_0227_145821,1007,1.2469135802469136,2.7454,10.1864,,2.2611188888549805,0.0001339996182118942,,,,,,,,,,,,,,,
sft_text_qwen3_8b_it_0227_145821,1008,1.2583979328165373,2.5693,9.8608,,1.5804643630981445,0.00013282133032004628,,,,,,,,,,,,,,,
sft_text_qwen3_8b_it_0227_145821,1009,1.2698822853861613,2.6874,10.3873,,2.5360143184661865,0.00013163791304326194,,,,,,,,,,,,,,,
sft_text_qwen3_8b_it_0227_145821,1010,1.2813666379557853,2.8151,10.0384,,4.122328281402588,0.00013044955132842466,,,,,,,,,,,,,,,
sft_text_qwen3_8b_it_0227_145821,1011,1.292850990525409,2.6999,9.9615,,2.1580822467803955,0.0001292564308951448,,,,,,,,,,,,,,,
sft_text_qwen3_8b_it_0227_145821,1012,1.304335343095033,2.7804,10.3675,,1.8384631872177124,0.0001280587382067351,,,,,,,,,,,,,,,
sft_text_qwen3_8b_it_0227_145821,1013,1.3158196956646568,2.6533,9.8217,,1.7558964490890503,0.00012685666044106952,,,,,,,,,,,,,,,
sft_text_qwen3_8b_it_0227_145821,1014,1.3273040482342808,2.7226,10.2723,,1.8693684339523315,0.00012565038546133114,,,,,,,,,,,,,,,
sft_text_qwen3_8b_it_0227_145821,1015,1.3387884008039046,2.7038,10.3035,,3.3916542530059814,0.00012444010178665215,,,,,,,,,,,,,,,
sft_text_qwen3_8b_it_0227_145821,1016,1.3502727533735286,2.5954,9.8283,,1.9291446208953857,0.00012322599856265186,,,,,,,,,,,,,,,
sft_text_qwen3_8b_it_0227_145821,1017,1.3617571059431524,2.5554,10.1044,,2.0059523582458496,0.00012200826553187659,,,,,,,,,,,,,,,
sft_text_qwen3_8b_it_0227_145821,1018,1.3732414585127763,2.6216,9.9607,,2.331772804260254,0.00012078709300414633,,,,,,,,,,,,,,,
sft_text_qwen3_8b_it_0227_145821,1019,1.3847258110824003,2.5902,10.1432,,2.038835287094116,0.00011956267182681264,,,,,,,,,,,,,,,
sft_text_qwen3_8b_it_0227_145821,1020,1.396210163652024,2.8596,10.3684,,1.8555049896240234,0.00011833519335493287,,,,,,,,,,,,,,,
sft_text_qwen3_8b_it_0227_145821,1021,1.4076945162216479,2.6151,9.8516,,2.511232376098633,0.00011710484942136449,,,,,,,,,,,,,,,
sft_text_qwen3_8b_it_0227_145821,1022,1.4191788687912719,2.5734,9.9483,,1.96449875831604,0.00011587183230678532,,,,,,,,,,,,,,,
sft_text_qwen3_8b_it_0227_145821,1023,1.4306632213608959,2.6669,10.3722,,2.0601511001586914,0.00011463633470964331,,,,,,,,,,,,,,,
sft_text_qwen3_8b_it_0227_145821,1024,1.4421475739305196,2.6868,9.7424,,1.840893268585205,0.00011339854971604138,,,,,,,,,,,,,,,
sft_text_qwen3_8b_it_0227_145821,1025,1.4421475739305196,2.6584,,2.498920440673828,,,,,,,,,,,,,,,,,
sft_text_qwen3_8b_it_0227_145821,1250,1.4536319265001436,2.7416,10.2895,,2.4981331825256348,0.0001121586707695615,,,,,,,,,,,,,,,
sft_text_qwen3_8b_it_0227_145821,1251,1.4651162790697674,2.7981,10.0707,,2.372943639755249,0.00011091689164103281,,,,,,,,,,,,,,,
sft_text_qwen3_8b_it_0227_145821,1252,1.4766006316393914,2.6387,9.799,,1.7703614234924316,0.00010967340639824885,,,,,,,,,,,,,,,
sft_text_qwen3_8b_it_0227_145821,1253,1.4880849842090151,2.7374,10.1612,,1.9053651094436646,0.0001084284093756382,,,,,,,,,,,,,,,
sft_text_qwen3_8b_it_0227_145821,1254,1.4995693367786391,2.6659,9.8363,,1.802343487739563,0.00010718209514389354,,,,,,,,,,,,,,,
sft_text_qwen3_8b_it_0227_145821,1255,1.511053689348263,2.6975,10.0832,,2.033390522003174,0.00010593465847956359,,,,,,,,,,,,,,,
sft_text_qwen3_8b_it_0227_145821,1256,1.5225380419178869,2.6774,10.0465,,2.0948891639709473,0.00010468629433461325,,,,,,,,,,,,,,,
sft_text_qwen3_8b_it_0227_145821,1257,1.5340223944875109,2.5572,9.9134,,1.6494779586791992,0.00010343719780595593,,,,,,,,,,,,,,,
sft_text_qwen3_8b_it_0227_145821,1258,1.5455067470571346,2.5609,10.1008,,1.817383885383606,0.00010218756410496354,,,,,,,,,,,,,,,
sft_text_qwen3_8b_it_0227_145821,1259,1.5569910996267584,2.4954,9.7699,,1.851475477218628,0.00010093758852695827,,,,,,,,,,,,,,,
sft_text_qwen3_8b_it_0227_145821,1260,1.5684754521963824,2.6583,10.0757,,2.0066637992858887,9.968746642069164e-05,,,,,,,,,,,,,,,
sft_text_qwen3_8b_it_0227_145821,1261,1.5799598047660064,2.6742,9.9109,,2.3012351989746094,9.843739315781496e-05,,,,,,,,,,,,,,,
sft_text_qwen3_8b_it_0227_145821,1262,1.5914441573356302,2.5388,9.917,,1.6973363161087036,9.718756410234607e-05,,,,,,,,,,,,,,,
sft_text_qwen3_8b_it_0227_145821,1263,1.602928509905254,2.6875,10.1456,,1.9420347213745117,9.593817458013762e-05,,,,,,,,,,,,,,,
sft_text_qwen3_8b_it_0227_145821,1264,1.614412862474878,2.6203,9.6838,,1.934922218322754,9.468941984835107e-05,,,,,,,,,,,,,,,
sft_text_qwen3_8b_it_0227_145821,1265,1.625897215044502,2.568,10.1266,,1.9406102895736694,9.344149506494168e-05,,,,,,,,,,,,,,,
sft_text_qwen3_8b_it_0227_145821,1266,1.637381567614126,2.687,10.0575,,2.5864198207855225,9.21945952581585e-05,,,,,,,,,,,,,,,
sft_text_qwen3_8b_it_0227_145821,1267,1.6488659201837497,2.5538,9.8104,,1.7677538394927979,9.094891529606517e-05,,,,,,,,,,,,,,,
sft_text_qwen3_8b_it_0227_145821,1268,1.6603502727533734,2.7026,10.1172,,2.0929908752441406,8.97046498560855e-05,,,,,,,,,,,,,,,
sft_text_qwen3_8b_it_0227_145821,1269,1.6718346253229974,2.5928,9.776,,1.8224167823791504,8.846199339457895e-05,,,,,,,,,,,,,,,
sft_text_qwen3_8b_it_0227_145821,1270,1.6833189778926214,2.5888,10.0,,2.4588749408721924,8.722114011645042e-05,,,,,,,,,,,,,,,
sft_text_qwen3_8b_it_0227_145821,1271,1.6948033304622452,2.6144,10.0819,,2.1573173999786377,8.598228394479967e-05,,,,,,,,,,,,,,,
sft_text_qwen3_8b_it_0227_145821,1272,1.706287683031869,2.5109,9.629,,2.0941851139068604,8.474561849061445e-05,,,,,,,,,,,,,,,
sft_text_qwen3_8b_it_0227_145821,1273,1.717772035601493,2.642,9.9394,,2.1064977645874023,8.351133702251288e-05,,,,,,,,,,,,,,,
sft_text_qwen3_8b_it_0227_145821,1274,1.729256388171117,2.7062,9.5943,,1.9438080787658691,8.227963243653866e-05,,,,,,,,,,,,,,,
sft_text_qwen3_8b_it_0227_145821,1275,1.729256388171117,2.5406,,2.4697582721710205,,,,,,,,,,,,,,,,,
sft_text_qwen3_8b_it_0227_145821,1500,1.7407407407407407,2.631,9.9909,,2.4041049480438232,8.105069722601514e-05,,,,,,,,,,,,,,,
sft_text_qwen3_8b_it_0227_145821,1501,1.7522250933103645,2.6183,9.9461,,2.370748996734619,7.98247234514619e-05,,,,,,,,,,,,,,,
sft_text_qwen3_8b_it_0227_145821,1502,1.7637094458799885,2.586,9.7121,,1.7350001335144043,7.860190271057938e-05,,,,,,,,,,,,,,,
sft_text_qwen3_8b_it_0227_145821,1503,1.7751937984496124,2.6233,10.094,,2.059534788131714,7.738242610830531e-05,,,,,,,,,,,,,,,
sft_text_qwen3_8b_it_0227_145821,1504,1.7866781510192364,2.4564,9.5555,,1.7368675470352173,7.616648422694858e-05,,,,,,,,,,,,,,,
sft_text_qwen3_8b_it_0227_145821,1505,1.7981625035888602,2.5458,9.9757,,1.9910564422607422,7.495426709640463e-05,,,,,,,,,,,,,,,
sft_text_qwen3_8b_it_0227_145821,1506,1.809646856158484,2.7308,9.8849,,1.9880133867263794,7.374596416445732e-05,,,,,,,,,,,,,,,
sft_text_qwen3_8b_it_0227_145821,1507,1.821131208728108,2.6096,9.6208,,1.7965654134750366,7.254176426717131e-05,,,,,,,,,,,,,,,
sft_text_qwen3_8b_it_0227_145821,1508,1.832615561297732,2.7268,9.9804,,1.9211150407791138,7.134185559938071e-05,,,,,,,,,,,,,,,
sft_text_qwen3_8b_it_0227_145821,1509,1.8440999138673557,2.5343,9.5457,,1.993802785873413,7.01464256852774e-05,,,,,,,,,,,,,,,
sft_text_qwen3_8b_it_0227_145821,1510,1.8555842664369795,2.6696,10.0774,,1.8992297649383545,6.895566134910449e-05,,,,,,,,,,,,,,,
sft_text_qwen3_8b_it_0227_145821,1511,1.8670686190066035,2.5742,9.8314,,2.720574378967285,6.776974868595898e-05,,,,,,,,,,,,,,,
sft_text_qwen3_8b_it_0227_145821,1512,1.8785529715762275,2.5217,9.6932,,2.0835330486297607,6.658887303270835e-05,,,,,,,,,,,,,,,
sft_text_qwen3_8b_it_0227_145821,1513,1.8900373241458512,2.4664,9.9188,,1.8861923217773438,6.54132189390259e-05,,,,,,,,,,,,,,,
sft_text_qwen3_8b_it_0227_145821,1514,1.901521676715475,2.5462,9.7917,,2.1813435554504395,6.424297013854892e-05,,,,,,,,,,,,,,,
sft_text_qwen3_8b_it_0227_145821,1515,1.913006029285099,2.6513,9.9579,,1.6701551675796509,6.307830952016427e-05,,,,,,,,,,,,,,,
sft_text_qwen3_8b_it_0227_145821,1516,1.924490381854723,2.616,9.9317,,1.563533067703247,6.19194190994263e-05,,,,,,,,,,,,,,,
sft_text_qwen3_8b_it_0227_145821,1517,1.935974734424347,2.6344,9.7812,,2.0742053985595703,6.0766479990110925e-05,,,,,,,,,,,,,,,
sft_text_qwen3_8b_it_0227_145821,1518,1.9474590869939707,2.5792,9.9131,,1.971114993095398,5.9619672375911065e-05,,,,,,,,,,,,,,,
sft_text_qwen3_8b_it_0227_145821,1519,1.9589434395635945,2.5332,9.8647,,1.688248872756958,5.8479175482276795e-05,,,,,,,,,,,,,,,
sft_text_qwen3_8b_it_0227_145821,1520,1.9704277921332185,2.5641,9.6964,,2.1883153915405273,5.734516754840589e-05,,,,,,,,,,,,,,,
sft_text_qwen3_8b_it_0227_145821,1521,1.9819121447028425,2.6923,10.0342,,1.8563333749771118,5.621782579938822e-05,,,,,,,,,,,,,,,
sft_text_qwen3_8b_it_0227_145821,1522,1.9933964972724663,2.735,9.6531,,1.731579065322876,5.5097326418508465e-05,,,,,,,,,,,,,,,
sft_text_qwen3_8b_it_0227_145821,1523,2.011484352569624,2.5665,10.1033,,1.8264943361282349,5.39838445197121e-05,,,,,,,,,,,,,,,
sft_text_qwen3_8b_it_0227_145821,1524,2.022968705139248,2.6765,9.8365,,2.38311505317688,5.287755412023787e-05,,,,,,,,,,,,,,,
sft_text_qwen3_8b_it_0227_145821,1525,2.022968705139248,2.5771,,2.446528673171997,,,,,,,,,,,,,,,,,
sft_text_qwen3_8b_it_0227_145821,1750,2.0344530577088715,2.4801,9.5621,,1.6335920095443726,5.177862811342253e-05,,,,,,,,,,,,,,,
sft_text_qwen3_8b_it_0227_145821,1751,2.0459374102784955,2.6529,10.0162,,1.8466925621032715,5.068723824168013e-05,,,,,,,,,,,,,,,
sft_text_qwen3_8b_it_0227_145821,1752,2.0574217628481195,2.5297,9.5638,,1.9654510021209717,4.9603555069662264e-05,,,,,,,,,,,,,,,
sft_text_qwen3_8b_it_0227_145821,1753,2.0689061154177435,2.5788,9.905,,1.9148281812667847,4.8527747957601445e-05,,,,,,,,,,,,,,,
sft_text_qwen3_8b_it_0227_145821,1754,2.080390467987367,2.6756,9.883,,2.639171600341797,4.745998503484361e-05,,,,,,,,,,,,,,,
sft_text_qwen3_8b_it_0227_145821,1755,2.091874820556991,2.5775,9.7246,,2.1539108753204346,4.640043317357205e-05,,,,,,,,,,,,,,,
sft_text_qwen3_8b_it_0227_145821,1756,2.103359173126615,2.5964,9.8157,,1.9771523475646973,4.534925796272861e-05,,,,,,,,,,,,,,,
sft_text_qwen3_8b_it_0227_145821,1757,2.114843525696239,2.5385,9.591,,2.1107285022735596,4.4306623682134873e-05,,,,,,,,,,,,,,,
sft_text_qwen3_8b_it_0227_145821,1758,2.1263278782658626,2.4972,9.7578,,2.0282387733459473,4.327269327681853e-05,,,,,,,,,,,,,,,
sft_text_qwen3_8b_it_0227_145821,1759,2.1378122308354865,2.5929,9.7826,,2.1946089267730713,4.224762833154751e-05,,,,,,,,,,,,,,,
sft_text_qwen3_8b_it_0227_145821,1760,2.1492965834051105,2.359,9.4606,,1.6961091756820679,4.123158904557759e-05,,,,,,,,,,,,,,,
sft_text_qwen3_8b_it_0227_145821,1761,2.1607809359747345,2.5647,9.9075,,1.8380897045135498,4.022473420761582e-05,,,,,,,,,,,,,,,
sft_text_qwen3_8b_it_0227_145821,1762,2.1722652885443585,2.5211,9.3992,,1.9036445617675781,3.9227221171005076e-05,,,,,,,,,,,,,,,
sft_text_qwen3_8b_it_0227_145821,1763,2.183749641113982,2.6692,10.0023,,1.9160805940628052,3.82392058291321e-05,,,,,,,,,,,,,,,
sft_text_qwen3_8b_it_0227_145821,1764,2.195233993683606,2.5179,9.969,,1.9576687812805176,3.7260842591064506e-05,,,,,,,,,,,,,,,
sft_text_qwen3_8b_it_0227_145821,1765,2.20671834625323,2.5538,9.6312,,1.7743330001831055,3.6292284357419173e-05,,,,,,,,,,,,,,,
sft_text_qwen3_8b_it_0227_145821,1766,2.218202698822854,2.6474,9.9154,,1.7249982357025146,3.533368249646699e-05,,,,,,,,,,,,,,,
sft_text_qwen3_8b_it_0227_145821,1767,2.2296870513924776,2.5146,9.5794,,2.0625760555267334,3.438518682047618e-05,,,,,,,,,,,,,,,
sft_text_qwen3_8b_it_0227_145821,1768,2.2411714039621016,2.6744,9.8573,,1.7822327613830566,3.344694556229984e-05,,,,,,,,,,,,,,,
sft_text_qwen3_8b_it_0227_145821,1769,2.2526557565317256,2.5339,9.5882,,1.9595983028411865,3.2519105352209356e-05,,,,,,,,,,,,,,,
sft_text_qwen3_8b_it_0227_145821,1770,2.2641401091013496,2.5567,9.7169,,1.89712655544281,3.1601811194979235e-05,,,,,,,,,,,,,,,
sft_text_qwen3_8b_it_0227_145821,1771,2.275624461670973,2.6243,10.0496,,1.7991825342178345,3.069520644722492e-05,,,,,,,,,,,,,,,
sft_text_qwen3_8b_it_0227_145821,1772,2.287108814240597,2.5396,9.2227,,1.941347599029541,2.979943279499914e-05,,,,,,,,,,,,,,,
sft_text_qwen3_8b_it_0227_145821,1773,2.298593166810221,2.6622,9.9276,,1.9279794692993164,2.8914630231648598e-05,,,,,,,,,,,,,,,
sft_text_qwen3_8b_it_0227_145821,1774,2.310077519379845,2.7206,9.8404,,2.76004958152771,2.804093703593593e-05,,,,,,,,,,,,,,,
sft_text_qwen3_8b_it_0227_145821,1775,2.310077519379845,2.5541,,2.428945541381836,,,,,,,,,,,,,,,,,
sft_text_qwen3_8b_it_0227_145821,2000,2.321561871949469,2.5151,9.5361,,1.8658818006515503,2.7178489750428725e-05,,,,,,,,,,,,,,,
sft_text_qwen3_8b_it_0227_145821,2001,2.3330462245190926,2.6227,10.0821,,1.813912034034729,2.6327423160160812e-05,,,,,,,,,,,,,,,
sft_text_qwen3_8b_it_0227_145821,2002,2.3445305770887166,2.4403,9.4505,,2.2088615894317627,2.5487870271567384e-05,,,,,,,,,,,,,,,
sft_text_qwen3_8b_it_0227_145821,2003,2.3560149296583406,2.5492,9.6794,,1.6531740427017212,2.4659962291698933e-05,,,,,,,,,,,,,,,
sft_text_qwen3_8b_it_0227_145821,2004,2.3674992822279646,2.5567,9.7915,,1.678819179534912,2.3843828607715457e-05,,,,,,,,,,,,,,,
sft_text_qwen3_8b_it_0227_145821,2005,2.378983634797588,2.4381,9.5176,,2.052443027496338,2.303959676666595e-05,,,,,,,,,,,,,,,
sft_text_qwen3_8b_it_0227_145821,2006,2.390467987367212,2.6603,9.9712,,1.8188773393630981,2.224739245555483e-05,,,,,,,,,,,,,,,
sft_text_qwen3_8b_it_0227_145821,2007,2.401952339936836,2.6377,9.8512,,1.5453366041183472,2.1467339481699557e-05,,,,,,,,,,,,,,,
sft_text_qwen3_8b_it_0227_145821,2008,2.41343669250646,2.4108,9.4469,,2.081801414489746,2.0699559753381514e-05,,,,,,,,,,,,,,,
sft_text_qwen3_8b_it_0227_145821,2009,2.4249210450760836,2.4967,9.9015,,1.7392549514770508,1.994417326079414e-05,,,,,,,,,,,,,,,
sft_text_qwen3_8b_it_0227_145821,2010,2.4364053976457076,2.7211,9.7866,,1.6585184335708618,1.920129805729043e-05,,,,,,,,,,,,,,,
sft_text_qwen3_8b_it_0227_145821,2011,2.4478897502153316,2.6221,9.6935,,1.7807790040969849,1.8471050240933575e-05,,,,,,,,,,,,,,,
sft_text_qwen3_8b_it_0227_145821,2012,2.4593741027849556,2.6479,9.8447,,1.7249746322631836,1.77535439363526e-05,,,,,,,,,,,,,,,
sft_text_qwen3_8b_it_0227_145821,2013,2.4708584553545796,2.631,9.4407,,1.9614275693893433,1.7048891276906997e-05,,,,,,,,,,,,,,,
sft_text_qwen3_8b_it_0227_145821,2014,2.482342807924203,2.5793,9.8119,,1.7903144359588623,1.6357202387162086e-05,,,,,,,,,,,,,,,
sft_text_qwen3_8b_it_0227_145821,2015,2.493827160493827,2.7198,9.707,,1.780712604522705,1.567858536567878e-05,,,,,,,,,,,,,,,
sft_text_qwen3_8b_it_0227_145821,2016,2.505311513063451,2.4807,9.5428,,1.7758164405822754,1.5013146268119372e-05,,,,,,,,,,,,,,,
sft_text_qwen3_8b_it_0227_145821,2017,2.5167958656330747,2.6697,9.9215,,1.7100125551223755,1.4360989090673283e-05,,,,,,,,,,,,,,,
sft_text_qwen3_8b_it_0227_145821,2018,2.5282802182026987,2.4227,9.4737,,1.943126916885376,1.3722215753804091e-05,,,,,,,,,,,,,,,
sft_text_qwen3_8b_it_0227_145821,2019,2.5397645707723226,2.5644,9.7224,,1.8033784627914429,1.3096926086321315e-05,,,,,,,,,,,,,,,
sft_text_qwen3_8b_it_0227_145821,2020,2.5512489233419466,2.5007,9.8344,,1.5822949409484863,1.248521780977886e-05,,,,,,,,,,,,,,,
sft_text_qwen3_8b_it_0227_145821,2021,2.5627332759115706,2.4362,9.472,,1.9390690326690674,1.1887186523203009e-05,,,,,,,,,,,,,,,
sft_text_qwen3_8b_it_0227_145821,2022,2.574217628481194,2.6618,9.7928,,1.7862669229507446,1.1302925688151911e-05,,,,,,,,,,,,,,,
sft_text_qwen3_8b_it_0227_145821,2023,2.585701981050818,2.4428,9.4023,,1.8133381605148315,1.0732526614109318e-05,,,,,,,,,,,,,,,
sft_text_qwen3_8b_it_0227_145821,2024,2.597186333620442,2.5296,9.8526,,1.8111674785614014,1.017607844421441e-05,,,,,,,,,,,,,,,
sft_text_qwen3_8b_it_0227_145821,2025,2.597186333620442,2.5327,,2.422112226486206,,,,,,,,,,,,,,,,,
sft_text_qwen3_8b_it_0227_145821,2250,2.608670686190066,2.6653,9.764,,1.5729577541351318,9.633668141330444e-06,,,,,,,,,,,,,,,
sft_text_qwen3_8b_it_0227_145821,2251,2.62015503875969,2.4745,9.5788,,1.8948925733566284,9.105380474453995e-06,,,,,,,,,,,,,,,
sft_text_qwen3_8b_it_0227_145821,2252,2.6316393913293137,2.5087,9.8935,,1.6353416442871094,8.591298005467064e-06,,,,,,,,,,,,,,,
sft_text_qwen3_8b_it_0227_145821,2253,2.6431237438989377,2.5075,9.4558,,1.9000037908554077,8.091501076234098e-06,,,,,,,,,,,,,,,
sft_text_qwen3_8b_it_0227_145821,2254,2.6546080964685617,2.5981,9.8547,,1.7373485565185547,7.606067796046079e-06,,,,,,,,,,,,,,,
sft_text_qwen3_8b_it_0227_145821,2255,2.666092449038185,2.665,9.7645,,1.6080378293991089,7.135074029413391e-06,,,,,,,,,,,,,,,
sft_text_qwen3_8b_it_0227_145821,2256,2.677576801607809,2.3773,9.5581,,1.8957481384277344,6.678593384209597e-06,,,,,,,,,,,,,,,
sft_text_qwen3_8b_it_0227_145821,2257,2.689061154177433,2.5714,9.7871,,1.592992901802063,6.2366972001677735e-06,,,,,,,,,,,,,,,
sft_text_qwen3_8b_it_0227_145821,2258,2.700545506747057,2.4102,9.469,,1.9814555644989014,5.809454537731496e-06,,,,,,,,,,,,,,,
sft_text_qwen3_8b_it_0227_145821,2259,2.712029859316681,2.6655,9.7256,,1.745427131652832,5.396932167261848e-06,,,,,,,,,,,,,,,
sft_text_qwen3_8b_it_0227_145821,2260,2.7235142118863047,2.6402,9.608,,1.5829776525497437,4.999194558602449e-06,,,,,,,,,,,,,,,
sft_text_qwen3_8b_it_0227_145821,2261,2.7349985644559287,2.5069,9.4104,,1.8800137042999268,4.616303871003947e-06,,,,,,,,,,,,,,,
sft_text_qwen3_8b_it_0227_145821,2262,2.7464829170255527,2.6119,9.8532,,1.4911271333694458,4.248319943409695e-06,,,,,,,,,,,,,,,
sft_text_qwen3_8b_it_0227_145821,2263,2.7579672695951767,2.4283,9.3864,,1.9021801948547363,3.895300285103931e-06,,,,,,,,,,,,,,,
sft_text_qwen3_8b_it_0227_145821,2264,2.7694516221648007,2.5234,9.8053,,1.81903076171875,3.5573000667241897e-06,,,,,,,,,,,,,,,
sft_text_qwen3_8b_it_0227_145821,2265,2.780935974734424,2.5512,9.7096,,1.520267367362976,3.234372111639028e-06,,,,,,,,,,,,,,,
sft_text_qwen3_8b_it_0227_145821,2266,2.792420327304048,2.429,9.4409,,1.8241920471191406,2.9265668876927386e-06,,,,,,,,,,,,,,,
sft_text_qwen3_8b_it_0227_145821,2267,2.803904679873672,2.6591,9.7801,,1.6755731105804443,2.633932499318148e-06,,,,,,,,,,,,,,,
sft_text_qwen3_8b_it_0227_145821,2268,2.8153890324432957,2.5159,9.4017,,1.8962863683700562,2.356514680018718e-06,,,,,,,,,,,,,,,
sft_text_qwen3_8b_it_0227_145821,2269,2.8268733850129197,2.6394,9.7074,,1.7876800298690796,2.0943567852211964e-06,,,,,,,,,,,,,,,
sft_text_qwen3_8b_it_0227_145821,2270,2.8383577375825437,2.5997,9.5995,,1.4809834957122803,1.8474997855000176e-06,,,,,,,,,,,,,,,
sft_text_qwen3_8b_it_0227_145821,2271,2.8498420901521677,2.5164,9.6003,,1.9649072885513306,1.6159822601742869e-06,,,,,,,,,,,,,,,
sft_text_qwen3_8b_it_0227_145821,2272,2.8613264427217917,2.5875,9.727,,1.6601852178573608,1.3998403912785508e-06,,,,,,,,,,,,,,,
sft_text_qwen3_8b_it_0227_145821,2273,2.8728107952914153,2.4934,9.4359,,1.9048328399658203,1.19910795790813e-06,,,,,,,,,,,,,,,
sft_text_qwen3_8b_it_0227_145821,2274,2.8842951478610392,2.3806,9.6908,,1.7893764972686768,1.0138163309401537e-06,,,,,,,,,,,,,,,
sft_text_qwen3_8b_it_0227_145821,2275,2.8842951478610392,2.5305,,2.4206364154815674,,,,,,,,,,,,,,,,,
sft_text_qwen3_8b_it_0227_145821,2500,2.8957795004306632,2.5234,9.7274,,1.4042929410934448,8.43994468130771e-07,,,,,,,,,,,,,,,
sft_text_qwen3_8b_it_0227_145821,2501,2.9072638530002872,2.4955,9.6452,,1.808173656463623,6.896689095896136e-07,,,,,,,,,,,,,,,
sft_text_qwen3_8b_it_0227_145821,2502,2.918748205569911,2.5732,9.7336,,1.7700603008270264,5.508637736320488e-07,,,,,,,,,,,,,,,
sft_text_qwen3_8b_it_0227_145821,2503,2.9302325581395348,2.6446,9.8629,,1.6247010231018066,4.2760075300990464e-07,,,,,,,,,,,,,,,
sft_text_qwen3_8b_it_0227_145821,2504,2.9417169107091587,2.5314,9.5396,,1.7387633323669434,3.198991115213046e-07,,,,,,,,,,,,,,,
sft_text_qwen3_8b_it_0227_145821,2505,2.9532012632787827,2.5395,9.667,,1.7766135931015015,2.277756810000531e-07,,,,,,,,,,,,,,,
sft_text_qwen3_8b_it_0227_145821,2506,2.9646856158484063,2.5304,9.7942,,1.6211423873901367,1.5124485868515115e-07,,,,,,,,,,,,,,,
sft_text_qwen3_8b_it_0227_145821,2507,2.9761699684180303,2.5665,9.5946,,1.704308032989502,9.031860497075162e-08,,,,,,,,,,,,,,,
sft_text_qwen3_8b_it_0227_145821,2508,2.9876543209876543,2.729,9.8802,,1.483182430267334,4.5006441536965536e-08,,,,,,,,,,,,,,,
sft_text_qwen3_8b_it_0227_145821,2509,2.9933964972724665,2.492,,,,,,,,,,,,,,,,,,,
sft_text_qwen3_8b_it_0227_145821,2510,2.9933964972724665,2.5513,,2.4151294231414795,,,,,,,,,,,,,,,,,
sft_text_qwen3_8b_it_0227_145821,2595,,,,,,,,,,,,,,,,,,,,,
