experiment,step,epoch,token_avg_loss,loss,eval_loss,grad_norm,learning_rate
sft_esm3_mlp_combined_qwen3_8b_it_0302_201516,1,1.0,3.7186,,,,
sft_esm3_mlp_combined_qwen3_8b_it_0305_100040,10,0.0010366454154356502,3.3421,13.9649,,7.154790878295898,1.8e-05
sft_esm3_mlp_combined_qwen3_8b_it_0305_100040,20,0.0020732908308713003,2.4967,10.6604,,4.600352764129639,3.8e-05
sft_esm3_mlp_combined_qwen3_8b_it_0305_100040,30,0.0031099362463069507,2.0767,8.0732,,2.7731499671936035,5.8e-05
sft_esm3_mlp_combined_qwen3_8b_it_0305_100040,40,0.004146581661742601,1.6069,6.2259,,2.1370832920074463,7.800000000000001e-05
sft_esm3_mlp_combined_qwen3_8b_it_0305_100040,50,0.005183227077178251,1.2765,5.0248,,1.3394055366516113,9.8e-05
sft_esm3_mlp_combined_qwen3_8b_it_0305_100040,60,0.0062198724926139015,1.1421,4.388,,0.9298433661460876,0.000118
sft_esm3_mlp_combined_qwen3_8b_it_0305_100040,70,0.007256517908049552,1.1064,4.1314,,1.7799240350723267,0.000138
sft_esm3_mlp_combined_qwen3_8b_it_0305_100040,80,0.008293163323485201,0.9774,3.6604,,1.1524784564971924,0.00015800000000000002
sft_esm3_mlp_combined_qwen3_8b_it_0305_100040,90,0.009329808738920852,0.9647,3.4756,,0.9791045784950256,0.00017800000000000002
sft_esm3_mlp_combined_qwen3_8b_it_0305_100040,100,0.010366454154356502,0.9661,3.4099,,2.255545139312744,0.00019800000000000002
sft_esm3_mlp_combined_qwen3_8b_it_0305_100040,110,0.011403099569792153,0.8164,3.1106,,0.7476046681404114,0.00019999995194549538
sft_esm3_mlp_combined_qwen3_8b_it_0305_100040,120,0.012439744985227803,0.8238,3.1623,,0.835926353931427,0.00019999978583121766
sft_esm3_mlp_combined_qwen3_8b_it_0305_100040,130,0.013476390400663453,0.8358,2.9975,,0.917493999004364,0.0001999995010640984
sft_esm3_mlp_combined_qwen3_8b_it_0305_100040,140,0.014513035816099104,0.7901,2.8915,,0.7742395997047424,0.00019999909764447553
sft_esm3_mlp_combined_qwen3_8b_it_0305_100040,150,0.015549681231534754,0.7551,2.9084,,0.8972379565238953,0.0001999985755728277
sft_esm3_mlp_combined_qwen3_8b_it_0305_100040,160,0.016586326646970403,0.7316,2.7239,,0.9706388115882874,0.00019999793484977435
sft_esm3_mlp_combined_qwen3_8b_it_0305_100040,170,0.017622972062406053,0.775,2.7447,,0.8638303279876709,0.00019999717547607574
sft_esm3_mlp_combined_qwen3_8b_it_0305_100040,180,0.018659617477841704,0.8087,2.7612,,1.2539640665054321,0.00019999629745263287
sft_esm3_mlp_combined_qwen3_8b_it_0305_100040,190,0.019696262893277354,0.6546,2.584,,1.0227630138397217,0.00019999530078048755
sft_esm3_mlp_combined_qwen3_8b_it_0305_100040,200,0.020732908308713004,0.7429,2.6596,,0.9261542558670044,0.00019999418546082237
sft_esm3_mlp_combined_qwen3_8b_it_0305_100040,210,0.021769553724148655,0.7413,2.6496,,1.008710503578186,0.00019999295149496064
sft_esm3_mlp_combined_qwen3_8b_it_0305_100040,220,0.022806199139584305,0.6546,2.4874,,0.9764150381088257,0.00019999159888436658
sft_esm3_mlp_combined_qwen3_8b_it_0305_100040,230,0.023842844555019956,0.749,2.5939,,0.9890406727790833,0.00019999012763064505
sft_esm3_mlp_combined_qwen3_8b_it_0305_100040,240,0.024879489970455606,0.6038,2.4432,,1.0927667617797852,0.00019998853773554176
sft_esm3_mlp_combined_qwen3_8b_it_0305_100040,250,0.025916135385891256,0.6798,2.4963,,0.899325966835022,0.00019998682920094318
sft_esm3_mlp_combined_qwen3_8b_it_0305_100040,250,0.025916135385891256,0.8596,,0.6940006613731384,,
sft_esm3_mlp_combined_qwen3_8b_it_0306_010408,10,0.0010366454154356502,3.2968,14.0037,,7.598205089569092,1.8e-05
sft_esm3_mlp_combined_qwen3_8b_it_0306_010408,20,0.0020732908308713003,2.4675,10.7019,,4.578925132751465,3.8e-05
sft_esm3_mlp_combined_qwen3_8b_it_0306_010408,30,0.0031099362463069507,2.0685,8.091,,2.9319872856140137,5.8e-05
sft_esm3_mlp_combined_qwen3_8b_it_0306_010408,40,0.004146581661742601,1.6048,6.1851,,1.9611071348190308,7.800000000000001e-05
sft_esm3_mlp_combined_qwen3_8b_it_0306_010408,50,0.005183227077178251,1.2563,4.9456,,1.1051414012908936,9.8e-05
sft_esm3_mlp_combined_qwen3_8b_it_0306_010408,60,0.0062198724926139015,1.1294,4.3119,,1.1458438634872437,0.000118
sft_esm3_mlp_combined_qwen3_8b_it_0306_010408,70,0.007256517908049552,1.0829,4.0224,,2.0976338386535645,0.000138
sft_esm3_mlp_combined_qwen3_8b_it_0306_010408,80,0.008293163323485201,0.9478,3.5449,,1.2269999980926514,0.00015800000000000002
sft_esm3_mlp_combined_qwen3_8b_it_0306_010408,90,0.009329808738920852,0.9466,3.3865,,0.9476935863494873,0.00017800000000000002
sft_esm3_mlp_combined_qwen3_8b_it_0306_010408,100,0.010366454154356502,0.9421,3.2921,,1.571097731590271,0.00019800000000000002
sft_esm3_mlp_combined_qwen3_8b_it_0306_010408,110,0.011403099569792153,0.7994,3.0191,,0.8391125202178955,0.00019999995194549538
sft_esm3_mlp_combined_qwen3_8b_it_0306_010408,120,0.012439744985227803,0.8119,3.1014,,0.7268391847610474,0.00019999978583121766
sft_esm3_mlp_combined_qwen3_8b_it_0306_010408,130,0.013476390400663453,0.8186,2.9216,,0.9109889268875122,0.0001999995010640984
sft_esm3_mlp_combined_qwen3_8b_it_0306_010408,140,0.014513035816099104,0.7743,2.8212,,0.7608497738838196,0.00019999909764447553
sft_esm3_mlp_combined_qwen3_8b_it_0306_010408,150,0.015549681231534754,0.7378,2.8312,,0.7619828581809998,0.0001999985755728277
sft_esm3_mlp_combined_qwen3_8b_it_0306_010408,160,0.016586326646970403,0.715,2.6433,,0.97300124168396,0.00019999793484977435
sft_esm3_mlp_combined_qwen3_8b_it_0306_010408,170,0.017622972062406053,0.7624,2.6854,,0.8970531821250916,0.00019999717547607574
sft_esm3_mlp_combined_qwen3_8b_it_0306_010408,180,0.018659617477841704,0.7968,2.7005,,1.0275262594223022,0.00019999629745263287
sft_esm3_mlp_combined_qwen3_8b_it_0306_010408,190,0.019696262893277354,0.6467,2.5376,,1.0152090787887573,0.00019999530078048755
sft_esm3_mlp_combined_qwen3_8b_it_0306_010408,200,0.020732908308713004,0.7328,2.6158,,1.00901198387146,0.00019999418546082237
sft_esm3_mlp_combined_qwen3_8b_it_0306_010408,210,0.021769553724148655,0.729,2.5923,,0.9876882433891296,0.00019999295149496064
sft_esm3_mlp_combined_qwen3_8b_it_0306_010408,220,0.022806199139584305,0.6494,2.4528,,0.8306147456169128,0.00019999159888436658
sft_esm3_mlp_combined_qwen3_8b_it_0306_010408,230,0.023842844555019956,0.7393,2.549,,0.8438383340835571,0.00019999012763064505
sft_esm3_mlp_combined_qwen3_8b_it_0306_010408,240,0.024879489970455606,0.5908,2.3879,,0.9675758481025696,0.00019998853773554176
sft_esm3_mlp_combined_qwen3_8b_it_0306_010408,250,0.025916135385891256,0.6671,2.4462,,0.74718177318573,0.00019998682920094318
sft_esm3_mlp_combined_qwen3_8b_it_0306_010408,250,0.025916135385891256,0.8358,,0.6687129139900208,,
sft_esm3_mlp_combined_qwen3_8b_it_0306_010408,260,0.026952780801326907,0.6663,2.5135,,1.0736438035964966,0.00019998500202887651
sft_esm3_mlp_combined_qwen3_8b_it_0306_010408,270,0.027989426216762557,0.5981,2.317,,0.8767987489700317,0.00019998305622150975
sft_esm3_mlp_combined_qwen3_8b_it_0306_010408,280,0.029026071632198207,0.674,2.3539,,0.8951513171195984,0.00019998099178115172
sft_esm3_mlp_combined_qwen3_8b_it_0306_010408,290,0.030062717047633858,0.5849,2.3343,,1.0061440467834473,0.00019997880871025183
sft_esm3_mlp_combined_qwen3_8b_it_0306_010408,300,0.03109936246306951,0.6552,2.3348,,0.8502384424209595,0.00019997650701140046
sft_esm3_mlp_combined_qwen3_8b_it_0306_010408,310,0.03213600787850516,0.6989,2.4276,,0.9384231567382812,0.00019997408668732857
sft_esm3_mlp_combined_qwen3_8b_it_0306_010408,320,0.033172653293940806,0.5614,2.2103,,0.9951086640357971,0.00019997154774090804
sft_esm3_mlp_combined_qwen3_8b_it_0306_010408,330,0.03420929870937646,0.6702,2.2929,,0.9693378210067749,0.00019996889017515133
sft_esm3_mlp_combined_qwen3_8b_it_0306_010408,340,0.035245944124812106,0.6375,2.3792,,0.7821496725082397,0.00019996611399321178
sft_esm3_mlp_combined_qwen3_8b_it_0306_010408,350,0.03628258954024776,0.6132,2.1634,,0.8746756315231323,0.00019996321919838334
sft_esm3_mlp_combined_qwen3_8b_it_0306_010408,360,0.03731923495568341,0.6782,2.3439,,0.8419066071510315,0.00019996020579410084
sft_esm3_mlp_combined_qwen3_8b_it_0306_010408,370,0.03835588037111906,0.5353,2.1935,,0.9604744911193848,0.0001999570737839398
sft_esm3_mlp_combined_qwen3_8b_it_0306_010408,380,0.03939252578655471,0.6343,2.2549,,0.8120729923248291,0.00019995382317161635
sft_esm3_mlp_combined_qwen3_8b_it_0306_010408,390,0.04042917120199036,0.6512,2.251,,0.8403823971748352,0.00019995045396098754
sft_esm3_mlp_combined_qwen3_8b_it_0306_010408,400,0.04146581661742601,0.5558,2.1639,,0.7751495838165283,0.000199946966156051
sft_esm3_mlp_combined_qwen3_8b_it_0306_010408,410,0.04250246203286166,0.6324,2.2611,,0.8064130544662476,0.00019994335976094508
sft_esm3_mlp_combined_qwen3_8b_it_0306_010408,420,0.04353910744829731,0.6393,2.1521,,0.8495028614997864,0.00019993963477994898
sft_esm3_mlp_combined_qwen3_8b_it_0306_010408,430,0.04457575286373296,0.5754,2.1776,,0.7848242521286011,0.00019993579121748242
sft_esm3_mlp_combined_qwen3_8b_it_0306_010408,440,0.04561239827916861,0.6721,2.1916,,0.7729842066764832,0.0001999318290781059
sft_esm3_mlp_combined_qwen3_8b_it_0306_010408,450,0.04664904369460426,0.541,2.1087,,0.8105106353759766,0.00019992774836652066
sft_esm3_mlp_combined_qwen3_8b_it_0306_010408,460,0.04768568911003991,0.6374,2.1219,,0.7091825604438782,0.00019992354908756862
sft_esm3_mlp_combined_qwen3_8b_it_0306_010408,470,0.04872233452547556,0.6142,2.1816,,0.7764213681221008,0.00019991923124623227
sft_esm3_mlp_combined_qwen3_8b_it_0306_010408,480,0.04975897994091121,0.5312,2.0824,,0.8285860419273376,0.00019991479484763493
sft_esm3_mlp_combined_qwen3_8b_it_0306_010408,490,0.05079562535634686,0.6421,2.1535,,0.7432283163070679,0.0001999102398970405
sft_esm3_mlp_combined_qwen3_8b_it_0306_010408,500,0.05183227077178251,0.5131,2.0326,,0.883019745349884,0.00019990556639985362
sft_esm3_mlp_combined_qwen3_8b_it_0306_010408,500,0.05183227077178251,0.7129,,0.5771343111991882,,
sft_esm3_mlp_combined_qwen3_8b_it_0306_010408,510,0.05286891618721816,0.576,2.1206,,0.8502086997032166,0.00019990077436161943
sft_esm3_mlp_combined_qwen3_8b_it_0306_010408,520,0.05390556160265381,0.6138,2.1258,,0.8382449150085449,0.0001998958637880239
sft_esm3_mlp_combined_qwen3_8b_it_0306_010408,530,0.05494220701808946,0.4966,2.0091,,0.7720311284065247,0.0001998908346848936
sft_esm3_mlp_combined_qwen3_8b_it_0306_010408,540,0.055978852433525114,0.6005,2.0443,,0.7121484279632568,0.00019988568705819567
sft_esm3_mlp_combined_qwen3_8b_it_0306_010408,550,0.05701549784896076,0.5518,2.0849,,0.9054607152938843,0.00019988042091403796
sft_esm3_mlp_combined_qwen3_8b_it_0306_010408,560,0.058052143264396415,0.5654,1.995,,0.7304033637046814,0.0001998750362586689
sft_esm3_mlp_combined_qwen3_8b_it_0306_010408,570,0.05908878867983206,0.6498,2.0956,,0.7534503936767578,0.00019986953309847753
sft_esm3_mlp_combined_qwen3_8b_it_0306_010408,580,0.060125434095267716,0.4793,2.0098,,0.990382969379425,0.00019986391143999354
sft_esm3_mlp_combined_qwen3_8b_it_0306_010408,590,0.06116207951070336,0.6009,2.0708,,0.6658580303192139,0.00019985817128988722
sft_esm3_mlp_combined_qwen3_8b_it_0306_010408,600,0.06219872492613902,0.5874,2.1685,,1.1560192108154297,0.0001998523126549694
sft_esm3_mlp_combined_qwen3_8b_it_0306_010408,610,0.06323537034157467,0.558,1.9597,,0.983272910118103,0.00019984633554219158
sft_esm3_mlp_combined_qwen3_8b_it_0306_010408,620,0.06427201575701032,0.6117,2.1216,,0.7362613677978516,0.00019984023995864574
sft_esm3_mlp_combined_qwen3_8b_it_0306_010408,630,0.06530866117244596,0.5446,2.0127,,0.8124113082885742,0.00019983402591156448
sft_esm3_mlp_combined_qwen3_8b_it_0306_010408,640,0.06634530658788161,0.5969,1.9354,,0.729324996471405,0.00019982769340832102
sft_esm3_mlp_combined_qwen3_8b_it_0306_010408,650,0.06738195200331727,0.5516,2.0989,,0.7392311096191406,0.00019982124245642897
sft_esm3_mlp_combined_qwen3_8b_it_0306_010408,660,0.06841859741875292,0.5028,1.9254,,0.7492659091949463,0.00019981467306354268
sft_esm3_mlp_combined_qwen3_8b_it_0306_010408,670,0.06945524283418857,0.612,2.0744,,0.727456271648407,0.0001998079852374569
sft_esm3_mlp_combined_qwen3_8b_it_0306_010408,680,0.07049188824962421,0.5426,2.0233,,0.7283622622489929,0.00019980117898610693
sft_esm3_mlp_combined_qwen3_8b_it_0306_010408,690,0.07152853366505986,0.5317,1.8661,,0.7862714529037476,0.0001997942543175686
sft_esm3_mlp_combined_qwen3_8b_it_0306_010408,700,0.07256517908049552,0.542,2.0843,,0.6945693492889404,0.00019978721124005829
sft_esm3_mlp_combined_qwen3_8b_it_0306_010408,710,0.07360182449593117,0.4946,1.9261,,0.8253354430198669,0.00019978004976193276
sft_esm3_mlp_combined_qwen3_8b_it_0306_010408,720,0.07463846991136681,0.581,1.9868,,0.6637102365493774,0.00019977276989168935
sft_esm3_mlp_combined_qwen3_8b_it_0306_010408,730,0.07567511532680246,0.5186,2.0403,,0.7598875164985657,0.0001997653716379659
sft_esm3_mlp_combined_qwen3_8b_it_0306_010408,740,0.07671176074223812,0.4659,1.8606,,0.8395771980285645,0.0001997578550095406
sft_esm3_mlp_combined_qwen3_8b_it_0306_010408,750,0.07774840615767377,0.6103,1.9454,,0.7267850637435913,0.0001997502200153322
sft_esm3_mlp_combined_qwen3_8b_it_0306_010408,750,0.07774840615767377,0.7003,,0.5320937037467957,,
sft_esm3_mlp_combined_qwen3_8b_it_0306_010408,760,0.07878505157310942,0.4464,1.9302,,0.9570785164833069,0.00019974246666439984
sft_esm3_mlp_combined_qwen3_8b_it_0306_010408,770,0.07982169698854506,0.6174,1.8791,,0.7742958664894104,0.00019973459496594313
sft_esm3_mlp_combined_qwen3_8b_it_0306_010408,780,0.08085834240398072,0.5435,2.0179,,0.6910203099250793,0.00019972660492930208
sft_esm3_mlp_combined_qwen3_8b_it_0306_010408,790,0.08189498781941637,0.4807,1.8071,,0.8335652947425842,0.0001997184965639571
sft_esm3_mlp_combined_qwen3_8b_it_0306_010408,800,0.08293163323485202,0.6281,1.9822,,0.7023150324821472,0.000199710269879529
sft_esm3_mlp_combined_qwen3_8b_it_0306_010408,810,0.08396827865028766,0.568,1.9376,,0.7006340622901917,0.00019970192488577904
sft_esm3_mlp_combined_qwen3_8b_it_0306_010408,820,0.08500492406572333,0.5507,1.8592,,0.7141260504722595,0.00019969346159260875
sft_esm3_mlp_combined_qwen3_8b_it_0306_010408,830,0.08604156948115897,0.5265,2.0219,,0.7155256271362305,0.00019968488001006018
sft_esm3_mlp_combined_qwen3_8b_it_0306_010408,840,0.08707821489659462,0.475,1.8624,,0.9267891645431519,0.0001996761801483156
sft_esm3_mlp_combined_qwen3_8b_it_0306_010408,850,0.08811486031203027,0.5808,1.8863,,0.7530514001846313,0.00019966736201769764
sft_esm3_mlp_combined_qwen3_8b_it_0306_010408,860,0.08915150572746593,0.5466,2.0027,,0.6936579942703247,0.00019965842562866932
sft_esm3_mlp_combined_qwen3_8b_it_0306_010408,870,0.09018815114290157,0.4981,1.8239,,0.865389347076416,0.0001996493709918339
sft_esm3_mlp_combined_qwen3_8b_it_0306_010408,880,0.09122479655833722,0.5309,1.9505,,0.6569825410842896,0.00019964019811793504
sft_esm3_mlp_combined_qwen3_8b_it_0306_010408,890,0.09226144197377287,0.5515,1.9227,,0.9475608468055725,0.0001996309070178566
sft_esm3_mlp_combined_qwen3_8b_it_0306_010408,900,0.09329808738920851,0.501,1.8612,,0.6945027112960815,0.00019962149770262277
sft_esm3_mlp_combined_qwen3_8b_it_0306_010408,910,0.09433473280464418,0.4725,2.0147,,0.7207450270652771,0.000199611970183398
sft_esm3_mlp_combined_qwen3_8b_it_0306_010408,920,0.09537137822007982,0.5113,1.8011,,0.7303964495658875,0.00019960232447148698
sft_esm3_mlp_combined_qwen3_8b_it_0306_010408,930,0.09640802363551547,0.5743,1.9352,,0.7189365029335022,0.00019959256057833468
sft_esm3_mlp_combined_qwen3_8b_it_0306_010408,940,0.09744466905095112,0.564,1.9573,,1.0661983489990234,0.0001995826785155262
sft_esm3_mlp_combined_qwen3_8b_it_0306_010408,950,0.09848131446638678,0.509,1.8217,,0.8795206546783447,0.00019957267829478695
sft_esm3_mlp_combined_qwen3_8b_it_0306_010408,960,0.09951795988182242,0.495,1.9686,,0.5997219085693359,0.0001995625599279825
sft_esm3_mlp_combined_qwen3_8b_it_0306_010408,970,0.10055460529725807,0.5023,1.7828,,0.7824118733406067,0.00019955232342711856
sft_esm3_mlp_combined_qwen3_8b_it_0306_010408,980,0.10159125071269372,0.5242,1.86,,0.7362295985221863,0.00019954196880434113
sft_esm3_mlp_combined_qwen3_8b_it_0306_010408,990,0.10262789612812938,0.5243,1.9206,,0.6840612292289734,0.00019953149607193624
sft_esm3_mlp_combined_qwen3_8b_it_0306_010408,1000,0.10366454154356503,0.5371,1.7712,,0.7092055082321167,0.00019952090524233014
sft_esm3_mlp_combined_qwen3_8b_it_0306_010408,1000,0.10366454154356503,0.6482,,0.4988367557525635,,
sft_esm3_mlp_combined_qwen3_8b_it_0306_010408,1010,0.10470118695900067,0.4901,1.915,,0.6061840653419495,0.00019951019632808917
sft_esm3_mlp_combined_qwen3_8b_it_0306_010408,1020,0.10573783237443632,0.6172,1.8719,,0.7199432849884033,0.00019949936934191977
sft_esm3_mlp_combined_qwen3_8b_it_0306_010408,1030,0.10677447778987198,0.5073,1.7997,,0.6785241365432739,0.0001994884242966685
sft_esm3_mlp_combined_qwen3_8b_it_0306_010408,1040,0.10781112320530763,0.5374,1.9253,,0.6107747554779053,0.00019947736120532201
sft_esm3_mlp_combined_qwen3_8b_it_0306_010408,1050,0.10884776862074327,0.5537,1.8137,,1.0984818935394287,0.000199466180081007
sft_esm3_mlp_combined_qwen3_8b_it_0306_010408,1060,0.10988441403617892,0.5532,1.9318,,0.7486489415168762,0.0001994548809369902
sft_esm3_mlp_combined_qwen3_8b_it_0306_010408,1070,0.11092105945161458,0.5995,1.8903,,0.7648125886917114,0.0001994434637866784
sft_esm3_mlp_combined_qwen3_8b_it_0306_010408,1080,0.11195770486705023,0.5136,1.7595,,0.7651745676994324,0.0001994319286436184
sft_esm3_mlp_combined_qwen3_8b_it_0306_010408,1090,0.11299435028248588,0.5054,1.9022,,0.5954151749610901,0.00019942027552149704
sft_esm3_mlp_combined_qwen3_8b_it_0306_010408,1100,0.11403099569792152,0.57,1.8466,,0.7044882774353027,0.00019940850443414106
sft_esm3_mlp_combined_qwen3_8b_it_0306_010408,1110,0.11506764111335718,0.4479,1.7724,,0.5729681253433228,0.00019939661539551727
sft_esm3_mlp_combined_qwen3_8b_it_0306_010408,1120,0.11610428652879283,0.5073,1.7996,,0.6768608689308167,0.00019938460841973233
sft_esm3_mlp_combined_qwen3_8b_it_0306_010408,1130,0.11714093194422848,0.4837,1.761,,0.7756224870681763,0.00019937248352103293
sft_esm3_mlp_combined_qwen3_8b_it_0306_010408,1140,0.11817757735966412,0.469,1.8572,,0.6606464982032776,0.0001993602407138056
sft_esm3_mlp_combined_qwen3_8b_it_0306_010408,1150,0.11921422277509977,0.5218,1.8256,,1.217366099357605,0.00019934788001257686
sft_esm3_mlp_combined_qwen3_8b_it_0306_010408,1160,0.12025086819053543,0.5191,1.739,,0.8416107892990112,0.00019933540143201299
sft_esm3_mlp_combined_qwen3_8b_it_0306_010408,1170,0.12128751360597108,0.5272,1.9158,,0.5926351547241211,0.0001993228049869203
sft_esm3_mlp_combined_qwen3_8b_it_0306_010408,1180,0.12232415902140673,0.5528,1.785,,0.7487099766731262,0.00019931009069224477
sft_esm3_mlp_combined_qwen3_8b_it_0306_010408,1190,0.12336080443684237,0.4975,1.7781,,0.6678456664085388,0.0001992972585630724
sft_esm3_mlp_combined_qwen3_8b_it_0306_010408,1200,0.12439744985227803,0.5033,1.8282,,0.6739287972450256,0.00019928430861462885
sft_esm3_mlp_combined_qwen3_8b_it_0306_010408,1210,0.12543409526771368,0.4547,1.6924,,0.8177048563957214,0.0001992712408622796
sft_esm3_mlp_combined_qwen3_8b_it_0306_010408,1220,0.12647074068314934,0.5365,1.849,,0.6689705848693848,0.00019925805532153005
sft_esm3_mlp_combined_qwen3_8b_it_0306_010408,1230,0.12750738609858497,0.5636,1.8669,,0.7194206714630127,0.00019924475200802517
sft_esm3_mlp_combined_qwen3_8b_it_0306_010408,1240,0.12854403151402063,0.4676,1.7667,,0.6434730291366577,0.0001992313309375498
sft_esm3_mlp_combined_qwen3_8b_it_0306_010408,1250,0.12958067692945627,0.4985,1.8154,,0.6916182041168213,0.0001992177921260284
sft_esm3_mlp_combined_qwen3_8b_it_0306_010408,1250,0.12958067692945627,0.6121,,0.478902667760849,,
sft_esm3_mlp_combined_qwen3_8b_it_0306_010408,1260,0.13061732234489193,0.461,1.7326,,0.8545060753822327,0.00019920413558952523
sft_esm3_mlp_combined_qwen3_8b_it_0306_010408,1270,0.1316539677603276,0.4648,1.7578,,0.6922927498817444,0.00019919036134424415
sft_esm3_mlp_combined_qwen3_8b_it_0306_010408,1280,0.13269061317576322,0.602,1.837,,0.5982839465141296,0.0001991764694065288
sft_esm3_mlp_combined_qwen3_8b_it_0306_010408,1290,0.13372725859119888,0.4379,1.7102,,0.728273332118988,0.00019916245979286236
sft_esm3_mlp_combined_qwen3_8b_it_0306_010408,1300,0.13476390400663454,0.5002,1.814,,0.5988628268241882,0.00019914833251986764
sft_esm3_mlp_combined_qwen3_8b_it_0306_010408,1310,0.13580054942207018,0.5233,1.8747,,0.703936755657196,0.00019913408760430712
sft_esm3_mlp_combined_qwen3_8b_it_0306_010408,1320,0.13683719483750584,0.4375,1.7156,,0.7485374808311462,0.00019911972506308283
sft_esm3_mlp_combined_qwen3_8b_it_0306_010408,1330,0.13787384025294147,0.5862,1.8128,,0.6652365326881409,0.00019910524491323638
sft_esm3_mlp_combined_qwen3_8b_it_0306_010408,1340,0.13891048566837713,0.3974,1.7508,,0.7511788606643677,0.00019909064717194886
sft_esm3_mlp_combined_qwen3_8b_it_0306_010408,1350,0.1399471310838128,0.4939,1.7886,,0.6251723766326904,0.00019907593185654104
sft_esm3_mlp_combined_qwen3_8b_it_0306_010408,1360,0.14098377649924843,0.548,1.8584,,0.6464528441429138,0.00019906109898447299
sft_esm3_mlp_combined_qwen3_8b_it_0306_010408,1370,0.1420204219146841,0.4334,1.7375,,0.8200892806053162,0.00019904614857334444
sft_esm3_mlp_combined_qwen3_8b_it_0306_010408,1380,0.14305706733011972,0.5131,1.7514,,0.6091346144676208,0.0001990310806408945
sft_esm3_mlp_combined_qwen3_8b_it_0306_010408,1390,0.14409371274555538,0.4856,1.8151,,0.694347083568573,0.0001990158952050017
sft_esm3_mlp_combined_qwen3_8b_it_0306_010408,1400,0.14513035816099104,0.4573,1.7097,,0.6623088121414185,0.00019900059228368413
sft_esm3_mlp_combined_qwen3_8b_it_0306_010408,1410,0.14616700357642667,0.5873,1.7932,,0.5953468084335327,0.00019898517189509909
sft_esm3_mlp_combined_qwen3_8b_it_0306_010408,1420,0.14720364899186233,0.4654,1.7638,,0.7936296463012695,0.00019896963405754335
sft_esm3_mlp_combined_qwen3_8b_it_0306_010408,1430,0.148240294407298,0.4998,1.6823,,0.6534949541091919,0.0001989539787894531
sft_esm3_mlp_combined_qwen3_8b_it_0306_010408,1440,0.14927693982273363,0.4743,1.8764,,0.7372329831123352,0.00019893820610940375
sft_esm3_mlp_combined_qwen3_8b_it_0306_010408,1450,0.1503135852381693,0.4526,1.6609,,0.6888936161994934,0.00019892231603611007
sft_esm3_mlp_combined_qwen3_8b_it_0306_010408,1460,0.15135023065360492,0.5098,1.7727,,0.5807368159294128,0.00019890630858842613
sft_esm3_mlp_combined_qwen3_8b_it_0306_010408,1470,0.15238687606904058,0.4481,1.806,,0.8087381720542908,0.00019889018378534527
sft_esm3_mlp_combined_qwen3_8b_it_0306_010408,1480,0.15342352148447624,0.4837,1.6816,,0.7055342197418213,0.0001988739416460001
sft_esm3_mlp_combined_qwen3_8b_it_0306_010408,1490,0.15446016689991188,0.5122,1.7885,,0.5841509103775024,0.00019885758218966238
sft_esm3_mlp_combined_qwen3_8b_it_0306_010408,1500,0.15549681231534754,0.425,1.7079,,0.7570723295211792,0.0001988411054357431
sft_esm3_mlp_combined_qwen3_8b_it_0306_010408,1500,0.15549681231534754,0.5703,,0.46813926100730896,,
sft_esm3_mlp_combined_qwen3_8b_it_0306_010408,1510,0.1565334577307832,0.5408,1.7155,,0.6262417435646057,0.00019882451140379245
sft_esm3_mlp_combined_qwen3_8b_it_0306_010408,1520,0.15757010314621883,0.4505,1.8833,,0.776981770992279,0.00019880780011349977
sft_esm3_mlp_combined_qwen3_8b_it_0306_010408,1530,0.1586067485616545,0.4386,1.656,,0.6885315179824829,0.00019879097158469354
sft_esm3_mlp_combined_qwen3_8b_it_0306_010408,1540,0.15964339397709013,0.557,1.7687,,0.5667031407356262,0.00019877402583734133
sft_esm3_mlp_combined_qwen3_8b_it_0306_010408,1550,0.1606800393925258,0.439,1.7258,,0.840660572052002,0.00019875696289154977
sft_esm3_mlp_combined_qwen3_8b_it_0306_010408,1560,0.16171668480796145,0.5329,1.6764,,0.620904803276062,0.00019873978276756455
sft_esm3_mlp_combined_qwen3_8b_it_0306_010408,1570,0.16275333022339708,0.48,1.7797,,0.6259306073188782,0.00019872248548577048
sft_esm3_mlp_combined_qwen3_8b_it_0306_010408,1580,0.16378997563883274,0.4801,1.6889,,0.8286176919937134,0.0001987050710666913
sft_esm3_mlp_combined_qwen3_8b_it_0306_010408,1590,0.16482662105426837,0.4992,1.7875,,0.6463592648506165,0.00019868753953098973
sft_esm3_mlp_combined_qwen3_8b_it_0306_010408,1600,0.16586326646970403,0.507,1.766,,0.6497504711151123,0.00019866989089946748
sft_esm3_mlp_combined_qwen3_8b_it_0306_010408,1610,0.1668999118851397,0.4859,1.672,,0.6135083436965942,0.00019865212519306523
sft_esm3_mlp_combined_qwen3_8b_it_0306_010408,1620,0.16793655730057533,0.429,1.7703,,0.6345811486244202,0.00019863424243286252
sft_esm3_mlp_combined_qwen3_8b_it_0306_010408,1630,0.168973202716011,0.5399,1.7189,,0.7583489418029785,0.00019861624264007785
sft_esm3_mlp_combined_qwen3_8b_it_0306_010408,1640,0.17000984813144665,0.5138,1.7909,,0.6818904876708984,0.00019859812583606842
sft_esm3_mlp_combined_qwen3_8b_it_0306_010408,1650,0.17104649354688228,0.5283,1.7437,,0.5658188462257385,0.0001985798920423305
sft_esm3_mlp_combined_qwen3_8b_it_0306_010408,1660,0.17208313896231794,0.4079,1.6707,,0.6629351377487183,0.00019856154128049898
sft_esm3_mlp_combined_qwen3_8b_it_0306_010408,1670,0.17311978437775358,0.5294,1.6762,,0.5747819542884827,0.0001985430735723476
sft_esm3_mlp_combined_qwen3_8b_it_0306_010408,1680,0.17415642979318924,0.4653,1.8074,,0.7354751229286194,0.0001985244889397889
sft_esm3_mlp_combined_qwen3_8b_it_0306_010408,1690,0.1751930752086249,0.4277,1.5974,,0.6773425340652466,0.00019850578740487413
sft_esm3_mlp_combined_qwen3_8b_it_0306_010408,1700,0.17622972062406053,0.5035,1.7616,,0.568976879119873,0.00019848696898979319
sft_esm3_mlp_combined_qwen3_8b_it_0306_010408,1710,0.1772663660394962,0.455,1.6645,,0.6456495523452759,0.0001984680337168748
sft_esm3_mlp_combined_qwen3_8b_it_0306_010408,1720,0.17830301145493185,0.5373,1.6758,,0.644303023815155,0.00019844898160858616
sft_esm3_mlp_combined_qwen3_8b_it_0306_010408,1730,0.1793396568703675,0.4916,1.8063,,0.6506118178367615,0.0001984298126875332
sft_esm3_mlp_combined_qwen3_8b_it_0306_010408,1740,0.18037630228580315,0.4531,1.627,,0.6496635675430298,0.00019841052697646045
sft_esm3_mlp_combined_qwen3_8b_it_0306_010408,1750,0.18141294770123878,0.5221,1.762,,0.5950310230255127,0.00019839112449825103
sft_esm3_mlp_combined_qwen3_8b_it_0306_010408,1750,0.18141294770123878,0.5778,,0.4569070637226105,,
sft_esm3_mlp_combined_qwen3_8b_it_0306_010408,1760,0.18244959311667444,0.4951,1.7125,,0.6920062899589539,0.00019837160527592658
sft_esm3_mlp_combined_qwen3_8b_it_0306_010408,1770,0.1834862385321101,0.4573,1.6378,,0.6171823143959045,0.0001983519693326472
sft_esm3_mlp_combined_qwen3_8b_it_0306_010408,1780,0.18452288394754573,0.5422,1.8146,,0.6371109485626221,0.00019833221669171162
sft_esm3_mlp_combined_qwen3_8b_it_0306_010408,1790,0.1855595293629814,0.4142,1.6286,,0.6508997678756714,0.0001983123473765569
sft_esm3_mlp_combined_qwen3_8b_it_0306_010408,1800,0.18659617477841703,0.5323,1.6548,,0.6336105465888977,0.00019829236141075867
sft_esm3_mlp_combined_qwen3_8b_it_0306_010408,1810,0.1876328201938527,0.4935,1.787,,0.6687286496162415,0.0001982722588180308
sft_esm3_mlp_combined_qwen3_8b_it_0306_010408,1820,0.18866946560928835,0.4133,1.6607,,0.6138908863067627,0.00019825203962222572
sft_esm3_mlp_combined_qwen3_8b_it_0306_010408,1830,0.18970611102472398,0.541,1.7583,,0.527335524559021,0.00019823170384733406
sft_esm3_mlp_combined_qwen3_8b_it_0306_010408,1840,0.19074275644015964,0.4042,1.7151,,0.723913311958313,0.00019821125151748493
sft_esm3_mlp_combined_qwen3_8b_it_0306_010408,1850,0.1917794018555953,0.4936,1.6622,,0.6396729350090027,0.0001981906826569456
sft_esm3_mlp_combined_qwen3_8b_it_0306_010408,1860,0.19281604727103094,0.4646,1.81,,0.7689152359962463,0.00019816999729012168
sft_esm3_mlp_combined_qwen3_8b_it_0306_010408,1870,0.1938526926864666,0.4435,1.6245,,0.6804531216621399,0.00019814919544155696
sft_esm3_mlp_combined_qwen3_8b_it_0306_010408,1880,0.19488933810190223,0.4732,1.7327,,0.641761064529419,0.00019812827713593353
sft_esm3_mlp_combined_qwen3_8b_it_0306_010408,1890,0.1959259835173379,0.4599,1.6663,,0.7375545501708984,0.00019810724239807158
sft_esm3_mlp_combined_qwen3_8b_it_0306_010408,1900,0.19696262893277355,0.4394,1.5903,,0.7022842764854431,0.00019808609125292946
sft_esm3_mlp_combined_qwen3_8b_it_0306_010408,1910,0.1979992743482092,0.4519,1.7746,,0.6241915225982666,0.0001980648237256037
sft_esm3_mlp_combined_qwen3_8b_it_0306_010408,1920,0.19903591976364485,0.4365,1.6212,,0.82956463098526,0.00019804343984132885
sft_esm3_mlp_combined_qwen3_8b_it_0306_010408,1930,0.2000725651790805,0.5173,1.714,,0.6481196284294128,0.00019802193962547757
sft_esm3_mlp_combined_qwen3_8b_it_0306_010408,1940,0.20110921059451614,0.446,1.7551,,0.5794398188591003,0.0001980003231035605
sft_esm3_mlp_combined_qwen3_8b_it_0306_010408,1950,0.2021458560099518,0.4324,1.6407,,0.6686264276504517,0.00019797859030122635
sft_esm3_mlp_combined_qwen3_8b_it_0306_010408,1960,0.20318250142538744,0.4759,1.7499,,0.6019099354743958,0.00019795674124426174
sft_esm3_mlp_combined_qwen3_8b_it_0306_010408,1970,0.2042191468408231,0.4849,1.6853,,0.6358875632286072,0.00019793477595859125
sft_esm3_mlp_combined_qwen3_8b_it_0306_010408,1980,0.20525579225625876,0.4292,1.6172,,0.6271407008171082,0.00019791269447027739
sft_esm3_mlp_combined_qwen3_8b_it_0306_010408,1990,0.2062924376716944,0.4642,1.7569,,0.5699418187141418,0.0001978904968055205
sft_esm3_mlp_combined_qwen3_8b_it_0306_010408,2000,0.20732908308713005,0.4431,1.5576,,0.824497640132904,0.00019786818299065884
sft_esm3_mlp_combined_qwen3_8b_it_0306_010408,2000,0.20732908308713005,0.5773,,0.4440760910511017,,
sft_esm3_mlp_combined_qwen3_8b_it_0306_010408,2010,0.20836572850256568,0.4451,1.7143,,0.5709652900695801,0.00019784575305216838
sft_esm3_mlp_combined_qwen3_8b_it_0306_010408,2020,0.20940237391800134,0.4962,1.7029,,0.6852856278419495,0.00019782320701666303
sft_esm3_mlp_combined_qwen3_8b_it_0306_010408,2030,0.210439019333437,0.4284,1.5754,,0.6364147663116455,0.00019780054491089425
sft_esm3_mlp_combined_qwen3_8b_it_0306_010408,2040,0.21147566474887264,0.5015,1.7434,,0.5588940382003784,0.00019777776676175142
sft_esm3_mlp_combined_qwen3_8b_it_0306_010408,2050,0.2125123101643083,0.5145,1.6866,,0.6777424812316895,0.00019775487259626146
sft_esm3_mlp_combined_qwen3_8b_it_0306_010408,2060,0.21354895557974396,0.4379,1.6365,,0.6028539538383484,0.00019773186244158905
sft_esm3_mlp_combined_qwen3_8b_it_0306_010408,2070,0.2145856009951796,0.475,1.6731,,0.5631822347640991,0.00019770873632503642
sft_esm3_mlp_combined_qwen3_8b_it_0306_010408,2080,0.21562224641061525,0.4512,1.5973,,0.6185286045074463,0.00019768549427404342
sft_esm3_mlp_combined_qwen3_8b_it_0306_010408,2090,0.2166588918260509,0.4226,1.7079,,0.5743542909622192,0.00019766213631618746
sft_esm3_mlp_combined_qwen3_8b_it_0306_010408,2100,0.21769553724148655,0.5107,1.6906,,0.6394733786582947,0.00019763866247918355
sft_esm3_mlp_combined_qwen3_8b_it_0306_010408,2110,0.2187321826569222,0.3738,1.57,,0.5991103649139404,0.00019761507279088402
sft_esm3_mlp_combined_qwen3_8b_it_0306_010408,2120,0.21976882807235784,0.431,1.68,,0.5773212313652039,0.00019759136727927885
sft_esm3_mlp_combined_qwen3_8b_it_0306_010408,2130,0.2208054734877935,0.5253,1.6819,,0.7491353154182434,0.0001975675459724953
sft_esm3_mlp_combined_qwen3_8b_it_0306_010408,2140,0.22184211890322916,0.4702,1.6608,,0.5846356749534607,0.00019754360889879814
sft_esm3_mlp_combined_qwen3_8b_it_0306_010408,2150,0.2228787643186648,0.4801,1.6656,,0.5765239596366882,0.0001975195560865894
sft_esm3_mlp_combined_qwen3_8b_it_0306_010408,2160,0.22391540973410046,0.3677,1.6201,,0.6674190163612366,0.0001974953875644085
sft_esm3_mlp_combined_qwen3_8b_it_0306_010408,2170,0.2249520551495361,0.4733,1.6377,,0.58744215965271,0.00019747110336093218
sft_esm3_mlp_combined_qwen3_8b_it_0306_010408,2180,0.22598870056497175,0.4761,1.7261,,0.8623985648155212,0.00019744670350497437
sft_esm3_mlp_combined_qwen3_8b_it_0306_010408,2190,0.2270253459804074,0.4242,1.5598,,0.5921305418014526,0.00019742218802548623
sft_esm3_mlp_combined_qwen3_8b_it_0306_010408,2200,0.22806199139584304,0.54,1.6857,,0.5579861998558044,0.0001973975569515562
sft_esm3_mlp_combined_qwen3_8b_it_0306_010408,2210,0.2290986368112787,0.4177,1.6723,,0.7726428508758545,0.00019737281031240975
sft_esm3_mlp_combined_qwen3_8b_it_0306_010408,2220,0.23013528222671437,0.4946,1.6167,,0.6033894419670105,0.00019734794813740955
sft_esm3_mlp_combined_qwen3_8b_it_0306_010408,2230,0.23117192764215,0.5178,1.743,,0.65590500831604,0.00019732297045605535
sft_esm3_mlp_combined_qwen3_8b_it_0306_010408,2240,0.23220857305758566,0.4152,1.5945,,0.5900640487670898,0.00019729787729798394
sft_esm3_mlp_combined_qwen3_8b_it_0306_010408,2250,0.2332452184730213,0.4491,1.6306,,0.5701109170913696,0.00019727266869296912
sft_esm3_mlp_combined_qwen3_8b_it_0306_010408,2250,0.2332452184730213,0.5389,,0.43708017468452454,,
sft_esm3_mlp_combined_qwen3_8b_it_0306_010408,2260,0.23428186388845695,0.4733,1.7882,,0.6920375823974609,0.0001972473446709217
sft_esm3_mlp_combined_qwen3_8b_it_0306_010408,2270,0.23531850930389261,0.4191,1.54,,0.6742355227470398,0.0001972219052618894
sft_esm3_mlp_combined_qwen3_8b_it_0306_010408,2280,0.23635515471932825,0.4771,1.7401,,0.6510651707649231,0.00019719635049605686
sft_esm3_mlp_combined_qwen3_8b_it_0306_010408,2290,0.2373918001347639,0.433,1.6821,,4.620326042175293,0.0001971706804037456
sft_esm3_mlp_combined_qwen3_8b_it_0306_010408,2300,0.23842844555019954,0.4872,1.5863,,0.6375514268875122,0.000197144895015414
sft_esm3_mlp_combined_qwen3_8b_it_0306_010408,2310,0.2394650909656352,0.4354,1.7392,,0.6742386221885681,0.00019711899436165723
sft_esm3_mlp_combined_qwen3_8b_it_0306_010408,2320,0.24050173638107086,0.4179,1.5931,,0.6115943193435669,0.0001970929784732072
sft_esm3_mlp_combined_qwen3_8b_it_0306_010408,2330,0.2415383817965065,0.4758,1.6805,,0.5786077976226807,0.0001970668473809325
sft_esm3_mlp_combined_qwen3_8b_it_0306_010408,2340,0.24257502721194216,0.4982,1.6829,,0.7015663981437683,0.0001970406011158386
sft_esm3_mlp_combined_qwen3_8b_it_0306_010408,2350,0.24361167262737782,0.4373,1.5538,,0.6167076826095581,0.00019701423970906745
sft_esm3_mlp_combined_qwen3_8b_it_0306_010408,2360,0.24464831804281345,0.4733,1.7256,,0.5213825106620789,0.00019698776319189768
sft_esm3_mlp_combined_qwen3_8b_it_0306_010408,2370,0.2456849634582491,0.4266,1.5979,,0.6636963486671448,0.00019696117159574445
sft_esm3_mlp_combined_qwen3_8b_it_0306_010408,2380,0.24672160887368474,0.5087,1.6263,,0.6107097864151001,0.00019693446495215963
sft_esm3_mlp_combined_qwen3_8b_it_0306_010408,2390,0.2477582542891204,0.4684,1.7156,,0.5536463260650635,0.00019690764329283135
sft_esm3_mlp_combined_qwen3_8b_it_0306_010408,2400,0.24879489970455607,0.4051,1.5056,,0.7294474244117737,0.00019688070664958441
sft_esm3_mlp_combined_qwen3_8b_it_0306_010408,2410,0.2498315451199917,0.4636,1.6717,,0.5273503065109253,0.00019685365505437994
sft_esm3_mlp_combined_qwen3_8b_it_0306_010408,2420,0.25086819053542736,0.4397,1.7133,,0.6618818640708923,0.0001968264885393155
sft_esm3_mlp_combined_qwen3_8b_it_0306_010408,2430,0.251904835950863,0.4696,1.5627,,0.633318305015564,0.00019679920713662504
sft_esm3_mlp_combined_qwen3_8b_it_0306_010408,2440,0.2529414813662987,0.4128,1.7119,,0.5928648710250854,0.00019677181087867873
sft_esm3_mlp_combined_qwen3_8b_it_0306_010408,2450,0.2539781267817343,0.423,1.5924,,0.7312642931938171,0.00019674429979798315
sft_esm3_mlp_combined_qwen3_8b_it_0306_010408,2460,0.25501477219716995,0.5082,1.6335,,0.5672817230224609,0.00019671667392718098
sft_esm3_mlp_combined_qwen3_8b_it_0306_010408,2470,0.2560514176126056,0.4604,1.6872,,0.5839261412620544,0.00019668893329905117
sft_esm3_mlp_combined_qwen3_8b_it_0306_010408,2480,0.25708806302804127,0.4378,1.5505,,0.6403946876525879,0.00019666107794650891
sft_esm3_mlp_combined_qwen3_8b_it_0306_010408,2490,0.2581247084434769,0.5095,1.7128,,0.5693321228027344,0.00019663310790260537
sft_esm3_mlp_combined_qwen3_8b_it_0306_010408,2500,0.25916135385891254,0.4502,1.6093,,0.6265734434127808,0.0001966050232005279
sft_esm3_mlp_combined_qwen3_8b_it_0306_010408,2500,0.25916135385891254,0.5253,,0.4308350384235382,,
sft_esm3_mlp_combined_qwen3_8b_it_0306_010408,2510,0.2601979992743482,0.4756,1.5709,,0.7657956480979919,0.00019657682387359989
sft_esm3_mlp_combined_qwen3_8b_it_0306_010408,2520,0.26123464468978386,0.4399,1.6673,,0.5971217751502991,0.00019654850995528062
sft_esm3_mlp_combined_qwen3_8b_it_0306_010408,2530,0.2622712901052195,0.4402,1.5817,,0.6403796076774597,0.00019652008147916553
sft_esm3_mlp_combined_qwen3_8b_it_0306_010408,2540,0.2633079355206552,0.4562,1.6555,,0.5796261429786682,0.00019649153847898587
sft_esm3_mlp_combined_qwen3_8b_it_0306_010408,2550,0.2643445809360908,0.4917,1.6496,,0.6082628965377808,0.00019646288098860876
sft_esm3_mlp_combined_qwen3_8b_it_0306_010408,2560,0.26538122635152644,0.4014,1.5695,,0.7472825050354004,0.0001964341090420372
sft_esm3_mlp_combined_qwen3_8b_it_0306_010408,2570,0.26641787176696213,0.5125,1.658,,0.5848101377487183,0.00019640522267341
sft_esm3_mlp_combined_qwen3_8b_it_0306_010408,2580,0.26745451718239777,0.4411,1.6559,,0.6226806640625,0.0001963762219170018
sft_esm3_mlp_combined_qwen3_8b_it_0306_010408,2590,0.2684911625978334,0.4426,1.5194,,0.5810574889183044,0.00019634710680722282
sft_esm3_mlp_combined_qwen3_8b_it_0306_010408,2600,0.2695278080132691,0.4923,1.688,,0.6613352298736572,0.00019631787737861903
sft_esm3_mlp_combined_qwen3_8b_it_0306_010408,2610,0.2705644534287047,0.4525,1.5948,,0.7494983077049255,0.0001962885336658721
sft_esm3_mlp_combined_qwen3_8b_it_0306_010408,2620,0.27160109884414035,0.4136,1.5862,,0.5907981395721436,0.0001962590757037992
sft_esm3_mlp_combined_qwen3_8b_it_0306_010408,2630,0.272637744259576,0.487,1.6341,,0.49345770478248596,0.00019622950352735316
sft_esm3_mlp_combined_qwen3_8b_it_0306_010408,2640,0.2736743896750117,0.4321,1.5329,,0.601572573184967,0.0001961998171716223
sft_esm3_mlp_combined_qwen3_8b_it_0306_010408,2650,0.2747110350904473,0.4162,1.6911,,0.5793704390525818,0.00019617001667183033
sft_esm3_mlp_combined_qwen3_8b_it_0306_010408,2660,0.27574768050588294,0.4929,1.6346,,0.6810295581817627,0.00019614010206333652
sft_esm3_mlp_combined_qwen3_8b_it_0306_010408,2670,0.27678432592131863,0.4078,1.5607,,0.6329342126846313,0.00019611007338163545
sft_esm3_mlp_combined_qwen3_8b_it_0306_010408,2680,0.27782097133675426,0.4705,1.6581,,0.5471596121788025,0.0001960799306623571
sft_esm3_mlp_combined_qwen3_8b_it_0306_010408,2690,0.2788576167521899,0.467,1.539,,0.6904300451278687,0.00019604967394126673
sft_esm3_mlp_combined_qwen3_8b_it_0306_010408,2700,0.2798942621676256,0.5622,1.5961,,0.5960335731506348,0.0001960193032542649
sft_esm3_mlp_combined_qwen3_8b_it_0306_010408,2710,0.2809309075830612,0.4227,1.6488,,0.5296673774719238,0.0001959888186373873
sft_esm3_mlp_combined_qwen3_8b_it_0306_010408,2720,0.28196755299849685,0.4381,1.5332,,0.6403321623802185,0.00019595822012680498
sft_esm3_mlp_combined_qwen3_8b_it_0306_010408,2730,0.28300419841393254,0.4341,1.6344,,0.567141056060791,0.00019592750775882393
sft_esm3_mlp_combined_qwen3_8b_it_0306_010408,2740,0.2840408438293682,0.4324,1.6409,,0.6977913975715637,0.00019589668156988537
sft_esm3_mlp_combined_qwen3_8b_it_0306_010408,2750,0.2850774892448038,0.4483,1.5643,,0.5919944047927856,0.0001958657415965655
sft_esm3_mlp_combined_qwen3_8b_it_0306_010408,2750,0.2850774892448038,0.5447,,0.42644181847572327,,
sft_esm3_mlp_combined_qwen3_8b_it_0306_010408,2760,0.28611413466023944,0.4339,1.6718,,0.5566091537475586,0.00019583468787557557
sft_esm3_mlp_combined_qwen3_8b_it_0306_010408,2770,0.2871507800756751,0.4186,1.5332,,0.6896963119506836,0.00019580352044376177
sft_esm3_mlp_combined_qwen3_8b_it_0306_010408,2780,0.28818742549111076,0.4394,1.6333,,0.6278589367866516,0.00019577223933810528
sft_esm3_mlp_combined_qwen3_8b_it_0306_010408,2790,0.2892240709065464,0.4421,1.6807,,0.630159854888916,0.00019574084459572202
sft_esm3_mlp_combined_qwen3_8b_it_0306_010408,2800,0.2902607163219821,0.4311,1.5361,,0.5983289480209351,0.00019570933625386285
sft_esm3_mlp_combined_qwen3_8b_it_0306_010408,2810,0.2912973617374177,0.4639,1.6674,,0.514384925365448,0.00019567771434991343
sft_esm3_mlp_combined_qwen3_8b_it_0306_010408,2820,0.29233400715285335,0.4979,1.6062,,0.6118561625480652,0.00019564597892139407
sft_esm3_mlp_combined_qwen3_8b_it_0306_010408,2830,0.29337065256828904,0.4315,1.5394,,0.5998656749725342,0.00019561413000595987
sft_esm3_mlp_combined_qwen3_8b_it_0306_010408,2840,0.29440729798372467,0.4349,1.6809,,0.5386484265327454,0.00019558216764140057
sft_esm3_mlp_combined_qwen3_8b_it_0306_010408,2850,0.2954439433991603,0.4457,1.5686,,0.7221664190292358,0.00019555009186564046
sft_esm3_mlp_combined_qwen3_8b_it_0306_010408,2860,0.296480588814596,0.5049,1.655,,0.542188286781311,0.0001955179027167385
sft_esm3_mlp_combined_qwen3_8b_it_0306_010408,2870,0.2975172342300316,0.4949,1.6461,,0.6028952598571777,0.00019548560023288807
sft_esm3_mlp_combined_qwen3_8b_it_0306_010408,2880,0.29855387964546726,0.4368,1.5457,,0.5765940546989441,0.00019545318445241705
sft_esm3_mlp_combined_qwen3_8b_it_0306_010408,2890,0.29959052506090295,0.4741,1.6709,,0.5629331469535828,0.0001954206554137878
sft_esm3_mlp_combined_qwen3_8b_it_0306_010408,2900,0.3006271704763386,0.4758,1.6761,,0.6995649933815002,0.00019538801315559706
sft_esm3_mlp_combined_qwen3_8b_it_0306_010408,2910,0.3016638158917742,0.4607,1.5409,,0.6206335425376892,0.0001953552577165758
sft_esm3_mlp_combined_qwen3_8b_it_0306_010408,2920,0.30270046130720984,0.4253,1.6912,,0.573845624923706,0.00019532238913558942
sft_esm3_mlp_combined_qwen3_8b_it_0306_010408,2930,0.30373710672264553,0.41,1.543,,0.6572516560554504,0.0001952894074516375
sft_esm3_mlp_combined_qwen3_8b_it_0306_010408,2940,0.30477375213808117,0.4785,1.6238,,0.5932513475418091,0.0001952563127038538
sft_esm3_mlp_combined_qwen3_8b_it_0306_010408,2950,0.3058103975535168,0.4569,1.6512,,0.5900197625160217,0.00019522310493150634
sft_esm3_mlp_combined_qwen3_8b_it_0306_010408,2960,0.3068470429689525,0.4154,1.5002,,0.6107557415962219,0.00019518978417399708
sft_esm3_mlp_combined_qwen3_8b_it_0306_010408,2970,0.3078836883843881,0.4538,1.6238,,0.5245757699012756,0.00019515635047086217
sft_esm3_mlp_combined_qwen3_8b_it_0306_010408,2980,0.30892033379982375,0.4508,1.5828,,0.6861737370491028,0.00019512280386177174
sft_esm3_mlp_combined_qwen3_8b_it_0306_010408,2990,0.30995697921525944,0.4647,1.5571,,0.6240400671958923,0.00019508914438652985
sft_esm3_mlp_combined_qwen3_8b_it_0306_010408,3000,0.3109936246306951,0.4634,1.6756,,0.5213919281959534,0.00019505537208507455
sft_esm3_mlp_combined_qwen3_8b_it_0306_010408,3000,0.3109936246306951,0.5459,,0.4206724762916565,,
sft_esm3_mlp_combined_qwen3_8b_it_0306_010408,3010,0.3120302700461307,0.4008,1.5243,,0.6236351132392883,0.0001950214869974777
sft_esm3_mlp_combined_qwen3_8b_it_0306_010408,3020,0.3130669154615664,0.4874,1.6019,,0.5509400367736816,0.00019498748916394498
sft_esm3_mlp_combined_qwen3_8b_it_0306_010408,3030,0.31410356087700203,0.4332,1.6877,,0.7464199662208557,0.00019495337862481592
sft_esm3_mlp_combined_qwen3_8b_it_0306_010408,3040,0.31514020629243766,0.398,1.5109,,0.5909199118614197,0.0001949191554205637
sft_esm3_mlp_combined_qwen3_8b_it_0306_010408,3050,0.3161768517078733,0.444,1.6044,,0.576878547668457,0.00019488481959179524
sft_esm3_mlp_combined_qwen3_8b_it_0306_010408,3060,0.317213497123309,0.4715,1.5879,,0.6950360536575317,0.00019485037117925104
sft_esm3_mlp_combined_qwen3_8b_it_0306_010408,3070,0.3182501425387446,0.4828,1.5183,,0.5679594874382019,0.00019481581022380521
sft_esm3_mlp_combined_qwen3_8b_it_0306_010408,3080,0.31928678795418025,0.415,1.6243,,0.5191779136657715,0.00019478113676646539
sft_esm3_mlp_combined_qwen3_8b_it_0306_010408,3090,0.32032343336961594,0.4375,1.5512,,0.6250690817832947,0.00019474635084837272
sft_esm3_mlp_combined_qwen3_8b_it_0306_010408,3100,0.3213600787850516,0.4538,1.6358,,0.6077860593795776,0.00019471145251080175
sft_esm3_mlp_combined_qwen3_8b_it_0306_010408,3110,0.3223967242004872,0.4191,1.6513,,0.6034262776374817,0.0001946764417951605
sft_esm3_mlp_combined_qwen3_8b_it_0306_010408,3120,0.3234333696159229,0.4273,1.5026,,0.6564921140670776,0.00019464131874299015
sft_esm3_mlp_combined_qwen3_8b_it_0306_010408,3130,0.3244700150313585,0.4924,1.5945,,0.5298018455505371,0.0001946060833959654
sft_esm3_mlp_combined_qwen3_8b_it_0306_010408,3140,0.32550666044679416,0.5051,1.6627,,0.6471084356307983,0.00019457073579589405
sft_esm3_mlp_combined_qwen3_8b_it_0306_010408,3150,0.32654330586222985,0.4351,1.501,,0.5975656509399414,0.00019453527598471712
sft_esm3_mlp_combined_qwen3_8b_it_0306_010408,3160,0.3275799512776655,0.4451,1.654,,0.536069929599762,0.0001944997040045087
sft_esm3_mlp_combined_qwen3_8b_it_0306_010408,3170,0.3286165966931011,0.4038,1.5462,,0.6567459106445312,0.00019446401989747618
sft_esm3_mlp_combined_qwen3_8b_it_0306_010408,3180,0.32965324210853675,0.4488,1.5578,,0.5884658098220825,0.00019442822370595975
sft_esm3_mlp_combined_qwen3_8b_it_0306_010408,3190,0.33068988752397244,0.4503,1.6861,,0.634429931640625,0.00019439231547243276
sft_esm3_mlp_combined_qwen3_8b_it_0306_010408,3200,0.33172653293940807,0.4003,1.5252,,0.7178120613098145,0.00019435629523950138
sft_esm3_mlp_combined_qwen3_8b_it_0306_010408,3210,0.3327631783548437,0.443,1.6191,,0.5280889868736267,0.0001943201630499048
sft_esm3_mlp_combined_qwen3_8b_it_0306_010408,3220,0.3337998237702794,0.4531,1.6425,,0.7186868190765381,0.00019428391894651498
sft_esm3_mlp_combined_qwen3_8b_it_0306_010408,3230,0.334836469185715,0.4364,1.5117,,0.5586583018302917,0.00019424756297233657
sft_esm3_mlp_combined_qwen3_8b_it_0306_010408,3240,0.33587311460115066,0.4632,1.6854,,0.5110188126564026,0.00019421109517050718
sft_esm3_mlp_combined_qwen3_8b_it_0306_010408,3250,0.33690976001658635,0.3974,1.5006,,0.7613301873207092,0.00019417451558429694
sft_esm3_mlp_combined_qwen3_8b_it_0306_010408,3250,0.33690976001658635,0.5082,,0.42026960849761963,,
sft_esm3_mlp_combined_qwen3_8b_it_0306_010408,3260,0.337946405432022,0.4794,1.583,,0.609120786190033,0.00019413782425710863
sft_esm3_mlp_combined_qwen3_8b_it_0306_010408,3270,0.3389830508474576,0.4489,1.6379,,0.5253788232803345,0.00019410102123247768
sft_esm3_mlp_combined_qwen3_8b_it_0306_010408,3280,0.3400196962628933,0.4234,1.5008,,0.6471748352050781,0.00019406410655407202
sft_esm3_mlp_combined_qwen3_8b_it_0306_010408,3290,0.34105634167832893,0.4494,1.6148,,0.5241298079490662,0.00019402708026569203
sft_esm3_mlp_combined_qwen3_8b_it_0306_010408,3300,0.34209298709376457,0.48,1.6551,,0.6631320714950562,0.0001939899424112706
sft_esm3_mlp_combined_qwen3_8b_it_0306_010408,3310,0.34312963250920026,0.3817,1.5301,,0.6054807901382446,0.00019395269303487287
sft_esm3_mlp_combined_qwen3_8b_it_0306_010408,3320,0.3441662779246359,0.4126,1.6184,,0.5235105752944946,0.00019391533218069643
sft_esm3_mlp_combined_qwen3_8b_it_0306_010408,3330,0.3452029233400715,0.4414,1.5304,,0.5692247748374939,0.0001938778598930711
sft_esm3_mlp_combined_qwen3_8b_it_0306_010408,3340,0.34623956875550715,0.4244,1.5675,,0.5791975855827332,0.00019384027621645889
sft_esm3_mlp_combined_qwen3_8b_it_0306_010408,3350,0.34727621417094284,0.4734,1.5952,,0.637232780456543,0.00019380258119545399
sft_esm3_mlp_combined_qwen3_8b_it_0306_010408,3360,0.3483128595863785,0.3999,1.5054,,0.5498738884925842,0.00019376477487478272
sft_esm3_mlp_combined_qwen3_8b_it_0306_010408,3370,0.3493495050018141,0.444,1.5844,,0.5474360585212708,0.00019372685729930343
sft_esm3_mlp_combined_qwen3_8b_it_0306_010408,3380,0.3503861504172498,0.4675,1.5672,,0.7679764628410339,0.00019368882851400653
sft_esm3_mlp_combined_qwen3_8b_it_0306_010408,3390,0.35142279583268543,0.382,1.5878,,0.5915052890777588,0.00019365068856401428
sft_esm3_mlp_combined_qwen3_8b_it_0306_010408,3400,0.35245944124812106,0.4772,1.5993,,0.5358601212501526,0.000193612437494581
sft_esm3_mlp_combined_qwen3_8b_it_0306_010408,3410,0.35349608666355675,0.3526,1.5336,,0.5532149076461792,0.00019357407535109276
sft_esm3_mlp_combined_qwen3_8b_it_0306_010408,3420,0.3545327320789924,0.484,1.5659,,0.5941175818443298,0.00019353560217906735
sft_esm3_mlp_combined_qwen3_8b_it_0306_010408,3430,0.355569377494428,0.4933,1.6665,,0.8485034704208374,0.00019349701802415446
sft_esm3_mlp_combined_qwen3_8b_it_0306_010408,3440,0.3566060229098637,0.3897,1.4663,,0.5606885552406311,0.00019345832293213535
sft_esm3_mlp_combined_qwen3_8b_it_0306_010408,3450,0.35764266832529934,0.4934,1.557,,0.5138546824455261,0.00019341951694892292
sft_esm3_mlp_combined_qwen3_8b_it_0306_010408,3460,0.358679313740735,0.4135,1.5773,,0.721886932849884,0.00019338060012056177
sft_esm3_mlp_combined_qwen3_8b_it_0306_010408,3470,0.3597159591561706,0.4118,1.573,,0.6857011914253235,0.0001933415724932278
sft_esm3_mlp_combined_qwen3_8b_it_0306_010408,3480,0.3607526045716063,0.4736,1.5885,,0.5203754901885986,0.00019330243411322856
sft_esm3_mlp_combined_qwen3_8b_it_0306_010408,3490,0.3617892499870419,0.371,1.5184,,0.6174993515014648,0.00019326318502700294
sft_esm3_mlp_combined_qwen3_8b_it_0306_010408,3500,0.36282589540247756,0.4266,1.5768,,0.5419466495513916,0.0001932238252811212
sft_esm3_mlp_combined_qwen3_8b_it_0306_010408,3500,0.36282589540247756,0.4887,,0.41335898637771606,,
sft_esm3_mlp_combined_qwen3_8b_it_0306_010408,3510,0.36386254081791325,0.4393,1.5944,,0.589100182056427,0.0001931843549222849
sft_esm3_mlp_combined_qwen3_8b_it_0306_010408,3520,0.3648991862333489,0.3682,1.5147,,0.6761285066604614,0.0001931447739973268
sft_esm3_mlp_combined_qwen3_8b_it_0306_010408,3530,0.3659358316487845,0.4101,1.5921,,0.5551846623420715,0.00019310508255321093
sft_esm3_mlp_combined_qwen3_8b_it_0306_010408,3540,0.3669724770642202,0.4211,1.5532,,0.7325056195259094,0.00019306528063703246
sft_esm3_mlp_combined_qwen3_8b_it_0306_010408,3550,0.36800912247965584,0.4251,1.5546,,0.580591082572937,0.0001930253682960175
sft_esm3_mlp_combined_qwen3_8b_it_0306_010408,3560,0.36904576789509147,0.4763,1.6524,,0.5821804404258728,0.00019298534557752337
sft_esm3_mlp_combined_qwen3_8b_it_0306_010408,3570,0.37008241331052716,0.3897,1.5145,,0.6064778566360474,0.0001929452125290382
sft_esm3_mlp_combined_qwen3_8b_it_0306_010408,3580,0.3711190587259628,0.4381,1.5577,,0.5662849545478821,0.00019290496919818114
sft_esm3_mlp_combined_qwen3_8b_it_0306_010408,3590,0.3721557041413984,0.3832,1.6493,,0.7016916871070862,0.0001928646156327021
sft_esm3_mlp_combined_qwen3_8b_it_0306_010408,3600,0.37319234955683406,0.3884,1.5176,,0.5565366148948669,0.00019282415188048187
sft_esm3_mlp_combined_qwen3_8b_it_0306_010408,3610,0.37422899497226975,0.4587,1.5617,,0.5128602981567383,0.00019278357798953194
sft_esm3_mlp_combined_qwen3_8b_it_0306_010408,3620,0.3752656403877054,0.3748,1.5248,,0.6653034090995789,0.00019274289400799448
sft_esm3_mlp_combined_qwen3_8b_it_0306_010408,3630,0.376302285803141,0.4106,1.5368,,0.5335695147514343,0.00019270209998414228
sft_esm3_mlp_combined_qwen3_8b_it_0306_010408,3640,0.3773389312185767,0.5097,1.5856,,0.577669620513916,0.00019266119596637876
sft_esm3_mlp_combined_qwen3_8b_it_0306_010408,3650,0.37837557663401233,0.3703,1.509,,0.5867695808410645,0.00019262018200323774
sft_esm3_mlp_combined_qwen3_8b_it_0306_010408,3660,0.37941222204944797,0.5267,1.586,,0.5678274631500244,0.0001925790581433836
sft_esm3_mlp_combined_qwen3_8b_it_0306_010408,3670,0.38044886746488366,0.4024,1.6326,,0.6222628951072693,0.00019253782443561106
sft_esm3_mlp_combined_qwen3_8b_it_0306_010408,3680,0.3814855128803193,0.4099,1.5011,,0.6207395792007446,0.0001924964809288452
sft_esm3_mlp_combined_qwen3_8b_it_0306_010408,3690,0.3825221582957549,0.4839,1.5551,,0.5001740455627441,0.00019245502767214134
sft_esm3_mlp_combined_qwen3_8b_it_0306_010408,3700,0.3835588037111906,0.3711,1.5092,,0.6009032726287842,0.00019241346471468508
sft_esm3_mlp_combined_qwen3_8b_it_0306_010408,3710,0.38459544912662624,0.4408,1.5776,,0.5131984353065491,0.00019237179210579216
sft_esm3_mlp_combined_qwen3_8b_it_0306_010408,3720,0.3856320945420619,0.4587,1.6075,,0.5797728300094604,0.00019233000989490843
sft_esm3_mlp_combined_qwen3_8b_it_0306_010408,3730,0.38666873995749756,0.3602,1.5095,,0.67817223072052,0.0001922881181316097
sft_esm3_mlp_combined_qwen3_8b_it_0306_010408,3740,0.3877053853729332,0.4895,1.5627,,0.5486442446708679,0.00019224611686560197
sft_esm3_mlp_combined_qwen3_8b_it_0306_010408,3750,0.38874203078836883,0.3948,1.5836,,0.7008852362632751,0.00019220400614672093
sft_esm3_mlp_combined_qwen3_8b_it_0306_010408,3750,0.38874203078836883,0.4992,,0.4087120294570923,,
sft_esm3_mlp_combined_qwen3_8b_it_0306_010408,3760,0.38977867620380446,0.4177,1.5211,,0.6668890118598938,0.0001921617860249323
sft_esm3_mlp_combined_qwen3_8b_it_0306_010408,3770,0.39081532161924015,0.4694,1.5892,,0.576068639755249,0.00019211945655033157
sft_esm3_mlp_combined_qwen3_8b_it_0306_010408,3780,0.3918519670346758,0.4048,1.5072,,0.5184717178344727,0.00019207701777314396
sft_esm3_mlp_combined_qwen3_8b_it_0306_010408,3790,0.3928886124501114,0.4261,1.575,,0.5547011494636536,0.00019203446974372439
sft_esm3_mlp_combined_qwen3_8b_it_0306_010408,3800,0.3939252578655471,0.4782,1.621,,0.6585066318511963,0.0001919918125125574
sft_esm3_mlp_combined_qwen3_8b_it_0306_010408,3810,0.39496190328098274,0.3402,1.5028,,0.5461810827255249,0.00019194904613025715
sft_esm3_mlp_combined_qwen3_8b_it_0306_010408,3820,0.3959985486964184,0.4529,1.5361,,0.5089845657348633,0.00019190617064756725
sft_esm3_mlp_combined_qwen3_8b_it_0306_010408,3830,0.39703519411185406,0.4203,1.515,,0.6566956639289856,0.00019186318611536077
sft_esm3_mlp_combined_qwen3_8b_it_0306_010408,3840,0.3980718395272897,0.3711,1.5594,,0.5249775648117065,0.00019182009258464025
sft_esm3_mlp_combined_qwen3_8b_it_0306_010408,3850,0.39910848494272533,0.4747,1.574,,0.5882236361503601,0.00019177689010653744
sft_esm3_mlp_combined_qwen3_8b_it_0306_010408,3860,0.400145130358161,0.4326,1.5122,,0.584431529045105,0.00019173357873231343
sft_esm3_mlp_combined_qwen3_8b_it_0306_010408,3870,0.40118177577359665,0.4537,1.6215,,0.6443204283714294,0.00019169015851335853
sft_esm3_mlp_combined_qwen3_8b_it_0306_010408,3880,0.4022184211890323,0.4755,1.566,,0.6007131934165955,0.00019164662950119218
sft_esm3_mlp_combined_qwen3_8b_it_0306_010408,3890,0.4032550666044679,0.3859,1.4971,,0.6164790987968445,0.00019160299174746285
sft_esm3_mlp_combined_qwen3_8b_it_0306_010408,3900,0.4042917120199036,0.4063,1.6075,,0.5229465365409851,0.00019155924530394813
sft_esm3_mlp_combined_qwen3_8b_it_0306_010408,3910,0.40532835743533924,0.3641,1.5041,,0.6744875311851501,0.0001915153902225545
sft_esm3_mlp_combined_qwen3_8b_it_0306_010408,3920,0.40636500285077487,0.454,1.5481,,0.5620049834251404,0.0001914714265553174
sft_esm3_mlp_combined_qwen3_8b_it_0306_010408,3930,0.40740164826621056,0.4543,1.5258,,0.619799017906189,0.00019142735435440106
sft_esm3_mlp_combined_qwen3_8b_it_0306_010408,3940,0.4084382936816462,0.3959,1.5111,,0.6112759709358215,0.00019138317367209853
sft_esm3_mlp_combined_qwen3_8b_it_0306_010408,3950,0.4094749390970818,0.4165,1.5525,,0.6082704663276672,0.00019133888456083153
sft_esm3_mlp_combined_qwen3_8b_it_0306_010408,3960,0.4105115845125175,0.5337,1.6132,,0.5543808937072754,0.00019129448707315048
sft_esm3_mlp_combined_qwen3_8b_it_0306_010408,3970,0.41154822992795315,0.3592,1.5019,,0.5623288154602051,0.00019124998126173435
sft_esm3_mlp_combined_qwen3_8b_it_0306_010408,3980,0.4125848753433888,0.445,1.566,,0.498884916305542,0.00019120536717939074
sft_esm3_mlp_combined_qwen3_8b_it_0306_010408,3990,0.41362152075882447,0.4339,1.4908,,0.6036494374275208,0.00019116064487905557
sft_esm3_mlp_combined_qwen3_8b_it_0306_010408,4000,0.4146581661742601,0.4029,1.602,,0.5962198972702026,0.00019111581441379322
sft_esm3_mlp_combined_qwen3_8b_it_0306_010408,4000,0.4146581661742601,0.469,,0.40397146344184875,,
sft_esm3_mlp_combined_qwen3_8b_it_0306_010408,4010,0.41569481158969573,0.4549,1.6097,,0.5519488453865051,0.00019107087583679645
sft_esm3_mlp_combined_qwen3_8b_it_0306_010408,4020,0.41673145700513137,0.3995,1.4679,,0.6059325337409973,0.00019102582920138631
sft_esm3_mlp_combined_qwen3_8b_it_0306_010408,4030,0.41776810242056706,0.4648,1.6016,,0.5319671630859375,0.00019098067456101197
sft_esm3_mlp_combined_qwen3_8b_it_0306_010408,4040,0.4188047478360027,0.4511,1.5547,,0.6735473275184631,0.00019093541196925086
sft_esm3_mlp_combined_qwen3_8b_it_0306_010408,4050,0.4198413932514383,0.392,1.4965,,0.5793274641036987,0.00019089004147980837
sft_esm3_mlp_combined_qwen3_8b_it_0306_010408,4060,0.420878038666874,0.4632,1.5519,,0.538056492805481,0.00019084456314651807
sft_esm3_mlp_combined_qwen3_8b_it_0306_010408,4070,0.42191468408230964,0.4224,1.5016,,0.6506003737449646,0.00019079897702334138
sft_esm3_mlp_combined_qwen3_8b_it_0306_010408,4080,0.4229513294977453,0.4456,1.5528,,0.5437598824501038,0.00019075328316436763
sft_esm3_mlp_combined_qwen3_8b_it_0306_010408,4090,0.42398797491318096,0.4835,1.5775,,0.5116537809371948,0.000190707481623814
sft_esm3_mlp_combined_qwen3_8b_it_0306_010408,4100,0.4250246203286166,0.3718,1.4725,,0.6014133095741272,0.00019066157245602546
sft_esm3_mlp_combined_qwen3_8b_it_0306_010408,4110,0.42606126574405223,0.4727,1.5375,,0.5478833913803101,0.00019061555571547466
sft_esm3_mlp_combined_qwen3_8b_it_0306_010408,4120,0.4270979111594879,0.4524,1.5996,,0.7274998426437378,0.00019056943145676186
sft_esm3_mlp_combined_qwen3_8b_it_0306_010408,4130,0.42813455657492355,0.3796,1.4306,,0.5696590542793274,0.00019052319973461495
sft_esm3_mlp_combined_qwen3_8b_it_0306_010408,4140,0.4291712019903592,0.4699,1.5554,,0.5066081285476685,0.00019047686060388928
sft_esm3_mlp_combined_qwen3_8b_it_0306_010408,4150,0.4302078474057949,0.3974,1.5548,,0.6250494122505188,0.0001904304141195677
sft_esm3_mlp_combined_qwen3_8b_it_0306_010408,4160,0.4312444928212305,0.4794,1.4862,,0.5360016822814941,0.0001903838603367603
sft_esm3_mlp_combined_qwen3_8b_it_0306_010408,4170,0.43228113823666614,0.4482,1.5985,,0.54422527551651,0.0001903371993107047
sft_esm3_mlp_combined_qwen3_8b_it_0306_010408,4180,0.4333177836521018,0.3851,1.4484,,0.7714735269546509,0.0001902904310967656
sft_esm3_mlp_combined_qwen3_8b_it_0306_010408,4190,0.43435442906753746,0.5089,1.5831,,0.5377123951911926,0.00019024355575043492
sft_esm3_mlp_combined_qwen3_8b_it_0306_010408,4200,0.4353910744829731,0.4134,1.6456,,0.6308497786521912,0.00019019657332733174
sft_esm3_mlp_combined_qwen3_8b_it_0306_010408,4210,0.43642771989840873,0.3917,1.4208,,0.6260226368904114,0.00019014948388320214
sft_esm3_mlp_combined_qwen3_8b_it_0306_010408,4220,0.4374643653138444,0.4386,1.5701,,0.4689141809940338,0.00019010228747391925
sft_esm3_mlp_combined_qwen3_8b_it_0306_010408,4230,0.43850101072928005,0.3725,1.4708,,0.6629546880722046,0.00019005498415548299
sft_esm3_mlp_combined_qwen3_8b_it_0306_010408,4240,0.4395376561447157,0.4628,1.5094,,0.5587039589881897,0.00019000757398402026
sft_esm3_mlp_combined_qwen3_8b_it_0306_010408,4250,0.44057430156015137,0.4355,1.6119,,0.504949152469635,0.00018996005701578473
sft_esm3_mlp_combined_qwen3_8b_it_0306_010408,4250,0.44057430156015137,0.4676,,0.4034995436668396,,
sft_esm3_mlp_combined_qwen3_8b_it_0306_010408,4260,0.441610946975587,0.4061,1.4906,,0.6421886086463928,0.00018991243330715666
sft_esm3_mlp_combined_qwen3_8b_it_0306_010408,4270,0.44264759239102264,0.4843,1.5951,,0.5232327580451965,0.00018986470291464314
sft_esm3_mlp_combined_qwen3_8b_it_0306_010408,4280,0.4436842378064583,0.4519,1.545,,0.5572845339775085,0.0001898168658948777
sft_esm3_mlp_combined_qwen3_8b_it_0306_010408,4290,0.44472088322189396,0.4419,1.4795,,0.6156915426254272,0.0001897689223046205
sft_esm3_mlp_combined_qwen3_8b_it_0306_010408,4300,0.4457575286373296,0.4103,1.5805,,0.5409334301948547,0.00018972087220075806
sft_esm3_mlp_combined_qwen3_8b_it_0306_010408,4310,0.4467941740527652,0.4315,1.5611,,0.5815865993499756,0.0001896727156403033
sft_esm3_mlp_combined_qwen3_8b_it_0306_010408,4320,0.4478308194682009,0.3791,1.4827,,0.5300958156585693,0.0001896244526803955
sft_esm3_mlp_combined_qwen3_8b_it_0306_010408,4330,0.44886746488363655,0.4363,1.5153,,0.5658108592033386,0.00018957608337830014
sft_esm3_mlp_combined_qwen3_8b_it_0306_010408,4340,0.4499041102990722,0.4211,1.5054,,0.6312065720558167,0.0001895276077914089
sft_esm3_mlp_combined_qwen3_8b_it_0306_010408,4350,0.45094075571450787,0.375,1.5915,,0.5139359831809998,0.00018947902597723959
sft_esm3_mlp_combined_qwen3_8b_it_0306_010408,4360,0.4519774011299435,0.45,1.5431,,0.5486561059951782,0.00018943033799343598
sft_esm3_mlp_combined_qwen3_8b_it_0306_010408,4370,0.45301404654537913,0.4109,1.4592,,0.5347575545310974,0.0001893815438977679
sft_esm3_mlp_combined_qwen3_8b_it_0306_010408,4380,0.4540506919608148,0.4095,1.5943,,0.5481092929840088,0.00018933264374813112
sft_esm3_mlp_combined_qwen3_8b_it_0306_010408,4390,0.45508733737625046,0.4764,1.5406,,0.6816368103027344,0.0001892836376025471
sft_esm3_mlp_combined_qwen3_8b_it_0306_010408,4400,0.4561239827916861,0.371,1.4791,,0.5527973771095276,0.0001892345255191631
sft_esm3_mlp_combined_qwen3_8b_it_0306_010408,4410,0.4571606282071218,0.4207,1.6013,,0.5513664484024048,0.00018918530755625222
sft_esm3_mlp_combined_qwen3_8b_it_0306_010408,4420,0.4581972736225574,0.3909,1.4268,,0.6015375852584839,0.0001891359837722131
sft_esm3_mlp_combined_qwen3_8b_it_0306_010408,4430,0.45923391903799304,0.4509,1.5607,,0.5198348164558411,0.00018908655422556988
sft_esm3_mlp_combined_qwen3_8b_it_0306_010408,4440,0.46027056445342873,0.4637,1.5681,,0.6430416107177734,0.0001890370189749723
sft_esm3_mlp_combined_qwen3_8b_it_0306_010408,4450,0.46130720986886437,0.399,1.4464,,0.5457212924957275,0.00018898737807919545
sft_esm3_mlp_combined_qwen3_8b_it_0306_010408,4460,0.4623438552843,0.4006,1.624,,0.5500580668449402,0.00018893763159713977
sft_esm3_mlp_combined_qwen3_8b_it_0306_010408,4470,0.46338050069973563,0.404,1.4574,,0.5974887609481812,0.000188887779587831
sft_esm3_mlp_combined_qwen3_8b_it_0306_010408,4480,0.4644171461151713,0.4226,1.536,,0.5011343955993652,0.00018883782211042013
sft_esm3_mlp_combined_qwen3_8b_it_0306_010408,4490,0.46545379153060695,0.4383,1.5691,,0.6038835048675537,0.00018878775922418316
sft_esm3_mlp_combined_qwen3_8b_it_0306_010408,4500,0.4664904369460426,0.4018,1.4418,,0.5166742205619812,0.0001887375909885214
sft_esm3_mlp_combined_qwen3_8b_it_0306_010408,4500,0.4664904369460426,0.48,,0.4017578661441803,,
sft_esm3_mlp_combined_qwen3_8b_it_0306_010408,4510,0.4675270823614783,0.3832,1.5596,,0.49396470189094543,0.0001886873174629609
sft_esm3_mlp_combined_qwen3_8b_it_0306_010408,4520,0.4685637277769139,0.355,1.5427,,0.6449151039123535,0.0001886369387071528
sft_esm3_mlp_combined_qwen3_8b_it_0306_010408,4530,0.46960037319234954,0.495,1.4868,,0.5488845109939575,0.00018858645478087306
sft_esm3_mlp_combined_qwen3_8b_it_0306_010408,4540,0.47063701860778523,0.4085,1.6383,,0.5878297090530396,0.0001885358657440224
sft_esm3_mlp_combined_qwen3_8b_it_0306_010408,4550,0.47167366402322086,0.3707,1.4397,,0.5760806202888489,0.00018848517165662626
sft_esm3_mlp_combined_qwen3_8b_it_0306_010408,4560,0.4727103094386565,0.48,1.5111,,0.5765261650085449,0.0001884343725788348
sft_esm3_mlp_combined_qwen3_8b_it_0306_010408,4570,0.4737469548540922,0.4288,1.5585,,0.6040831208229065,0.00018838346857092265
sft_esm3_mlp_combined_qwen3_8b_it_0306_010408,4580,0.4747836002695278,0.3589,1.4058,,0.5581718683242798,0.00018833245969328903
sft_esm3_mlp_combined_qwen3_8b_it_0306_010408,4590,0.47582024568496345,0.4564,1.5742,,0.5224798917770386,0.00018828134600645753
sft_esm3_mlp_combined_qwen3_8b_it_0306_010408,4600,0.4768568911003991,0.3789,1.5361,,0.5943132638931274,0.00018823012757107613
sft_esm3_mlp_combined_qwen3_8b_it_0306_010408,4610,0.47789353651583477,0.4348,1.4578,,0.4929638206958771,0.00018817880444791705
sft_esm3_mlp_combined_qwen3_8b_it_0306_010408,4620,0.4789301819312704,0.4044,1.6025,,0.5296070575714111,0.0001881273766978768
sft_esm3_mlp_combined_qwen3_8b_it_0306_010408,4630,0.47996682734670604,0.398,1.4744,,0.6591331362724304,0.00018807584438197602
sft_esm3_mlp_combined_qwen3_8b_it_0306_010408,4640,0.4810034727621417,0.4274,1.5296,,0.5537130236625671,0.00018802420756135936
sft_esm3_mlp_combined_qwen3_8b_it_0306_010408,4650,0.48204011817757736,0.4633,1.5776,,0.5528603792190552,0.0001879724662972955
sft_esm3_mlp_combined_qwen3_8b_it_0306_010408,4660,0.483076763593013,0.4138,1.458,,0.5924287438392639,0.00018792062065117708
sft_esm3_mlp_combined_qwen3_8b_it_0306_010408,4670,0.4841134090084487,0.4077,1.6193,,0.47976091504096985,0.00018786867068452056
sft_esm3_mlp_combined_qwen3_8b_it_0306_010408,4680,0.4851500544238843,0.3704,1.4501,,0.6019721627235413,0.00018781661645896617
sft_esm3_mlp_combined_qwen3_8b_it_0306_010408,4690,0.48618669983931995,0.4292,1.509,,0.5058095455169678,0.0001877644580362779
sft_esm3_mlp_combined_qwen3_8b_it_0306_010408,4700,0.48722334525475564,0.455,1.6079,,0.5409306287765503,0.00018771219547834326
sft_esm3_mlp_combined_qwen3_8b_it_0306_010408,4710,0.48825999067019127,0.4327,1.4477,,0.5822596549987793,0.00018765982884717344
sft_esm3_mlp_combined_qwen3_8b_it_0306_010408,4720,0.4892966360856269,0.3732,1.6307,,0.5274143218994141,0.00018760735820490308
sft_esm3_mlp_combined_qwen3_8b_it_0306_010408,4730,0.49033328150106253,0.4633,1.491,,0.5796424150466919,0.00018755478361379016
sft_esm3_mlp_combined_qwen3_8b_it_0306_010408,4740,0.4913699269164982,0.3446,1.4661,,0.5506582260131836,0.00018750210513621615
sft_esm3_mlp_combined_qwen3_8b_it_0306_010408,4750,0.49240657233193386,0.4055,1.6047,,0.5765417814254761,0.00018744932283468565
sft_esm3_mlp_combined_qwen3_8b_it_0306_010408,4750,0.49240657233193386,0.4616,,0.39753854274749756,,
sft_esm3_mlp_combined_qwen3_8b_it_0306_010408,4760,0.4934432177473695,0.402,1.4295,,0.5847504138946533,0.0001873964367718265
sft_esm3_mlp_combined_qwen3_8b_it_0306_010408,4770,0.4944798631628052,0.4245,1.5154,,0.5308607816696167,0.00018734344701038959
sft_esm3_mlp_combined_qwen3_8b_it_0306_010408,4780,0.4955165085782408,0.4609,1.5167,,0.604564905166626,0.000187290353613249
sft_esm3_mlp_combined_qwen3_8b_it_0306_010408,4790,0.49655315399367644,0.397,1.4039,,0.545804500579834,0.00018723715664340166
sft_esm3_mlp_combined_qwen3_8b_it_0306_010408,4800,0.49758979940911213,0.3853,1.5098,,0.5153405070304871,0.00018718385616396739
sft_esm3_mlp_combined_qwen3_8b_it_0306_010408,4810,0.49862644482454777,0.4857,1.5035,,0.5919575691223145,0.00018713045223818893
sft_esm3_mlp_combined_qwen3_8b_it_0306_010408,4820,0.4996630902399834,0.3295,1.4576,,0.5236721634864807,0.0001870769449294316
sft_esm3_mlp_combined_qwen3_8b_it_0306_010408,4830,0.500699735655419,0.4279,1.5869,,0.5336093902587891,0.00018702333430118353
sft_esm3_mlp_combined_qwen3_8b_it_0306_010408,4840,0.5017363810708547,0.4289,1.509,,0.5927267670631409,0.00018696962041705542
sft_esm3_mlp_combined_qwen3_8b_it_0306_010408,4850,0.5027730264862904,0.4187,1.5174,,0.5559136271476746,0.00018691580334078038
sft_esm3_mlp_combined_qwen3_8b_it_0306_010408,4860,0.503809671901726,0.4812,1.5241,,0.599505603313446,0.0001868618831362141
sft_esm3_mlp_combined_qwen3_8b_it_0306_010408,4870,0.5048463173171617,0.3366,1.4599,,0.6051629781723022,0.00018680785986733452
sft_esm3_mlp_combined_qwen3_8b_it_0306_010408,4880,0.5058829627325974,0.3636,1.508,,0.5606697201728821,0.00018675373359824203
sft_esm3_mlp_combined_qwen3_8b_it_0306_010408,4890,0.5069196081480329,0.5017,1.5278,,0.6028861999511719,0.00018669950439315896
sft_esm3_mlp_combined_qwen3_8b_it_0306_010408,4900,0.5079562535634686,0.4035,1.4584,,0.5696994066238403,0.00018664517231643007
sft_esm3_mlp_combined_qwen3_8b_it_0306_010408,4910,0.5089928989789043,0.4676,1.5472,,0.5472151637077332,0.000186590737432522
sft_esm3_mlp_combined_qwen3_8b_it_0306_010408,4920,0.5100295443943399,0.3913,1.4482,,0.614458441734314,0.0001865361998060234
sft_esm3_mlp_combined_qwen3_8b_it_0306_010408,4930,0.5110661898097756,0.403,1.5475,,0.482172429561615,0.00018648155950164492
sft_esm3_mlp_combined_qwen3_8b_it_0306_010408,4940,0.5121028352252112,0.4352,1.5381,,0.5193643569946289,0.00018642681658421892
sft_esm3_mlp_combined_qwen3_8b_it_0306_010408,4950,0.5131394806406469,0.3894,1.4931,,0.5282149910926819,0.00018637197111869957
sft_esm3_mlp_combined_qwen3_8b_it_0306_010408,4960,0.5141761260560825,0.4337,1.5001,,0.496786892414093,0.00018631702317016275
sft_esm3_mlp_combined_qwen3_8b_it_0306_010408,4970,0.5152127714715181,0.5301,1.557,,0.5995614528656006,0.0001862619728038059
sft_esm3_mlp_combined_qwen3_8b_it_0306_010408,4980,0.5162494168869538,0.3718,1.4344,,0.49268805980682373,0.0001862068200849479
sft_esm3_mlp_combined_qwen3_8b_it_0306_010408,4990,0.5172860623023895,0.3959,1.5599,,0.5217416882514954,0.00018615156507902924
sft_esm3_mlp_combined_qwen3_8b_it_0306_010408,5000,0.5183227077178251,0.4231,1.4633,,0.6669925451278687,0.00018609620785161167
sft_esm3_mlp_combined_qwen3_8b_it_0306_010408,5000,0.5183227077178251,0.4058,,0.3942946195602417,,
sft_esm3_mlp_combined_qwen3_8b_it_0306_010408,5010,0.5193593531332608,0.3663,1.4821,,0.5053560137748718,0.0001860407484683783
sft_esm3_mlp_combined_qwen3_8b_it_0306_010408,5020,0.5203959985486964,0.487,1.5587,,0.5451399087905884,0.00018598518699513333
sft_esm3_mlp_combined_qwen3_8b_it_0306_010408,5030,0.521432643964132,0.3772,1.4706,,0.6276171803474426,0.0001859295234978022
sft_esm3_mlp_combined_qwen3_8b_it_0306_010408,5040,0.5224692893795677,0.4061,1.4821,,0.4959412217140198,0.00018587375804243137
sft_esm3_mlp_combined_qwen3_8b_it_0306_010408,5050,0.5235059347950034,0.4605,1.5468,,0.8219445943832397,0.00018581789069518827
sft_esm3_mlp_combined_qwen3_8b_it_0306_010408,5060,0.524542580210439,0.376,1.399,,0.5229567289352417,0.00018576192152236127
sft_esm3_mlp_combined_qwen3_8b_it_0306_010408,5070,0.5255792256258747,0.4506,1.5187,,0.5236271023750305,0.0001857058505903595
sft_esm3_mlp_combined_qwen3_8b_it_0306_010408,5080,0.5266158710413104,0.3979,1.5243,,0.6714038252830505,0.00018564967796571286
sft_esm3_mlp_combined_qwen3_8b_it_0306_010408,5090,0.5276525164567459,0.4526,1.4614,,0.5469889044761658,0.0001855934037150719
sft_esm3_mlp_combined_qwen3_8b_it_0306_010408,5100,0.5286891618721816,0.4035,1.5449,,0.5447632074356079,0.0001855370279052078
sft_esm3_mlp_combined_qwen3_8b_it_0306_010408,5110,0.5297258072876173,0.3761,1.3955,,0.5886102914810181,0.00018548055060301215
sft_esm3_mlp_combined_qwen3_8b_it_0306_010408,5120,0.5307624527030529,0.4721,1.5387,,0.5537194609642029,0.00018542397187549706
sft_esm3_mlp_combined_qwen3_8b_it_0306_010408,5130,0.5317990981184886,0.4143,1.5303,,0.6236017942428589,0.00018536729178979488
sft_esm3_mlp_combined_qwen3_8b_it_0306_010408,5140,0.5328357435339243,0.4436,1.4499,,0.5518729090690613,0.00018531051041315838
sft_esm3_mlp_combined_qwen3_8b_it_0306_010408,5150,0.5338723889493598,0.4221,1.6104,,0.5475431680679321,0.00018525362781296036
sft_esm3_mlp_combined_qwen3_8b_it_0306_010408,5160,0.5349090343647955,0.3905,1.4485,,0.6020500659942627,0.00018519664405669377
sft_esm3_mlp_combined_qwen3_8b_it_0306_010408,5170,0.5359456797802312,0.4597,1.509,,0.5301352739334106,0.00018513955921197167
sft_esm3_mlp_combined_qwen3_8b_it_0306_010408,5180,0.5369823251956668,0.4878,1.5376,,0.5274538397789001,0.0001850823733465269
sft_esm3_mlp_combined_qwen3_8b_it_0306_010408,5190,0.5380189706111025,0.4115,1.4386,,0.5464156866073608,0.00018502508652821234
sft_esm3_mlp_combined_qwen3_8b_it_0306_010408,5200,0.5390556160265382,0.3859,1.5776,,0.5011977553367615,0.00018496769882500055
sft_esm3_mlp_combined_qwen3_8b_it_0306_010408,5210,0.5400922614419738,0.4627,1.5211,,0.6372057199478149,0.00018491021030498384
sft_esm3_mlp_combined_qwen3_8b_it_0306_010408,5220,0.5411289068574094,0.4066,1.4667,,0.47897040843963623,0.00018485262103637404
sft_esm3_mlp_combined_qwen3_8b_it_0306_010408,5230,0.542165552272845,0.4059,1.5461,,0.5470263957977295,0.00018479493108750268
sft_esm3_mlp_combined_qwen3_8b_it_0306_010408,5240,0.5432021976882807,0.376,1.4231,,0.627012312412262,0.00018473714052682063
sft_esm3_mlp_combined_qwen3_8b_it_0306_010408,5250,0.5442388431037164,0.4152,1.4907,,0.4993865191936493,0.0001846792494228982
sft_esm3_mlp_combined_qwen3_8b_it_0306_010408,5250,0.5442388431037164,0.4552,,0.39018991589546204,,
sft_esm3_mlp_combined_qwen3_8b_it_0306_010408,5260,0.545275488519152,0.4166,1.538,,0.6175150275230408,0.00018462125784442495
sft_esm3_mlp_combined_qwen3_8b_it_0306_010408,5270,0.5463121339345877,0.4058,1.4353,,0.574861466884613,0.0001845631658602097
sft_esm3_mlp_combined_qwen3_8b_it_0306_010408,5280,0.5473487793500234,0.42,1.5462,,0.5108598470687866,0.0001845049735391804
sft_esm3_mlp_combined_qwen3_8b_it_0306_010408,5290,0.5483854247654589,0.3873,1.4997,,0.6648775339126587,0.00018444668095038403
sft_esm3_mlp_combined_qwen3_8b_it_0306_010408,5300,0.5494220701808946,0.417,1.4524,,0.5135678052902222,0.00018438828816298654
sft_esm3_mlp_combined_qwen3_8b_it_0306_010408,5310,0.5504587155963303,0.3818,1.563,,0.49100401997566223,0.0001843297952462728
sft_esm3_mlp_combined_qwen3_8b_it_0306_010408,5320,0.5514953610117659,0.4015,1.4013,,0.5985267758369446,0.00018427120226964644
sft_esm3_mlp_combined_qwen3_8b_it_0306_010408,5330,0.5525320064272016,0.4693,1.5313,,0.5283083915710449,0.00018421250930262989
sft_esm3_mlp_combined_qwen3_8b_it_0306_010408,5340,0.5535686518426373,0.4597,1.5391,,0.6674370169639587,0.00018415371641486412
sft_esm3_mlp_combined_qwen3_8b_it_0306_010408,5350,0.5546052972580728,0.4034,1.4168,,0.587155282497406,0.0001840948236761087
sft_esm3_mlp_combined_qwen3_8b_it_0306_010408,5360,0.5556419426735085,0.4272,1.5362,,0.48112937808036804,0.00018403583115624174
sft_esm3_mlp_combined_qwen3_8b_it_0306_010408,5370,0.5566785880889442,0.4621,1.5276,,0.6428830623626709,0.00018397673892525966
sft_esm3_mlp_combined_qwen3_8b_it_0306_010408,5380,0.5577152335043798,0.3548,1.5135,,0.45684459805488586,0.00018391754705327727
sft_esm3_mlp_combined_qwen3_8b_it_0306_010408,5390,0.5587518789198155,0.454,1.5325,,0.5017808675765991,0.00018385825561052747
sft_esm3_mlp_combined_qwen3_8b_it_0306_010408,5400,0.5597885243352512,0.3497,1.4253,,0.5933493375778198,0.00018379886466736144
sft_esm3_mlp_combined_qwen3_8b_it_0306_010408,5410,0.5608251697506867,0.3909,1.4655,,0.4810568392276764,0.0001837393742942484
sft_esm3_mlp_combined_qwen3_8b_it_0306_010408,5420,0.5618618151661224,0.5152,1.5154,,0.5798661112785339,0.0001836797845617755
sft_esm3_mlp_combined_qwen3_8b_it_0306_010408,5430,0.5628984605815581,0.351,1.4193,,0.5332244634628296,0.00018362009554064777
sft_esm3_mlp_combined_qwen3_8b_it_0306_010408,5440,0.5639351059969937,0.4076,1.4666,,0.5304902195930481,0.00018356030730168812
sft_esm3_mlp_combined_qwen3_8b_it_0306_010408,5450,0.5649717514124294,0.4184,1.5106,,0.6130317449569702,0.00018350041991583712
sft_esm3_mlp_combined_qwen3_8b_it_0306_010408,5460,0.5660083968278651,0.421,1.4991,,0.48156142234802246,0.00018344043345415301
sft_esm3_mlp_combined_qwen3_8b_it_0306_010408,5470,0.5670450422433007,0.446,1.5577,,0.6436881422996521,0.00018338034798781166
sft_esm3_mlp_combined_qwen3_8b_it_0306_010408,5480,0.5680816876587363,0.3499,1.3979,,0.4754655361175537,0.0001833201635881062
sft_esm3_mlp_combined_qwen3_8b_it_0306_010408,5490,0.569118333074172,0.4083,1.5524,,0.5108122229576111,0.00018325988032644736
sft_esm3_mlp_combined_qwen3_8b_it_0306_010408,5500,0.5701549784896076,0.3863,1.4925,,0.6572183966636658,0.0001831994982743631
sft_esm3_mlp_combined_qwen3_8b_it_0306_010408,5500,0.5701549784896076,0.4584,,0.3873242437839508,,
sft_esm3_mlp_combined_qwen3_8b_it_0306_010408,5510,0.5711916239050433,0.4226,1.4266,,0.5177978873252869,0.0001831390175034986
sft_esm3_mlp_combined_qwen3_8b_it_0306_010408,5520,0.5722282693204789,0.4324,1.5541,,0.5130497217178345,0.00018307843808561613
sft_esm3_mlp_combined_qwen3_8b_it_0306_010408,5530,0.5732649147359146,0.3505,1.4585,,0.5932374000549316,0.00018301776009259507
sft_esm3_mlp_combined_qwen3_8b_it_0306_010408,5540,0.5743015601513503,0.4534,1.541,,0.4801289141178131,0.00018295698359643172
sft_esm3_mlp_combined_qwen3_8b_it_0306_010408,5550,0.5753382055667858,0.4245,1.515,,0.6279893517494202,0.0001828961086692393
sft_esm3_mlp_combined_qwen3_8b_it_0306_010408,5560,0.5763748509822215,0.3862,1.4383,,0.5814895629882812,0.00018283513538324778
sft_esm3_mlp_combined_qwen3_8b_it_0306_010408,5570,0.5774114963976572,0.4126,1.5407,,0.5109565258026123,0.00018277406381080383
sft_esm3_mlp_combined_qwen3_8b_it_0306_010408,5580,0.5784481418130928,0.3483,1.4471,,0.6501891016960144,0.0001827128940243708
sft_esm3_mlp_combined_qwen3_8b_it_0306_010408,5590,0.5794847872285285,0.4299,1.4913,,0.6027421355247498,0.00018265162609652853
sft_esm3_mlp_combined_qwen3_8b_it_0306_010408,5600,0.5805214326439642,0.4028,1.5357,,0.5428863167762756,0.0001825902600999733
sft_esm3_mlp_combined_qwen3_8b_it_0306_010408,5610,0.5815580780593997,0.4117,1.4221,,0.5702452659606934,0.00018252879610751772
sft_esm3_mlp_combined_qwen3_8b_it_0306_010408,5620,0.5825947234748354,0.3973,1.4997,,0.5144875645637512,0.0001824672341920908
sft_esm3_mlp_combined_qwen3_8b_it_0306_010408,5630,0.5836313688902711,0.4209,1.5341,,0.6024963855743408,0.00018240557442673763
sft_esm3_mlp_combined_qwen3_8b_it_0306_010408,5640,0.5846680143057067,0.4144,1.4317,,0.5092599987983704,0.00018234381688461942
sft_esm3_mlp_combined_qwen3_8b_it_0306_010408,5650,0.5857046597211424,0.3722,1.5605,,0.5330538749694824,0.0001822819616390134
sft_esm3_mlp_combined_qwen3_8b_it_0306_010408,5660,0.5867413051365781,0.3572,1.4319,,0.5396391749382019,0.00018222000876331278
sft_esm3_mlp_combined_qwen3_8b_it_0306_010408,5670,0.5877779505520137,0.4395,1.4661,,0.49301615357398987,0.00018215795833102653
sft_esm3_mlp_combined_qwen3_8b_it_0306_010408,5680,0.5888145959674493,0.355,1.5183,,0.5858680605888367,0.00018209581041577936
sft_esm3_mlp_combined_qwen3_8b_it_0306_010408,5690,0.589851241382885,0.3964,1.4323,,0.6038278341293335,0.00018203356509131178
sft_esm3_mlp_combined_qwen3_8b_it_0306_010408,5700,0.5908878867983206,0.4394,1.5597,,0.4774221181869507,0.00018197122243147974
sft_esm3_mlp_combined_qwen3_8b_it_0306_010408,5710,0.5919245322137563,0.4433,1.496,,0.6621390581130981,0.00018190878251025475
sft_esm3_mlp_combined_qwen3_8b_it_0306_010408,5720,0.592961177629192,0.4214,1.4394,,0.5625699758529663,0.0001818462454017237
sft_esm3_mlp_combined_qwen3_8b_it_0306_010408,5730,0.5939978230446276,0.4046,1.5617,,0.5347899198532104,0.00018178361118008883
sft_esm3_mlp_combined_qwen3_8b_it_0306_010408,5740,0.5950344684600632,0.3873,1.4243,,0.6026853322982788,0.0001817208799196676
sft_esm3_mlp_combined_qwen3_8b_it_0306_010408,5750,0.5960711138754989,0.407,1.4852,,0.5336219668388367,0.00018165805169489255
sft_esm3_mlp_combined_qwen3_8b_it_0306_010408,5750,0.5960711138754989,0.4536,,0.3880477249622345,,
sft_esm3_mlp_combined_qwen3_8b_it_0306_010408,5760,0.5971077592909345,0.3991,1.5098,,0.5704396963119507,0.0001815951265803113
sft_esm3_mlp_combined_qwen3_8b_it_0306_010408,5770,0.5981444047063702,0.4012,1.4248,,0.6350104212760925,0.0001815321046505865
sft_esm3_mlp_combined_qwen3_8b_it_0306_010408,5780,0.5991810501218059,0.4281,1.5342,,0.5122162699699402,0.00018146898598049558
sft_esm3_mlp_combined_qwen3_8b_it_0306_010408,5790,0.6002176955372415,0.3736,1.4749,,0.6349571943283081,0.0001814057706449308
sft_esm3_mlp_combined_qwen3_8b_it_0306_010408,5800,0.6012543409526772,0.4676,1.4518,,0.5462356209754944,0.00018134245871889916
sft_esm3_mlp_combined_qwen3_8b_it_0306_010408,5810,0.6022909863681127,0.4011,1.5539,,0.4995466470718384,0.00018127905027752217
sft_esm3_mlp_combined_qwen3_8b_it_0306_010408,5820,0.6033276317835484,0.3823,1.412,,0.4849245846271515,0.0001812155453960359
sft_esm3_mlp_combined_qwen3_8b_it_0306_010408,5830,0.6043642771989841,0.4053,1.4754,,0.5042667388916016,0.00018115194414979087
sft_esm3_mlp_combined_qwen3_8b_it_0306_010408,5840,0.6054009226144197,0.4187,1.5734,,0.5441162586212158,0.00018108824661425195
sft_esm3_mlp_combined_qwen3_8b_it_0306_010408,5850,0.6064375680298554,0.4269,1.4044,,0.552968442440033,0.00018102445286499825
sft_esm3_mlp_combined_qwen3_8b_it_0306_010408,5860,0.6074742134452911,0.4415,1.5692,,0.5134543180465698,0.00018096056297772298
sft_esm3_mlp_combined_qwen3_8b_it_0306_010408,5870,0.6085108588607266,0.4097,1.4342,,0.5600976347923279,0.0001808965770282335
sft_esm3_mlp_combined_qwen3_8b_it_0306_010408,5880,0.6095475042761623,0.4187,1.4578,,0.5246951580047607,0.0001808324950924511
sft_esm3_mlp_combined_qwen3_8b_it_0306_010408,5890,0.610584149691598,0.4617,1.5008,,0.5434414744377136,0.000180768317246411
sft_esm3_mlp_combined_qwen3_8b_it_0306_010408,5900,0.6116207951070336,0.3954,1.4095,,0.5853005647659302,0.00018070404356626218
sft_esm3_mlp_combined_qwen3_8b_it_0306_010408,5910,0.6126574405224693,0.3577,1.5026,,0.510931134223938,0.00018063967412826736
sft_esm3_mlp_combined_qwen3_8b_it_0306_010408,5920,0.613694085937905,0.4477,1.4466,,0.6200836896896362,0.0001805752090088029
sft_esm3_mlp_combined_qwen3_8b_it_0306_010408,5930,0.6147307313533406,0.3735,1.4441,,0.5242909789085388,0.00018051064828435861
sft_esm3_mlp_combined_qwen3_8b_it_0306_010408,5940,0.6157673767687762,0.442,1.5575,,0.4769168496131897,0.00018044599203153783
sft_esm3_mlp_combined_qwen3_8b_it_0306_010408,5950,0.6168040221842119,0.3829,1.3989,,0.6094135046005249,0.00018038124032705718
sft_esm3_mlp_combined_qwen3_8b_it_0306_010408,5960,0.6178406675996475,0.4187,1.49,,0.5401615500450134,0.00018031639324774657
sft_esm3_mlp_combined_qwen3_8b_it_0306_010408,5970,0.6188773130150832,0.4314,1.5043,,0.5819069743156433,0.00018025145087054907
sft_esm3_mlp_combined_qwen3_8b_it_0306_010408,5980,0.6199139584305189,0.3738,1.4014,,0.5790914297103882,0.00018018641327252085
sft_esm3_mlp_combined_qwen3_8b_it_0306_010408,5990,0.6209506038459545,0.3978,1.4939,,0.48669466376304626,0.00018012128053083095
sft_esm3_mlp_combined_qwen3_8b_it_0306_010408,6000,0.6219872492613902,0.4036,1.4479,,0.6533015966415405,0.00018005605272276146
sft_esm3_mlp_combined_qwen3_8b_it_0306_010408,6000,0.6219872492613902,0.4711,,0.38310113549232483,,
sft_esm3_mlp_combined_qwen3_8b_it_0306_010408,6010,0.6230238946768258,0.416,1.4621,,0.5272810459136963,0.00017999072992570713
sft_esm3_mlp_combined_qwen3_8b_it_0306_010408,6020,0.6240605400922614,0.4774,1.4919,,0.5300768613815308,0.00017992531221717556
sft_esm3_mlp_combined_qwen3_8b_it_0306_010408,6030,0.6250971855076971,0.4461,1.4775,,0.5350263118743896,0.00017985979967478685
sft_esm3_mlp_combined_qwen3_8b_it_0306_010408,6040,0.6261338309231328,0.4098,1.5107,,0.4620247185230255,0.00017979419237627365
sft_esm3_mlp_combined_qwen3_8b_it_0306_010408,6050,0.6271704763385684,0.4321,1.5118,,0.6072582602500916,0.00017972849039948104
sft_esm3_mlp_combined_qwen3_8b_it_0306_010408,6060,0.6282071217540041,0.3854,1.4194,,0.5128024220466614,0.00017966269382236648
sft_esm3_mlp_combined_qwen3_8b_it_0306_010408,6070,0.6292437671694396,0.4686,1.496,,0.4979768991470337,0.00017959680272299964
sft_esm3_mlp_combined_qwen3_8b_it_0306_010408,6080,0.6302804125848753,0.3661,1.4625,,0.6472129225730896,0.00017953081717956234
sft_esm3_mlp_combined_qwen3_8b_it_0306_010408,6090,0.631317058000311,0.3477,1.5146,,0.5488554835319519,0.00017946473727034845
sft_esm3_mlp_combined_qwen3_8b_it_0306_010408,6100,0.6323537034157466,0.4074,1.4916,,0.5517231225967407,0.00017939856307376388
sft_esm3_mlp_combined_qwen3_8b_it_0306_010408,6110,0.6333903488311823,0.3854,1.3685,,0.5823243260383606,0.00017933229466832632
sft_esm3_mlp_combined_qwen3_8b_it_0306_010408,6120,0.634426994246618,0.3826,1.4691,,0.4855203330516815,0.00017926593213266528
sft_esm3_mlp_combined_qwen3_8b_it_0306_010408,6130,0.6354636396620535,0.4546,1.5152,,0.5565938353538513,0.00017919947554552196
sft_esm3_mlp_combined_qwen3_8b_it_0306_010408,6140,0.6365002850774892,0.3682,1.4132,,0.5856984257698059,0.00017913292498574922
sft_esm3_mlp_combined_qwen3_8b_it_0306_010408,6150,0.6375369304929249,0.3923,1.4915,,0.5221431255340576,0.0001790662805323113
sft_esm3_mlp_combined_qwen3_8b_it_0306_010408,6160,0.6385735759083605,0.4189,1.4251,,0.5459516644477844,0.00017899954226428393
sft_esm3_mlp_combined_qwen3_8b_it_0306_010408,6170,0.6396102213237962,0.4125,1.5098,,0.5234940052032471,0.0001789327102608541
sft_esm3_mlp_combined_qwen3_8b_it_0306_010408,6180,0.6406468667392319,0.4481,1.5172,,0.5471693277359009,0.00017886578460132011
sft_esm3_mlp_combined_qwen3_8b_it_0306_010408,6190,0.6416835121546675,0.3286,1.4072,,0.5147290825843811,0.00017879876536509127
sft_esm3_mlp_combined_qwen3_8b_it_0306_010408,6200,0.6427201575701031,0.419,1.5266,,0.51288902759552,0.000178731652631688
sft_esm3_mlp_combined_qwen3_8b_it_0306_010408,6210,0.6437568029855388,0.4052,1.444,,0.6607027649879456,0.00017866444648074166
sft_esm3_mlp_combined_qwen3_8b_it_0306_010408,6220,0.6447934484009744,0.3923,1.4479,,0.5119706988334656,0.00017859714699199438
sft_esm3_mlp_combined_qwen3_8b_it_0306_010408,6230,0.6458300938164101,0.4329,1.4678,,0.45441997051239014,0.0001785297542452991
sft_esm3_mlp_combined_qwen3_8b_it_0306_010408,6240,0.6468667392318458,0.366,1.4064,,0.5591163039207458,0.00017846226832061944
sft_esm3_mlp_combined_qwen3_8b_it_0306_010408,6250,0.6479033846472814,0.3546,1.4492,,0.49837061762809753,0.0001783946892980295
sft_esm3_mlp_combined_qwen3_8b_it_0306_010408,6250,0.6479033846472814,0.4724,,0.3820732533931732,,
sft_esm3_mlp_combined_qwen3_8b_it_0306_010408,6260,0.648940030062717,0.4452,1.4742,,0.5370898842811584,0.00017832701725771388
sft_esm3_mlp_combined_qwen3_8b_it_0306_010408,6270,0.6499766754781527,0.3428,1.4112,,0.5257253646850586,0.0001782592522799676
sft_esm3_mlp_combined_qwen3_8b_it_0306_010408,6280,0.6510133208935883,0.3804,1.4571,,0.4514904022216797,0.0001781913944451958
sft_esm3_mlp_combined_qwen3_8b_it_0306_010408,6290,0.652049966309024,0.4118,1.4452,,0.7319955825805664,0.000178123443833914
sft_esm3_mlp_combined_qwen3_8b_it_0306_010408,6300,0.6530866117244597,0.3755,1.4837,,0.4654780626296997,0.0001780554005267477
sft_esm3_mlp_combined_qwen3_8b_it_0306_010408,6310,0.6541232571398953,0.3967,1.4439,,0.5547196865081787,0.00017798726460443233
sft_esm3_mlp_combined_qwen3_8b_it_0306_010408,6320,0.655159902555331,0.3956,1.4274,,0.632162868976593,0.0001779190361478133
sft_esm3_mlp_combined_qwen3_8b_it_0306_010408,6330,0.6561965479707667,0.3822,1.4772,,0.5286613702774048,0.00017785071523784582
sft_esm3_mlp_combined_qwen3_8b_it_0306_010408,6340,0.6572331933862022,0.439,1.5308,,0.6229611039161682,0.00017778230195559472
sft_esm3_mlp_combined_qwen3_8b_it_0306_010408,6350,0.6582698388016379,0.3071,1.4139,,0.5613670349121094,0.00017771379638223452
sft_esm3_mlp_combined_qwen3_8b_it_0306_010408,6360,0.6593064842170735,0.4661,1.4745,,0.4835030436515808,0.00017764519859904914
sft_esm3_mlp_combined_qwen3_8b_it_0306_010408,6370,0.6603431296325092,0.3612,1.4458,,0.7305859923362732,0.000177576508687432
sft_esm3_mlp_combined_qwen3_8b_it_0306_010408,6380,0.6613797750479449,0.3683,1.4383,,0.5587407946586609,0.00017750772672888582
sft_esm3_mlp_combined_qwen3_8b_it_0306_010408,6390,0.6624164204633805,0.4612,1.5152,,0.50620037317276,0.00017743885280502254
sft_esm3_mlp_combined_qwen3_8b_it_0306_010408,6400,0.6634530658788161,0.368,1.4488,,0.5523916482925415,0.00017736988699756318
sft_esm3_mlp_combined_qwen3_8b_it_0306_010408,6410,0.6644897112942518,0.3594,1.4576,,0.47560733556747437,0.0001773008293883378
sft_esm3_mlp_combined_qwen3_8b_it_0306_010408,6420,0.6655263567096874,0.3851,1.4933,,0.5888247489929199,0.00017723168005928539
sft_esm3_mlp_combined_qwen3_8b_it_0306_010408,6430,0.6665630021251231,0.3697,1.372,,0.5492026805877686,0.00017716243909245377
sft_esm3_mlp_combined_qwen3_8b_it_0306_010408,6440,0.6675996475405588,0.4048,1.495,,0.5090485215187073,0.0001770931065699995
sft_esm3_mlp_combined_qwen3_8b_it_0306_010408,6450,0.6686362929559944,0.3627,1.474,,0.6836345791816711,0.00017702368257418777
sft_esm3_mlp_combined_qwen3_8b_it_0306_010408,6460,0.66967293837143,0.4119,1.4171,,0.4933173954486847,0.0001769541671873923
sft_esm3_mlp_combined_qwen3_8b_it_0306_010408,6470,0.6707095837868657,0.3875,1.5572,,0.5404702425003052,0.00017688456049209524
sft_esm3_mlp_combined_qwen3_8b_it_0306_010408,6480,0.6717462292023013,0.3814,1.4535,,0.6282719373703003,0.00017681486257088705
sft_esm3_mlp_combined_qwen3_8b_it_0306_010408,6490,0.672782874617737,0.404,1.4598,,0.5283654928207397,0.00017674507350646655
sft_esm3_mlp_combined_qwen3_8b_it_0306_010408,6500,0.6738195200331727,0.3915,1.5079,,0.6256105899810791,0.0001766751933816406
sft_esm3_mlp_combined_qwen3_8b_it_0306_010408,6500,0.6738195200331727,0.4245,,0.37943482398986816,,
sft_esm3_mlp_combined_qwen3_8b_it_0306_010408,6510,0.6748561654486083,0.3914,1.4045,,0.5599173307418823,0.00017660522227932408
sft_esm3_mlp_combined_qwen3_8b_it_0306_010408,6520,0.675892810864044,0.4464,1.5325,,0.49246057868003845,0.00017653516028253994
sft_esm3_mlp_combined_qwen3_8b_it_0306_010408,6530,0.6769294562794796,0.36,1.4138,,0.5695907473564148,0.00017646500747441884
sft_esm3_mlp_combined_qwen3_8b_it_0306_010408,6540,0.6779661016949152,0.4224,1.4519,,0.4950980842113495,0.00017639476393819929
sft_esm3_mlp_combined_qwen3_8b_it_0306_010408,6550,0.6790027471103509,0.4029,1.5398,,0.5765064358711243,0.00017632442975722742
sft_esm3_mlp_combined_qwen3_8b_it_0306_010408,6560,0.6800393925257866,0.3748,1.3861,,0.5637131333351135,0.00017625400501495694
sft_esm3_mlp_combined_qwen3_8b_it_0306_010408,6570,0.6810760379412222,0.3886,1.4989,,0.47087839245796204,0.00017618348979494896
sft_esm3_mlp_combined_qwen3_8b_it_0306_010408,6580,0.6821126833566579,0.4376,1.4579,,0.6129555702209473,0.00017611288418087196
sft_esm3_mlp_combined_qwen3_8b_it_0306_010408,6590,0.6831493287720936,0.3829,1.3794,,0.5090144872665405,0.00017604218825650173
sft_esm3_mlp_combined_qwen3_8b_it_0306_010408,6600,0.6841859741875291,0.367,1.5286,,0.5033524036407471,0.0001759714021057211
sft_esm3_mlp_combined_qwen3_8b_it_0306_010408,6610,0.6852226196029648,0.3805,1.4282,,0.6105337142944336,0.0001759005258125201
sft_esm3_mlp_combined_qwen3_8b_it_0306_010408,6620,0.6862592650184005,0.3616,1.4855,,0.5181137919425964,0.00017582955946099558
sft_esm3_mlp_combined_qwen3_8b_it_0306_010408,6630,0.6872959104338361,0.3515,1.5223,,0.5356408357620239,0.00017575850313535142
sft_esm3_mlp_combined_qwen3_8b_it_0306_010408,6640,0.6883325558492718,0.4043,1.3896,,0.5350277423858643,0.00017568735691989804
sft_esm3_mlp_combined_qwen3_8b_it_0306_010408,6650,0.6893692012647074,0.3859,1.5378,,0.4995739459991455,0.00017561612089905267
sft_esm3_mlp_combined_qwen3_8b_it_0306_010408,6660,0.690405846680143,0.484,1.4911,,0.6608572006225586,0.00017554479515733906
sft_esm3_mlp_combined_qwen3_8b_it_0306_010408,6670,0.6914424920955787,0.3405,1.3827,,0.5395162105560303,0.0001754733797793874
sft_esm3_mlp_combined_qwen3_8b_it_0306_010408,6680,0.6924791375110143,0.4397,1.4976,,0.49306631088256836,0.00017540187484993425
sft_esm3_mlp_combined_qwen3_8b_it_0306_010408,6690,0.69351578292645,0.3597,1.4284,,0.5871477723121643,0.0001753302804538224
sft_esm3_mlp_combined_qwen3_8b_it_0306_010408,6700,0.6945524283418857,0.3945,1.4466,,0.4918365776538849,0.00017525859667600084
sft_esm3_mlp_combined_qwen3_8b_it_0306_010408,6710,0.6955890737573213,0.4267,1.5324,,0.5928035974502563,0.00017518682360152463
sft_esm3_mlp_combined_qwen3_8b_it_0306_010408,6720,0.696625719172757,0.3418,1.3744,,0.5259472131729126,0.00017511496131555467
sft_esm3_mlp_combined_qwen3_8b_it_0306_010408,6730,0.6976623645881926,0.4389,1.4818,,0.5749549865722656,0.00017504300990335784
sft_esm3_mlp_combined_qwen3_8b_it_0306_010408,6740,0.6986990100036282,0.4375,1.5016,,0.7368844151496887,0.0001749709694503067
sft_esm3_mlp_combined_qwen3_8b_it_0306_010408,6750,0.6997356554190639,0.3876,1.3781,,0.5283634662628174,0.00017489884004187947
sft_esm3_mlp_combined_qwen3_8b_it_0306_010408,6750,0.6997356554190639,0.4567,,0.37749549746513367,,
sft_esm3_mlp_combined_qwen3_8b_it_0306_010408,6760,0.7007723008344996,0.4081,1.4887,,0.47917917370796204,0.00017482662176365995
sft_esm3_mlp_combined_qwen3_8b_it_0306_010408,6770,0.7018089462499352,0.3693,1.4541,,0.6337282061576843,0.00017475431470133734
sft_esm3_mlp_combined_qwen3_8b_it_0306_010408,6780,0.7028455916653709,0.4044,1.459,,0.5437795519828796,0.0001746819189407062
sft_esm3_mlp_combined_qwen3_8b_it_0306_010408,6790,0.7038822370808065,0.4086,1.519,,0.6563374996185303,0.00017460943456766635
sft_esm3_mlp_combined_qwen3_8b_it_0306_010408,6800,0.7049188824962421,0.3596,1.4147,,0.5650702714920044,0.00017453686166822276
sft_esm3_mlp_combined_qwen3_8b_it_0306_010408,6810,0.7059555279116778,0.4565,1.4559,,0.4869285821914673,0.00017446420032848542
sft_esm3_mlp_combined_qwen3_8b_it_0306_010408,6820,0.7069921733271135,0.3692,1.4709,,0.5903561115264893,0.00017439145063466923
sft_esm3_mlp_combined_qwen3_8b_it_0306_010408,6830,0.7080288187425491,0.3677,1.3981,,0.5056526064872742,0.000174318612673094
sft_esm3_mlp_combined_qwen3_8b_it_0306_010408,6840,0.7090654641579848,0.4514,1.5241,,0.5104149580001831,0.00017424568653018417
sft_esm3_mlp_combined_qwen3_8b_it_0306_010408,6850,0.7101021095734205,0.3191,1.413,,0.5996108651161194,0.0001741726722924689
sft_esm3_mlp_combined_qwen3_8b_it_0306_010408,6860,0.711138754988856,0.3699,1.4511,,0.5614352226257324,0.00017409957004658187
sft_esm3_mlp_combined_qwen3_8b_it_0306_010408,6870,0.7121754004042917,0.4435,1.5355,,0.6157987117767334,0.00017402637987926108
sft_esm3_mlp_combined_qwen3_8b_it_0306_010408,6880,0.7132120458197274,0.369,1.354,,0.4518046975135803,0.000173953101877349
sft_esm3_mlp_combined_qwen3_8b_it_0306_010408,6890,0.714248691235163,0.4093,1.4497,,0.49118199944496155,0.0001738797361277922
sft_esm3_mlp_combined_qwen3_8b_it_0306_010408,6900,0.7152853366505987,0.3394,1.4498,,0.5757914781570435,0.00017380628271764146
sft_esm3_mlp_combined_qwen3_8b_it_0306_010408,6910,0.7163219820660344,0.341,1.4426,,0.5463186502456665,0.00017373274173405147
sft_esm3_mlp_combined_qwen3_8b_it_0306_010408,6920,0.71735862748147,0.4154,1.5197,,0.5549689531326294,0.00017365911326428096
sft_esm3_mlp_combined_qwen3_8b_it_0306_010408,6930,0.7183952728969056,0.3471,1.3733,,0.6468015313148499,0.00017358539739569233
sft_esm3_mlp_combined_qwen3_8b_it_0306_010408,6940,0.7194319183123412,0.38,1.46,,0.5879062414169312,0.00017351159421575174
sft_esm3_mlp_combined_qwen3_8b_it_0306_010408,6950,0.7204685637277769,0.4352,1.5068,,0.5934736132621765,0.00017343770381202895
sft_esm3_mlp_combined_qwen3_8b_it_0306_010408,6960,0.7215052091432126,0.3663,1.3958,,0.5518680810928345,0.00017336372627219725
sft_esm3_mlp_combined_qwen3_8b_it_0306_010408,6970,0.7225418545586482,0.3924,1.5114,,0.5103850960731506,0.00017328966168403322
sft_esm3_mlp_combined_qwen3_8b_it_0306_010408,6980,0.7235784999740839,0.4338,1.4665,,0.6041204929351807,0.00017321551013541685
sft_esm3_mlp_combined_qwen3_8b_it_0306_010408,6990,0.7246151453895195,0.3647,1.4636,,0.48610424995422363,0.00017314127171433118
sft_esm3_mlp_combined_qwen3_8b_it_0306_010408,7000,0.7256517908049551,0.4425,1.5352,,0.5298511385917664,0.00017306694650886248
sft_esm3_mlp_combined_qwen3_8b_it_0306_010408,7000,0.7256517908049551,0.4663,,0.37444639205932617,,
sft_esm3_mlp_long_qwen3_8b_it_0305_105828,10,0.015015015015015015,4.3619,17.1102,,6.133896350860596,1.08e-05
sft_esm3_mlp_long_qwen3_8b_it_0305_105828,20,0.03003003003003003,4.0149,15.3386,,3.4862828254699707,2.2800000000000002e-05
sft_esm3_mlp_long_qwen3_8b_it_0305_105828,30,0.04504504504504504,3.6676,13.8983,,1.6516704559326172,3.48e-05
sft_esm3_mlp_long_qwen3_8b_it_0305_105828,40,0.06006006006006006,3.2649,12.6424,,1.5778833627700806,4.6800000000000006e-05
sft_esm3_mlp_long_qwen3_8b_it_0305_105828,50,0.07507507507507508,3.0294,11.4447,,1.6328413486480713,5.88e-05
sft_esm3_mlp_long_qwen3_8b_it_0305_105828,60,0.09009009009009009,2.7599,10.2605,,0.9548906087875366,7.08e-05
sft_esm3_mlp_long_qwen3_8b_it_0305_105828,70,0.10510510510510511,2.7169,9.9397,,1.4212132692337036,8.28e-05
sft_esm3_mlp_long_qwen3_8b_it_0305_105828,80,0.12012012012012012,2.6514,9.4636,,2.4329864978790283,9.48e-05
sft_esm3_mlp_long_qwen3_8b_it_0305_105828,90,0.13513513513513514,2.5399,8.9866,,1.5153454542160034,0.00010680000000000001
sft_esm3_mlp_long_qwen3_8b_it_0305_105828,100,0.15015015015015015,2.3651,8.7042,,1.2228355407714844,0.0001188
sft_esm3_mlp_long_qwen3_8b_it_0305_105828,110,0.16516516516516516,2.5067,8.4926,,0.7744004130363464,0.00011999884762436604
sft_esm3_mlp_long_qwen3_8b_it_0305_105828,120,0.18018018018018017,2.421,8.5687,,0.6363680362701416,0.00011999486416048643
sft_esm3_mlp_long_qwen3_8b_it_0305_105828,130,0.19519519519519518,2.2501,8.4315,,0.674889326095581,0.00011998803557036365
sft_esm3_mlp_long_qwen3_8b_it_0305_105828,140,0.21021021021021022,2.3835,8.158,,0.7283041477203369,0.00011997836217782874
sft_esm3_mlp_long_qwen3_8b_it_0305_105828,150,0.22522522522522523,2.4867,8.5773,,0.6266932487487793,0.00011996584444162139
sft_esm3_mlp_long_qwen3_8b_it_0305_105828,160,0.24024024024024024,2.5667,8.6699,,1.1960142850875854,0.00011995048295536804
sft_esm3_mlp_long_qwen3_8b_it_0305_105828,170,0.2552552552552553,2.3166,8.3981,,1.2345938682556152,0.00011993227844755388
sft_esm3_mlp_long_qwen3_8b_it_0305_105828,180,0.2702702702702703,2.229,7.9648,,0.8006051778793335,0.00011991123178148815
sft_esm3_mlp_long_qwen3_8b_it_0305_105828,190,0.2852852852852853,2.244,8.046,,0.5992076992988586,0.00011988734395526335
sft_esm3_mlp_long_qwen3_8b_it_0305_105828,200,0.3003003003003003,2.345,8.2855,,0.517997682094574,0.00011986061610170777
sft_esm3_mlp_long_qwen3_8b_it_0305_105828,210,0.3153153153153153,2.2624,8.143,,0.5773324966430664,0.00011983104948833189
sft_esm3_mlp_long_qwen3_8b_it_0305_105828,220,0.3303303303303303,2.3909,8.0897,,0.5238652229309082,0.00011979864551726817
sft_esm3_mlp_long_qwen3_8b_it_0305_105828,230,0.34534534534534533,2.3098,7.9864,,0.6664164662361145,0.00011976340572520464
sft_esm3_mlp_long_qwen3_8b_it_0305_105828,240,0.36036036036036034,2.3025,7.9589,,0.6312411427497864,0.00011972533178331196
sft_esm3_mlp_long_qwen3_8b_it_0305_105828,250,0.37537537537537535,2.3001,8.0691,,0.6796557307243347,0.00011968442549716421
sft_esm3_mlp_long_qwen3_8b_it_0305_105828,250,0.37537537537537535,2.5576,,2.123619556427002,,
sft_esm3_mlp_long_qwen3_8b_it_0305_105828,260,0.39039039039039036,2.2299,7.9445,,0.7284091114997864,0.00011964068880665321
sft_esm3_mlp_long_qwen3_8b_it_0305_105828,270,0.40540540540540543,2.2991,7.9205,,0.9354302287101746,0.00011959412378589663
sft_esm3_mlp_long_qwen3_8b_it_0305_105828,280,0.42042042042042044,2.5229,8.5796,,0.949126660823822,0.00011954473264313955
sft_esm3_mlp_long_qwen3_8b_it_0305_105828,290,0.43543543543543545,2.3226,8.3695,,1.1898925304412842,0.00011949251772064969
sft_esm3_mlp_long_qwen3_8b_it_0305_105828,300,0.45045045045045046,2.3158,8.1139,,1.403072714805603,0.00011943748149460648
sft_esm3_mlp_long_qwen3_8b_it_0305_105828,310,0.46546546546546547,2.3682,8.1928,,1.5709595680236816,0.00011937962657498348
sft_esm3_mlp_long_qwen3_8b_it_0305_105828,320,0.4804804804804805,2.3695,8.0358,,0.7937243580818176,0.00011931895570542474
sft_esm3_mlp_long_qwen3_8b_it_0305_105828,330,0.4954954954954955,2.2365,8.1686,,0.8797125816345215,0.00011925547176311454
sft_esm3_mlp_long_qwen3_8b_it_0305_105828,340,0.5105105105105106,2.2062,7.9007,,0.9397146701812744,0.00011918917775864114
sft_esm3_mlp_long_qwen3_8b_it_0305_105828,350,0.5255255255255256,2.2547,7.9134,,0.8550708889961243,0.00011912007683585384
sft_esm3_mlp_long_qwen3_8b_it_0305_105828,360,0.5405405405405406,2.3062,7.9953,,1.328550100326538,0.0001190481722717139
sft_esm3_mlp_long_qwen3_8b_it_0305_105828,370,0.5555555555555556,2.2807,7.956,,1.1879997253417969,0.00011897346747613929
sft_esm3_mlp_long_qwen3_8b_it_0305_105828,380,0.5705705705705706,2.2119,7.7798,,1.2384679317474365,0.00011889596599184282
sft_esm3_mlp_long_qwen3_8b_it_0305_105828,390,0.5855855855855856,2.1964,7.8385,,0.9984549880027771,0.00011881567149416418
sft_esm3_mlp_long_qwen3_8b_it_0305_105828,400,0.6006006006006006,2.3319,7.79,,0.8191725015640259,0.00011873258779089572
sft_esm3_mlp_long_qwen3_8b_it_0305_105828,410,0.6156156156156156,2.232,7.7665,,1.002458930015564,0.00011864671882210174
sft_esm3_mlp_long_qwen3_8b_it_0305_105828,420,0.6306306306306306,2.4403,8.3489,,1.568616509437561,0.00011855806865993178
sft_esm3_mlp_long_qwen3_8b_it_0305_105828,430,0.6456456456456456,2.1866,7.896,,2.091935634613037,0.00011846664150842738
sft_esm3_mlp_long_qwen3_8b_it_0305_105828,440,0.6606606606606606,2.2474,7.9984,,2.825479507446289,0.00011837244170332281
sft_esm3_mlp_long_qwen3_8b_it_0305_105828,450,0.6756756756756757,2.2225,8.1395,,1.0012598037719727,0.00011827547371183942
sft_esm3_mlp_long_qwen3_8b_it_0305_105828,460,0.6906906906906907,2.3088,8.1097,,1.466649055480957,0.00011817574213247377
sft_esm3_mlp_long_qwen3_8b_it_0305_105828,470,0.7057057057057057,2.2028,8.1117,,1.550134301185608,0.00011807325169477963
sft_esm3_mlp_long_qwen3_8b_it_0305_105828,480,0.7207207207207207,2.0392,7.5428,,0.8730853199958801,0.00011796800725914357
sft_esm3_mlp_long_qwen3_8b_it_0305_105828,490,0.7357357357357357,2.3199,7.7622,,1.430877923965454,0.00011786001381655456
sft_esm3_mlp_long_qwen3_8b_it_0305_105828,500,0.7507507507507507,2.3373,7.7079,,1.165555715560913,0.00011774927648836729
sft_esm3_mlp_long_qwen3_8b_it_0305_105828,500,0.7507507507507507,2.4876,,2.0457255840301514,,
sft_esm3_mlp_long_qwen3_8b_it_0305_105828,510,0.7657657657657657,2.0766,7.8843,,0.9299368262290955,0.00011763580052605923
sft_esm3_mlp_long_qwen3_8b_it_0305_105828,520,0.7807807807807807,2.3347,7.7737,,1.2177554368972778,0.00011751959131098168
sft_esm3_mlp_long_qwen3_8b_it_0305_105828,530,0.7957957957957958,2.2479,7.6548,,0.9330973625183105,0.00011740065435410444
sft_esm3_mlp_long_qwen3_8b_it_0305_105828,540,0.8108108108108109,2.2525,7.7135,,1.020809292793274,0.00011727899529575464
sft_esm3_mlp_long_qwen3_8b_it_0305_105828,550,0.8258258258258259,2.2104,7.9174,,1.1802643537521362,0.0001171546199053491
sft_esm3_mlp_long_qwen3_8b_it_0305_105828,560,0.8408408408408409,2.2382,7.8809,,1.9091914892196655,0.0001170275340811208
sft_esm3_mlp_long_qwen3_8b_it_0305_105828,570,0.8558558558558559,2.3345,7.7789,,3.3833112716674805,0.00011689774384983919
sft_esm3_mlp_long_qwen3_8b_it_0305_105828,580,0.8708708708708709,2.3426,8.0779,,1.7524940967559814,0.00011676525536652438
sft_esm3_mlp_long_qwen3_8b_it_0305_105828,590,0.8858858858858859,2.3398,7.7391,,1.2991293668746948,0.0001166300749141551
sft_esm3_mlp_long_qwen3_8b_it_0305_105828,600,0.9009009009009009,2.0874,7.7922,,1.70900297164917,0.00011649220890337106
sft_esm3_mlp_long_qwen3_8b_it_0305_105828,610,0.9159159159159159,2.1745,7.7222,,1.5516135692596436,0.0001163516638721686
sft_esm3_mlp_long_qwen3_8b_it_0305_105828,620,0.9309309309309309,2.249,7.5594,,1.4890812635421753,0.00011620844648559083
sft_esm3_mlp_long_qwen3_8b_it_0305_105828,630,0.9459459459459459,2.1469,7.7429,,1.5957744121551514,0.00011606256353541153
sft_esm3_mlp_long_qwen3_8b_it_0305_105828,640,1.003003003003003,2.1601,8.4726,,1.4340827465057373,0.00011591402193981307
sft_esm3_mlp_long_qwen3_8b_it_0305_105828,650,1.018018018018018,2.1834,7.7299,,1.5783965587615967,0.00011576282874305828
sft_esm3_mlp_long_qwen3_8b_it_0305_105828,660,1.033033033033033,2.2719,7.6129,,1.292288064956665,0.0001156089911151564
sft_esm3_mlp_long_qwen3_8b_it_0305_105828,670,1.048048048048048,2.1596,7.5966,,1.334160327911377,0.00011545251635152311
sft_esm3_mlp_long_qwen3_8b_it_0305_105828,680,1.063063063063063,2.1048,7.7413,,1.8998069763183594,0.00011529341187263454
sft_esm3_mlp_long_qwen3_8b_it_0305_105828,690,1.078078078078078,2.0922,7.8181,,1.3686050176620483,0.00011513168522367532
sft_esm3_mlp_long_qwen3_8b_it_0305_105828,700,1.093093093093093,2.1223,7.4933,,1.3105227947235107,0.00011496734407418085
sft_esm3_mlp_long_qwen3_8b_it_0305_105828,710,1.1081081081081081,2.1317,7.5537,,1.3969305753707886,0.00011480039621767351
sft_esm3_mlp_long_qwen3_8b_it_0305_105828,720,1.1231231231231231,2.2039,7.5269,,1.324567437171936,0.00011463084957129312
sft_esm3_mlp_long_qwen3_8b_it_0305_105828,730,1.1381381381381381,2.1646,7.5582,,1.0379929542541504,0.00011445871217542147
sft_esm3_mlp_long_qwen3_8b_it_0305_105828,740,1.1531531531531531,2.2661,8.0008,,2.1917507648468018,0.00011428399219330099
sft_esm3_mlp_long_qwen3_8b_it_0305_105828,750,1.1681681681681682,2.2815,7.8546,,4.499794006347656,0.00011410669791064774
sft_esm3_mlp_long_qwen3_8b_it_0305_105828,750,1.1681681681681682,2.52,,1.9779852628707886,,
sft_esm3_mlp_long_qwen3_8b_it_0305_105828,760,1.1831831831831832,2.2191,7.9195,,2.392713785171509,0.0001139268377352583
sft_esm3_mlp_long_qwen3_8b_it_0305_105828,770,1.1981981981981982,1.9907,7.6283,,2.068277359008789,0.00011374442019661122
sft_esm3_mlp_long_qwen3_8b_it_0305_105828,780,1.2132132132132132,2.2372,7.4958,,1.8024064302444458,0.00011355945394546238
sft_esm3_mlp_long_qwen3_8b_it_0305_105828,790,1.2282282282282282,2.1287,7.5405,,1.3839114904403687,0.00011337194775343489
sft_esm3_mlp_long_qwen3_8b_it_0305_105828,800,1.2432432432432432,2.286,7.6856,,1.2123514413833618,0.00011318191051260302
sft_esm3_mlp_long_qwen3_8b_it_0305_105828,810,1.2582582582582582,2.0717,7.5768,,1.1752268075942993,0.00011298935123507053
sft_esm3_mlp_long_qwen3_8b_it_0305_105828,820,1.2732732732732732,2.0289,7.2296,,1.691365361213684,0.0001127942790525433
sft_esm3_mlp_long_qwen3_8b_it_0305_105828,830,1.2882882882882882,2.0457,7.4075,,1.5033870935440063,0.00011259670321589626
sft_esm3_mlp_long_qwen3_8b_it_0305_105828,840,1.3033033033033032,2.1068,7.5248,,0.9400403499603271,0.00011239663309473474
sft_esm3_mlp_long_qwen3_8b_it_0305_105828,850,1.3183183183183182,2.1419,7.5755,,1.1894336938858032,0.00011219407817695008
sft_esm3_mlp_long_qwen3_8b_it_0305_105828,860,1.3333333333333333,2.152,7.4481,,1.1007084846496582,0.00011198904806826972
sft_esm3_mlp_long_qwen3_8b_it_0305_105828,870,1.3483483483483483,2.3173,7.7206,,2.5207040309906006,0.0001117815524918016
sft_esm3_mlp_long_qwen3_8b_it_0305_105828,880,1.3633633633633635,2.2131,7.7508,,5.162152290344238,0.00011157160128757322
sft_esm3_mlp_long_qwen3_8b_it_0305_105828,890,1.3783783783783785,2.1055,7.5396,,2.9911389350891113,0.0001113592044120648
sft_esm3_mlp_long_qwen3_8b_it_0305_105828,900,1.3933933933933935,2.0656,7.4403,,1.9631426334381104,0.00011114437193773733
sft_esm3_mlp_long_qwen3_8b_it_0305_105828,910,1.4084084084084085,2.257,7.504,,1.8580774068832397,0.00011092711405255461
sft_esm3_mlp_long_qwen3_8b_it_0305_105828,920,1.4234234234234235,2.2602,7.7502,,1.3859925270080566,0.00011070744105950048
sft_esm3_mlp_long_qwen3_8b_it_0305_105828,930,1.4384384384384385,2.0001,7.5324,,1.4621526002883911,0.00011048536337608988
sft_esm3_mlp_long_qwen3_8b_it_0305_105828,940,1.4534534534534536,2.1007,7.4519,,1.4318166971206665,0.00011026089153387508
sft_esm3_mlp_long_qwen3_8b_it_0305_105828,950,1.4684684684684686,2.1538,7.5218,,1.4317216873168945,0.00011003403617794608
sft_esm3_mlp_long_qwen3_8b_it_0305_105828,960,1.4834834834834836,2.2539,7.4379,,1.2648615837097168,0.00010980480806642583
sft_esm3_mlp_long_qwen3_8b_it_0305_105828,970,1.4984984984984986,2.0569,7.5444,,1.2822269201278687,0.00010957321806996011
sft_esm3_mlp_long_qwen3_8b_it_0305_105828,980,1.5135135135135136,2.0765,7.4839,,1.3833332061767578,0.00010933927717120196
sft_esm3_mlp_long_qwen3_8b_it_0305_105828,990,1.5285285285285286,2.1182,7.3665,,1.0393943786621094,0.00010910299646429083
sft_esm3_mlp_long_qwen3_8b_it_0305_105828,1000,1.5435435435435436,2.201,7.6104,,1.6413121223449707,0.00010886438715432655
sft_esm3_mlp_long_qwen3_8b_it_0305_105828,1000,1.5435435435435436,2.4058,,1.9543026685714722,,
sft_esm3_mlp_long_qwen3_8b_it_0305_105828,1010,1.5585585585585586,2.2719,7.7597,,3.3079662322998047,0.00010862346055683779
sft_esm3_mlp_long_qwen3_8b_it_0305_105828,1020,1.5735735735735736,2.0405,7.235,,2.9038891792297363,0.00010838022809724568
sft_esm3_mlp_long_qwen3_8b_it_0305_105828,1030,1.5885885885885886,2.0745,7.4143,,3.2706382274627686,0.00010813470131032178
sft_esm3_mlp_long_qwen3_8b_it_0305_105828,1040,1.6036036036036037,2.2178,7.5889,,1.916338562965393,0.00010788689183964116
sft_esm3_mlp_long_qwen3_8b_it_0305_105828,1050,1.6186186186186187,2.2062,7.4223,,1.4939017295837402,0.00010763681143703024
sft_esm3_mlp_long_qwen3_8b_it_0305_105828,1060,1.6336336336336337,2.0959,7.5912,,1.7558836936950684,0.00010738447196200942
sft_esm3_mlp_long_qwen3_8b_it_0305_105828,1070,1.6486486486486487,2.0087,7.2665,,1.6433929204940796,0.00010712988538123069
sft_esm3_mlp_long_qwen3_8b_it_0305_105828,1080,1.6636636636636637,2.058,7.3545,,1.269423484802246,0.00010687306376791026
sft_esm3_mlp_long_qwen3_8b_it_0305_105828,1090,1.6786786786786787,2.0495,7.5801,,1.4938057661056519,0.00010661401930125576
sft_esm3_mlp_long_qwen3_8b_it_0305_105828,1100,1.6936936936936937,2.0988,7.5504,,1.5988322496414185,0.00010635276426588894
sft_esm3_mlp_long_qwen3_8b_it_0305_105828,1110,1.7087087087087087,2.0912,7.6935,,1.3702020645141602,0.0001060893110512629
sft_esm3_mlp_long_qwen3_8b_it_0305_105828,1120,1.7237237237237237,1.97,7.1352,,1.166279911994934,0.00010582367215107467
sft_esm3_mlp_long_qwen3_8b_it_0305_105828,1130,1.7387387387387387,2.2289,7.4539,,1.8220330476760864,0.00010555586016267262
sft_esm3_mlp_long_qwen3_8b_it_0305_105828,1140,1.7537537537537538,2.2931,7.6545,,3.2413747310638428,0.00010528588778645918
sft_esm3_mlp_long_qwen3_8b_it_0305_105828,1150,1.7687687687687688,1.9157,7.4988,,3.245962381362915,0.00010501376782528844
sft_esm3_mlp_long_qwen3_8b_it_0305_105828,1160,1.7837837837837838,2.2845,7.4152,,4.074624538421631,0.00010473951318385903
sft_esm3_mlp_long_qwen3_8b_it_0305_105828,1170,1.7987987987987988,2.1661,7.4564,,2.4838976860046387,0.00010446313686810221
sft_esm3_mlp_long_qwen3_8b_it_0305_105828,1180,1.8138138138138138,2.1928,7.4498,,1.6566747426986694,0.00010418465198456499
sft_esm3_mlp_long_qwen3_8b_it_0305_105828,1190,1.8288288288288288,2.022,7.4188,,1.6035475730895996,0.00010390407173978868
sft_esm3_mlp_long_qwen3_8b_it_0305_105828,1200,1.8438438438438438,2.0252,7.1374,,1.5067477226257324,0.00010362140943968252
sft_esm3_mlp_long_qwen3_8b_it_0305_105828,1210,1.8588588588588588,2.1737,7.29,,1.5809352397918701,0.0001033366784888927
sft_esm3_mlp_long_qwen3_8b_it_0305_105828,1220,1.8738738738738738,2.2093,7.5665,,1.4124815464019775,0.00010304989239016671
sft_esm3_mlp_long_qwen3_8b_it_0305_105828,1230,1.8888888888888888,2.206,7.293,,1.9284722805023193,0.00010276106474371294
sft_esm3_mlp_long_qwen3_8b_it_0305_105828,1240,1.9039039039039038,1.9818,7.4961,,2.0126359462738037,0.00010247020924655575
sft_esm3_mlp_long_qwen3_8b_it_0305_105828,1250,1.9189189189189189,2.0928,7.2719,,1.3217151165008545,0.00010217733969188596
sft_esm3_mlp_long_qwen3_8b_it_0305_105828,1250,1.9189189189189189,2.3782,,1.9215319156646729,,
sft_esm3_mlp_long_qwen3_8b_it_0305_105828,1260,1.9339339339339339,2.1714,7.2498,,1.2401114702224731,0.00010188246996840666
sft_esm3_mlp_long_qwen3_8b_it_0305_105828,1270,1.9489489489489489,2.1292,7.7557,,2.3215012550354004,0.00010158561405967462
sft_esm3_mlp_long_qwen3_8b_it_0305_105828,1280,2.006006006006006,1.9795,7.8782,,1.2411056756973267,0.00010128678604343708
sft_esm3_mlp_long_qwen3_8b_it_0305_105828,1290,2.021021021021021,2.0719,7.3428,,1.287179708480835,0.00010098600009096433
sft_esm3_mlp_long_qwen3_8b_it_0305_105828,1300,2.036036036036036,2.1862,7.3371,,1.1925708055496216,0.00010068327046637741
sft_esm3_mlp_long_qwen3_8b_it_0305_105828,1310,2.051051051051051,2.1266,7.4281,,1.869258165359497,0.00010037861152597185
sft_esm3_mlp_long_qwen3_8b_it_0305_105828,1320,2.066066066066066,2.0347,7.667,,2.5322911739349365,0.00010007203771753679
sft_esm3_mlp_long_qwen3_8b_it_0305_105828,1330,2.081081081081081,2.0936,7.4465,,2.219357490539551,9.97635635796698e-05
sft_esm3_mlp_long_qwen3_8b_it_0305_105828,1340,2.096096096096096,2.0846,7.6268,,4.533382415771484,9.94532037410875e-05
sft_esm3_mlp_long_qwen3_8b_it_0305_105828,1350,2.111111111111111,2.0895,7.4169,,3.0093493461608887,9.914097291993174e-05
sft_esm3_mlp_long_qwen3_8b_it_0305_105828,1360,2.126126126126126,2.1687,7.3232,,2.1915972232818604,9.882688592307168e-05
sft_esm3_mlp_long_qwen3_8b_it_0305_105828,1370,2.141141141141141,2.0284,7.2557,,2.3508877754211426,9.851095764540158e-05
sft_esm3_mlp_long_qwen3_8b_it_0305_105828,1380,2.156156156156156,2.0823,7.2967,,1.5066630840301514,9.81932030691344e-05
sft_esm3_mlp_long_qwen3_8b_it_0305_105828,1390,2.171171171171171,2.1211,7.4874,,1.592829704284668,9.787363726309141e-05
sft_esm3_mlp_long_qwen3_8b_it_0305_105828,1400,2.186186186186186,2.0888,7.4008,,1.9252794981002808,9.755227538198751e-05
sft_esm3_mlp_long_qwen3_8b_it_0305_105828,1410,2.201201201201201,1.9391,7.2658,,1.3010739088058472,9.722913266571256e-05
sft_esm3_mlp_long_qwen3_8b_it_0305_105828,1420,2.2162162162162162,2.1353,7.2659,,1.3482493162155151,9.690422443860861e-05
sft_esm3_mlp_long_qwen3_8b_it_0305_105828,1430,2.2312312312312312,2.0419,7.1766,,1.2300275564193726,9.657756610874333e-05
sft_esm3_mlp_long_qwen3_8b_it_0305_105828,1440,2.2462462462462462,2.2263,7.6024,,1.557881236076355,9.624917316717914e-05
sft_esm3_mlp_long_qwen3_8b_it_0305_105828,1450,2.2612612612612613,2.0202,7.3163,,1.9713106155395508,9.591906118723864e-05
sft_esm3_mlp_long_qwen3_8b_it_0305_105828,1460,2.2762762762762763,2.0161,7.2917,,3.219025135040283,9.55872458237662e-05
sft_esm3_mlp_long_qwen3_8b_it_0305_105828,1470,2.2912912912912913,2.083,7.4107,,3.243852138519287,9.525374281238534e-05
sft_esm3_mlp_long_qwen3_8b_it_0305_105828,1480,2.3063063063063063,2.0345,7.4024,,2.0492796897888184,9.491856796875268e-05
sft_esm3_mlp_long_qwen3_8b_it_0305_105828,1490,2.3213213213213213,2.1402,7.3791,,2.8560798168182373,9.458173718780785e-05
sft_esm3_mlp_long_qwen3_8b_it_0305_105828,1500,2.3363363363363363,2.0022,7.1663,,2.2494115829467773,9.42432664430197e-05
sft_esm3_mlp_long_qwen3_8b_it_0305_105828,1500,2.3363363363363363,2.2821,,1.907511830329895,,
